image_id,filename,split,image_path,semantic_mask_path,overall_mask_path,width,height,total_objects,raw_width,raw_height,exif_orientation,camera_make,camera_model,datetime_original,raw_bytes,release_bytes,raw_sha256,release_sha256,overall_mask_pixels,union_mismatch_pixels,overlap_pixels,source_mask_ambiguous_pixels,brightness_mean,brightness_std,sharpness_laplacian_var,saturation_mean,green_immature_objects,green_immature_mask_path,green_immature_mask_pixels,green_immature_component_count,green_immature_coverage_percent,pale_pink_objects,pale_pink_mask_path,pale_pink_mask_pixels,pale_pink_component_count,pale_pink_coverage_percent,pink_turns_purple_objects,pink_turns_purple_mask_path,pink_turns_purple_mask_pixels,pink_turns_purple_component_count,pink_turns_purple_coverage_percent,fully_ripe_objects,fully_ripe_mask_path,fully_ripe_mask_pixels,fully_ripe_component_count,fully_ripe_coverage_percent,over_ripe_objects,over_ripe_mask_path,over_ripe_mask_pixels,over_ripe_component_count,over_ripe_coverage_percent
20260430_105255,20260430_105255.jpg,train,dataset/images/20260430_105255.jpg,dataset/masks_semantic/20260430_105255.png,dataset/masks_overall/20260430_105255.png,3000,4000,51,4000,3000,6,samsung,Galaxy S24 Ultra,2026:04:30 10:52:55,3503770,3512373,effea0aedff5e9e9b8951a741d0d39bacfd107ca86734b20d11afbf839c54dbd,ad2d27e2186cc1ab3020865f846987ee868b9925e12c3700cf850087e8017549,415706,13,0,97233,116.00762939453125,61.17938995361328,1085.7401123046875,83.67024993896484,37,dataset/masks_binary/green_immature/20260430_105255.png,217137,38,1.809475,1,dataset/masks_binary/pale_pink/20260430_105255.png,24898,1,0.20748333333333335,4,dataset/masks_binary/pink_turns_purple/20260430_105255.png,72440,4,0.6036666666666667,9,dataset/masks_binary/fully_ripe/20260430_105255.png,101232,10,0.8436000000000001,0,dataset/masks_binary/over_ripe/20260430_105255.png,0,0,0.0
20260430_105303,20260430_105303.jpg,val,dataset/images/20260430_105303.jpg,dataset/masks_semantic/20260430_105303.png,dataset/masks_overall/20260430_105303.png,3000,4000,16,4000,3000,6,samsung,Galaxy S24 Ultra,2026:04:30 10:53:03,3325621,3255319,cfe15cb67e148516c616167ee59b3ca703ab2eb99bdb2dc52b7b1a9fae21417e,3d44db9afc319e6a1a8a9bce346fb4d8826018b41b665efd175a7a9713034ad0,121523,0,0,33468,105.0835952758789,57.81059265136719,482.6709899902344,114.46724700927734,12,dataset/masks_binary/green_immature/20260430_105303.png,90055,12,0.7504583333333333,0,dataset/masks_binary/pale_pink/20260430_105303.png,0,0,0.0,1,dataset/masks_binary/pink_turns_purple/20260430_105303.png,15841,1,0.13200833333333334,3,dataset/masks_binary/fully_ripe/20260430_105303.png,15627,3,0.130225,0,dataset/masks_binary/over_ripe/20260430_105303.png,0,0,0.0
20260430_105310,20260430_105310.jpg,val,dataset/images/20260430_105310.jpg,dataset/masks_semantic/20260430_105310.png,dataset/masks_overall/20260430_105310.png,3000,4000,25,4000,3000,6,samsung,Galaxy S24 Ultra,2026:04:30 10:53:10,3400411,3357969,e0053cf2ea4b44b14dd677a418e12af664af1026f90724a531293a25e0b50ae4,34de0d7a91e698c3267dc5ad0046522944089643ed50fda81f6e1158219eb06f,724001,17,0,99987,113.47386932373047,51.57040786743164,565.6843872070312,133.49493408203125,15,dataset/masks_binary/green_immature/20260430_105310.png,412657,15,3.4388083333333332,0,dataset/masks_binary/pale_pink/20260430_105310.png,0,0,0.0,4,dataset/masks_binary/pink_turns_purple/20260430_105310.png,138184,4,1.1515333333333333,6,dataset/masks_binary/fully_ripe/20260430_105310.png,173177,6,1.4431416666666668,0,dataset/masks_binary/over_ripe/20260430_105310.png,0,0,0.0
20260430_105327,20260430_105327.jpg,train,dataset/images/20260430_105327.jpg,dataset/masks_semantic/20260430_105327.png,dataset/masks_overall/20260430_105327.png,3000,4000,29,4000,3000,6,samsung,Galaxy S24 Ultra,2026:04:30 10:53:26,3219408,3187156,63a02f545ebe7a27123b64097d4b9f390b93add64061092e08a25b6de662cd62,18d55f29b0438881425a13b3692fc246faf516b962ef6d8c2ae0d45f328844b6,638089,1,0,90409,116.508056640625,58.264610290527344,669.5077514648438,113.9661865234375,6,dataset/masks_binary/green_immature/20260430_105327.png,57659,6,0.48049166666666665,1,dataset/masks_binary/pale_pink/20260430_105327.png,15090,1,0.12575,0,dataset/masks_binary/pink_turns_purple/20260430_105327.png,0,0,0.0,22,dataset/masks_binary/fully_ripe/20260430_105327.png,565341,24,4.711175,0,dataset/masks_binary/over_ripe/20260430_105327.png,0,0,0.0
20260430_105336,20260430_105336.jpg,train,dataset/images/20260430_105336.jpg,dataset/masks_semantic/20260430_105336.png,dataset/masks_overall/20260430_105336.png,3000,4000,28,4000,3000,6,samsung,Galaxy S24 Ultra,2026:04:30 10:53:35,3124191,2979498,97164910a0110f2d92425f4001fc70ca7a617eed2ad5b12044556ebb81c829aa,09add96098ac32be182ae4be25ee3fc97c2d5b5592c4b422bb85a29bdcc90614,905314,6,0,105987,107.7889404296875,55.43655776977539,307.9867248535156,124.58890533447266,16,dataset/masks_binary/green_immature/20260430_105336.png,434105,16,3.617541666666667,1,dataset/masks_binary/pale_pink/20260430_105336.png,80280,1,0.6689999999999999,0,dataset/masks_binary/pink_turns_purple/20260430_105336.png,0,0,0.0,11,dataset/masks_binary/fully_ripe/20260430_105336.png,390935,12,3.2577916666666664,0,dataset/masks_binary/over_ripe/20260430_105336.png,0,0,0.0
20260430_105341,20260430_105341.jpg,val,dataset/images/20260430_105341.jpg,dataset/masks_semantic/20260430_105341.png,dataset/masks_overall/20260430_105341.png,3000,4000,9,4000,3000,6,samsung,Galaxy S24 Ultra,2026:04:30 10:53:41,3346958,3226251,24afb857da5d4bf33700988bef82191924d20305683418ca0c700296dfb5f491,7513f7ce886f0debcd6f39e6b81c52e9fe715463900aa6eeb261ae6891b0b347,623676,0,0,57493,111.0359115600586,44.01482009887695,278.3930358886719,161.97010803222656,4,dataset/masks_binary/green_immature/20260430_105341.png,169873,4,1.4156083333333334,2,dataset/masks_binary/pale_pink/20260430_105341.png,208329,2,1.736075,0,dataset/masks_binary/pink_turns_purple/20260430_105341.png,0,0,0.0,3,dataset/masks_binary/fully_ripe/20260430_105341.png,245474,3,2.0456166666666666,0,dataset/masks_binary/over_ripe/20260430_105341.png,0,0,0.0
20260430_105347,20260430_105347.jpg,train,dataset/images/20260430_105347.jpg,dataset/masks_semantic/20260430_105347.png,dataset/masks_overall/20260430_105347.png,3000,4000,51,4000,3000,6,samsung,Galaxy S24 Ultra,2026:04:30 10:53:47,4344307,4491474,e5de8cbbd184df64566bf37b404efa4f6dc219ac2ff30a451ebbf4de114081f3,8aa52a1775e61b50ef22a3cf0b39aa096c057cccc21486a9966570c039bb89b3,282576,0,0,75804,106.43025970458984,53.041656494140625,3454.909912109375,145.37718200683594,46,dataset/masks_binary/green_immature/20260430_105347.png,238949,51,1.9912416666666666,3,dataset/masks_binary/pale_pink/20260430_105347.png,37744,3,0.31453333333333333,0,dataset/masks_binary/pink_turns_purple/20260430_105347.png,0,0,0.0,2,dataset/masks_binary/fully_ripe/20260430_105347.png,5883,2,0.049025,0,dataset/masks_binary/over_ripe/20260430_105347.png,0,0,0.0
20260430_105410,20260430_105410.jpg,test,dataset/images/20260430_105410.jpg,dataset/masks_semantic/20260430_105410.png,dataset/masks_overall/20260430_105410.png,4000,3000,112,4000,3000,1,samsung,Galaxy S24 Ultra,2026:04:30 10:54:10,3973680,4223151,29ca93922c0aa6577491f04c9fb7783640085f8cfc31d08e4f5cbe6be4e47578,a1b08a8ae00e390abc61a277a2f9702fa4e7e38cd913b075d11900f276f118eb,417726,3,0,141777,108.70355224609375,55.95014953613281,2455.87060546875,108.96399688720703,80,dataset/masks_binary/green_immature/20260430_105410.png,268169,81,2.234741666666667,1,dataset/masks_binary/pale_pink/20260430_105410.png,3810,1,0.03175,0,dataset/masks_binary/pink_turns_purple/20260430_105410.png,0,0,0.0,31,dataset/masks_binary/fully_ripe/20260430_105410.png,145748,35,1.2145666666666668,0,dataset/masks_binary/over_ripe/20260430_105410.png,0,0,0.0
20260430_105421,20260430_105421.jpg,train,dataset/images/20260430_105421.jpg,dataset/masks_semantic/20260430_105421.png,dataset/masks_overall/20260430_105421.png,3000,4000,108,4000,3000,6,samsung,Galaxy S24 Ultra,2026:04:30 10:54:21,4134253,4308973,70021d429e36cdb21a2f3e69fa7706e44da43b082da985e8f191f6d4d7670f6c,0fba71b460cf27fd959971b9a0251b64be3b2ae508581f9f89f817390ba3f908,244101,22,0,97943,104.83767700195312,57.40776062011719,2426.893310546875,91.96990966796875,89,dataset/masks_binary/green_immature/20260430_105421.png,140429,95,1.1702416666666666,4,dataset/masks_binary/pale_pink/20260430_105421.png,28539,4,0.237825,0,dataset/masks_binary/pink_turns_purple/20260430_105421.png,0,0,0.0,15,dataset/masks_binary/fully_ripe/20260430_105421.png,75149,17,0.6262416666666667,0,dataset/masks_binary/over_ripe/20260430_105421.png,0,0,0.0
20260430_105427,20260430_105427.jpg,train,dataset/images/20260430_105427.jpg,dataset/masks_semantic/20260430_105427.png,dataset/masks_overall/20260430_105427.png,3000,4000,45,4000,3000,6,samsung,Galaxy S24 Ultra,2026:04:30 10:54:27,3229342,3163607,aff93aa31a77517ad5cfa2b748f113ff3d8720455bb6248fb6f9521c618c2c71,bf7549edf2758485fb6b66bfd48ce2c0d5168e35fec5db5f03167c585e6da48f,419598,0,0,99170,112.51593017578125,56.13597106933594,583.3619995117188,84.65987396240234,40,dataset/masks_binary/green_immature/20260430_105427.png,304795,41,2.5399583333333333,0,dataset/masks_binary/pale_pink/20260430_105427.png,0,0,0.0,0,dataset/masks_binary/pink_turns_purple/20260430_105427.png,0,0,0.0,5,dataset/masks_binary/fully_ripe/20260430_105427.png,114803,7,0.9566916666666666,0,dataset/masks_binary/over_ripe/20260430_105427.png,0,0,0.0
20260430_105448,20260430_105448.jpg,train,dataset/images/20260430_105448.jpg,dataset/masks_semantic/20260430_105448.png,dataset/masks_overall/20260430_105448.png,3000,4000,23,4000,3000,6,samsung,Galaxy S24 Ultra,2026:04:30 10:54:48,3220229,3118103,2b2341ea2b3b5afc3930593279bb418e97a478325a00f778685e4b09da0cca79,a21bf7720e99836fa16292f89cc9a50027d68094d4e8c91865268d6e432c9960,355576,1,0,64862,106.17562103271484,59.21280288696289,357.7149963378906,108.30645751953125,9,dataset/masks_binary/green_immature/20260430_105448.png,97258,9,0.8104833333333333,2,dataset/masks_binary/pale_pink/20260430_105448.png,45698,2,0.3808166666666667,0,dataset/masks_binary/pink_turns_purple/20260430_105448.png,0,0,0.0,12,dataset/masks_binary/fully_ripe/20260430_105448.png,212621,12,1.7718416666666668,0,dataset/masks_binary/over_ripe/20260430_105448.png,0,0,0.0
20260430_105458,20260430_105458.jpg,val,dataset/images/20260430_105458.jpg,dataset/masks_semantic/20260430_105458.png,dataset/masks_overall/20260430_105458.png,3000,4000,112,4000,3000,6,samsung,Galaxy S24 Ultra,2026:04:30 10:54:58,4066759,4200778,31009ac563983bd70de04eda89dba8d87d410b823eb073dbf65bc85525ef1c0a,0f2b17a6b1da355d5394167e58011551ad3260ad8ae420adba1ac1a5907b065b,856531,14,0,204009,105.12786102294922,52.79307556152344,2199.964111328125,120.4461669921875,57,dataset/masks_binary/green_immature/20260430_105458.png,303899,60,2.5324916666666666,3,dataset/masks_binary/pale_pink/20260430_105458.png,37571,3,0.31309166666666666,2,dataset/masks_binary/pink_turns_purple/20260430_105458.png,18843,2,0.157025,48,dataset/masks_binary/fully_ripe/20260430_105458.png,494349,50,4.119575,2,dataset/masks_binary/over_ripe/20260430_105458.png,1883,2,0.015691666666666666
20260430_105507,20260430_105507.jpg,train,dataset/images/20260430_105507.jpg,dataset/masks_semantic/20260430_105507.png,dataset/masks_overall/20260430_105507.png,3000,4000,38,4000,3000,6,samsung,Galaxy S24 Ultra,2026:04:30 10:55:07,3659195,3591210,f7b2f7c0cf450f85c2da34a1f1975f6740a33c3bb6c1a094837c774b144c3914,fb939b8e79fa61d663a99d8997ce0bdd07e82e83cc8663ec9ac96ce759e54e24,557546,1,0,98203,103.94176483154297,39.54945755004883,401.9898986816406,142.27874755859375,29,dataset/masks_binary/green_immature/20260430_105507.png,273232,29,2.276933333333333,0,dataset/masks_binary/pale_pink/20260430_105507.png,0,0,0.0,1,dataset/masks_binary/pink_turns_purple/20260430_105507.png,15790,1,0.13158333333333333,8,dataset/masks_binary/fully_ripe/20260430_105507.png,268525,8,2.2377083333333334,0,dataset/masks_binary/over_ripe/20260430_105507.png,0,0,0.0
20260430_105529,20260430_105529.jpg,train,dataset/images/20260430_105529.jpg,dataset/masks_semantic/20260430_105529.png,dataset/masks_overall/20260430_105529.png,3000,4000,23,4000,3000,6,samsung,Galaxy S24 Ultra,2026:04:30 10:55:29,3780797,3808566,c26f323730aeb194122d4e426faaf211bd4f931d5fc8b306ef67798c32a9952e,d9b424d642e2f4fb9d3b937bf5b291c3925a1e948b399acead5068346674ab08,894347,3,0,106812,121.12689208984375,48.33030700683594,914.42724609375,125.79592895507812,13,dataset/masks_binary/green_immature/20260430_105529.png,484799,13,4.039991666666666,2,dataset/masks_binary/pale_pink/20260430_105529.png,78626,2,0.6552166666666667,0,dataset/masks_binary/pink_turns_purple/20260430_105529.png,0,0,0.0,8,dataset/masks_binary/fully_ripe/20260430_105529.png,330925,8,2.757708333333333,0,dataset/masks_binary/over_ripe/20260430_105529.png,0,0,0.0
20260430_105552,20260430_105552.jpg,train,dataset/images/20260430_105552.jpg,dataset/masks_semantic/20260430_105552.png,dataset/masks_overall/20260430_105552.png,3000,4000,102,4000,3000,6,samsung,Galaxy S24 Ultra,2026:04:30 10:55:52,3981046,4111818,ed904341015282aabc5802594db0c1f9213f5061b5e2de16e0be867dd9510c56,55eef353a1334a25e072f2b2789b392d1476281b98e31993a0f7f6f45f8398e4,709787,0,0,187432,107.04952239990234,50.92473602294922,2046.9886474609375,130.31178283691406,87,dataset/masks_binary/green_immature/20260430_105552.png,468156,89,3.9013,1,dataset/masks_binary/pale_pink/20260430_105552.png,4494,1,0.03745,0,dataset/masks_binary/pink_turns_purple/20260430_105552.png,0,0,0.0,12,dataset/masks_binary/fully_ripe/20260430_105552.png,160954,12,1.3412833333333334,2,dataset/masks_binary/over_ripe/20260430_105552.png,76183,2,0.6348583333333334
20260430_105601,20260430_105601.jpg,train,dataset/images/20260430_105601.jpg,dataset/masks_semantic/20260430_105601.png,dataset/masks_overall/20260430_105601.png,3000,4000,28,4000,3000,6,samsung,Galaxy S24 Ultra,2026:04:30 10:56:01,3311385,3277506,ebf546d6afeace80e3a222a90720112f5b95ba8e6ed23a7a8cadc17dc78b7b86,df7d4ea32a21b18320e9d8d1fd28831eef09902e4033351cffd2bc1b1587702b,563601,0,0,85048,110.055908203125,56.37481689453125,601.8172607421875,104.8722915649414,18,dataset/masks_binary/green_immature/20260430_105601.png,299822,18,2.4985166666666667,0,dataset/masks_binary/pale_pink/20260430_105601.png,0,0,0.0,0,dataset/masks_binary/pink_turns_purple/20260430_105601.png,0,0,0.0,9,dataset/masks_binary/fully_ripe/20260430_105601.png,247744,10,2.0645333333333333,1,dataset/masks_binary/over_ripe/20260430_105601.png,16035,1,0.133625
20260430_105607,20260430_105607.jpg,test,dataset/images/20260430_105607.jpg,dataset/masks_semantic/20260430_105607.png,dataset/masks_overall/20260430_105607.png,3000,4000,33,4000,3000,6,samsung,Galaxy S24 Ultra,2026:04:30 10:56:07,3531738,3552034,3ada36769bd1e81a5ecc08f7ecdf0b453a4941f16500c1f97dcb65b095a5f70f,b51caa77551857102df4a1576f7c3387ec0097cdf172cf991b04762df5d34279,413138,2,0,79387,103.9262466430664,58.90355682373047,1195.7591552734375,109.7839584350586,13,dataset/masks_binary/green_immature/20260430_105607.png,75291,16,0.627425,1,dataset/masks_binary/pale_pink/20260430_105607.png,18019,1,0.15015833333333334,0,dataset/masks_binary/pink_turns_purple/20260430_105607.png,0,0,0.0,18,dataset/masks_binary/fully_ripe/20260430_105607.png,287057,19,2.392141666666667,1,dataset/masks_binary/over_ripe/20260430_105607.png,32771,1,0.2730916666666667
20260430_105615,20260430_105615.jpg,train,dataset/images/20260430_105615.jpg,dataset/masks_semantic/20260430_105615.png,dataset/masks_overall/20260430_105615.png,3000,4000,45,4000,3000,6,samsung,Galaxy S24 Ultra,2026:04:30 10:56:15,3394843,3371316,197df385b15baf6cd1cde37e4abb7ac78a8e43e3ea3999369f590db7f297de44,41c32d6a288f4aace6e392867fe2bd0c720fda62bea3804e5b656591ac648216,691754,0,0,131106,108.3943862915039,56.59577178955078,794.7713012695312,99.62210845947266,32,dataset/masks_binary/green_immature/20260430_105615.png,376733,33,3.139441666666667,1,dataset/masks_binary/pale_pink/20260430_105615.png,9296,1,0.07746666666666667,0,dataset/masks_binary/pink_turns_purple/20260430_105615.png,0,0,0.0,12,dataset/masks_binary/fully_ripe/20260430_105615.png,305725,16,2.5477083333333335,0,dataset/masks_binary/over_ripe/20260430_105615.png,0,0,0.0
20260430_105630,20260430_105630.jpg,train,dataset/images/20260430_105630.jpg,dataset/masks_semantic/20260430_105630.png,dataset/masks_overall/20260430_105630.png,3000,4000,32,4000,3000,6,samsung,Galaxy S24 Ultra,2026:04:30 10:56:30,4074753,4172983,81a07f862eb69b038416118d16f60dfe531bf4388e9c52f8ee045cd9b3248267,9f01196edce2f999eae87597b3e24c0af98dc356e62c6271e4aafdd43394582a,582442,0,0,94094,113.3248062133789,50.35136413574219,1332.8558349609375,123.71541595458984,23,dataset/masks_binary/green_immature/20260430_105630.png,315172,23,2.6264333333333334,3,dataset/masks_binary/pale_pink/20260430_105630.png,40223,3,0.33519166666666667,1,dataset/masks_binary/pink_turns_purple/20260430_105630.png,45640,1,0.38033333333333336,5,dataset/masks_binary/fully_ripe/20260430_105630.png,181407,5,1.511725,0,dataset/masks_binary/over_ripe/20260430_105630.png,0,0,0.0
20260430_105642,20260430_105642.jpg,train,dataset/images/20260430_105642.jpg,dataset/masks_semantic/20260430_105642.png,dataset/masks_overall/20260430_105642.png,3000,4000,10,4000,3000,6,samsung,Galaxy S24 Ultra,2026:04:30 10:56:42,4132838,4160959,2e87e1510824a43840e5932355de9f358a90cb9a428775d86c8d2427c60a4c3e,8a461cbc5eab17c58deb2ba49749a6945a1cc39ab305dd45b7ab3b283db7563b,379204,0,0,45113,104.91888427734375,43.70376968383789,605.349853515625,160.4982147216797,5,dataset/masks_binary/green_immature/20260430_105642.png,170495,5,1.4207916666666667,1,dataset/masks_binary/pale_pink/20260430_105642.png,49531,1,0.4127583333333333,1,dataset/masks_binary/pink_turns_purple/20260430_105642.png,21075,1,0.175625,1,dataset/masks_binary/fully_ripe/20260430_105642.png,8193,1,0.068275,2,dataset/masks_binary/over_ripe/20260430_105642.png,129910,2,1.0825833333333332
20260430_105656,20260430_105656.jpg,train,dataset/images/20260430_105656.jpg,dataset/masks_semantic/20260430_105656.png,dataset/masks_overall/20260430_105656.png,3000,4000,21,4000,3000,6,samsung,Galaxy S24 Ultra,2026:04:30 10:56:56,3483072,3508098,4efb19c8bee005c03ba020875a46424f3bccdffc5c8ce92aed15ea099824dff8,859026f153181af0a1bb905c5c7c5c72e09b9b90b4176b37320468da91457d7f,99269,0,0,26484,118.64361572265625,59.17067337036133,1396.98583984375,80.94073486328125,16,dataset/masks_binary/green_immature/20260430_105656.png,22803,16,0.190025,0,dataset/masks_binary/pale_pink/20260430_105656.png,0,0,0.0,1,dataset/masks_binary/pink_turns_purple/20260430_105656.png,24402,1,0.20335,4,dataset/masks_binary/fully_ripe/20260430_105656.png,52064,4,0.4338666666666667,0,dataset/masks_binary/over_ripe/20260430_105656.png,0,0,0.0
20260430_105703,20260430_105703.jpg,train,dataset/images/20260430_105703.jpg,dataset/masks_semantic/20260430_105703.png,dataset/masks_overall/20260430_105703.png,3000,4000,21,4000,3000,6,samsung,Galaxy S24 Ultra,2026:04:30 10:57:03,3388792,3403383,f56a0f2514753ff6096ac93d45ee285178e302ef190294d20b5242f30427c543,36b3f87a35f1f0cc5d5ef81592dcb88ce6daa7933fd97aa4f5b7b82d5c00f2b4,310076,0,0,52357,101.51900482177734,53.11323547363281,841.155517578125,126.4585952758789,14,dataset/masks_binary/green_immature/20260430_105703.png,187630,14,1.5635833333333335,2,dataset/masks_binary/pale_pink/20260430_105703.png,28930,2,0.24108333333333334,0,dataset/masks_binary/pink_turns_purple/20260430_105703.png,0,0,0.0,5,dataset/masks_binary/fully_ripe/20260430_105703.png,93516,5,0.7793,0,dataset/masks_binary/over_ripe/20260430_105703.png,0,0,0.0
20260430_105707,20260430_105707.jpg,val,dataset/images/20260430_105707.jpg,dataset/masks_semantic/20260430_105707.png,dataset/masks_overall/20260430_105707.png,3000,4000,33,4000,3000,6,samsung,Galaxy S24 Ultra,2026:04:30 10:57:07,3871754,3955240,85146d98f9e1762bbfe92fc2d6099193995da0be1fde771ed9fe3f60db31e08f,7037b204db9ae2d27f035e2df6ad3ce331ce4334c61b75306d95f90623efb842,477372,1,0,89005,113.59766387939453,50.3226318359375,1418.466796875,144.6371612548828,30,dataset/masks_binary/green_immature/20260430_105707.png,397089,31,3.309075,1,dataset/masks_binary/pale_pink/20260430_105707.png,11846,1,0.09871666666666666,1,dataset/masks_binary/pink_turns_purple/20260430_105707.png,25389,1,0.211575,1,dataset/masks_binary/fully_ripe/20260430_105707.png,43049,1,0.3587416666666667,0,dataset/masks_binary/over_ripe/20260430_105707.png,0,0,0.0
20260430_105715,20260430_105715.jpg,test,dataset/images/20260430_105715.jpg,dataset/masks_semantic/20260430_105715.png,dataset/masks_overall/20260430_105715.png,3000,4000,13,4000,3000,6,samsung,Galaxy S24 Ultra,2026:04:30 10:57:15,3969543,4035784,2c3bf6c46027675072c768de765425902b31ad081c390ee170683c53a8f2b821,33dee1ce80eb280c7a2d14be334ee4ab32438c11aa5939848ac9819fa112978e,157568,0,0,33599,113.16109466552734,49.46823501586914,1137.5775146484375,140.16749572753906,8,dataset/masks_binary/green_immature/20260430_105715.png,82263,8,0.685525,1,dataset/masks_binary/pale_pink/20260430_105715.png,35291,1,0.2940916666666667,0,dataset/masks_binary/pink_turns_purple/20260430_105715.png,0,0,0.0,4,dataset/masks_binary/fully_ripe/20260430_105715.png,40014,4,0.33344999999999997,0,dataset/masks_binary/over_ripe/20260430_105715.png,0,0,0.0
20260430_105727,20260430_105727.jpg,train,dataset/images/20260430_105727.jpg,dataset/masks_semantic/20260430_105727.png,dataset/masks_overall/20260430_105727.png,3000,4000,29,4000,3000,6,samsung,Galaxy S24 Ultra,2026:04:30 10:57:27,3725367,3681993,81708828b56bb1aa0392099c566bfc65ed49aad91e54981ad9c6a4dcdc4ca477,962bbd19f84bf500b32af31c4c14c12590d124cd3ecf3b516401cb919b15960a,1150803,4,0,132995,114.29041290283203,39.60637664794922,520.658935546875,160.23941040039062,16,dataset/masks_binary/green_immature/20260430_105727.png,512297,16,4.269141666666667,1,dataset/masks_binary/pale_pink/20260430_105727.png,96293,1,0.8024416666666666,4,dataset/masks_binary/pink_turns_purple/20260430_105727.png,255528,4,2.1294,6,dataset/masks_binary/fully_ripe/20260430_105727.png,237823,6,1.9818583333333333,2,dataset/masks_binary/over_ripe/20260430_105727.png,48866,2,0.40721666666666667
20260430_105739,20260430_105739.jpg,train,dataset/images/20260430_105739.jpg,dataset/masks_semantic/20260430_105739.png,dataset/masks_overall/20260430_105739.png,3000,4000,14,4000,3000,6,samsung,Galaxy S24 Ultra,2026:04:30 10:57:39,3531733,3525828,5d398998071acdb4db90130606e79912ca6c3a4b3fc390417d1cfd3c6182866a,aec00bf3588b9a41ca3761d02afe3e1ca426e74edf8bbd05ef0e28ea0e8d1edb,203856,0,0,36804,101.4422378540039,48.20943069458008,775.0814819335938,118.7034683227539,13,dataset/masks_binary/green_immature/20260430_105739.png,158938,15,1.3244833333333335,1,dataset/masks_binary/pale_pink/20260430_105739.png,44918,1,0.3743166666666667,0,dataset/masks_binary/pink_turns_purple/20260430_105739.png,0,0,0.0,0,dataset/masks_binary/fully_ripe/20260430_105739.png,0,0,0.0,0,dataset/masks_binary/over_ripe/20260430_105739.png,0,0,0.0
20260430_105747,20260430_105747.jpg,val,dataset/images/20260430_105747.jpg,dataset/masks_semantic/20260430_105747.png,dataset/masks_overall/20260430_105747.png,3000,4000,11,4000,3000,6,samsung,Galaxy S24 Ultra,2026:04:30 10:57:47,3273755,3216812,9c8ce37afe5d1c55ae035bf2738f87694b2ce7c88401ecc500de81040c159bd2,13d2f9b721591aeb27ea9b5a36b5b95d1c65370572f8e2caecbf4d1a75d22f32,262523,10,0,32348,114.04285430908203,41.6812858581543,434.60986328125,162.08837890625,8,dataset/masks_binary/green_immature/20260430_105747.png,73698,9,0.61415,0,dataset/masks_binary/pale_pink/20260430_105747.png,0,0,0.0,1,dataset/masks_binary/pink_turns_purple/20260430_105747.png,100589,1,0.8382416666666667,2,dataset/masks_binary/fully_ripe/20260430_105747.png,88246,2,0.7353833333333334,0,dataset/masks_binary/over_ripe/20260430_105747.png,0,0,0.0
20260430_105751,20260430_105751.jpg,train,dataset/images/20260430_105751.jpg,dataset/masks_semantic/20260430_105751.png,dataset/masks_overall/20260430_105751.png,3000,4000,12,4000,3000,6,samsung,Galaxy S24 Ultra,2026:04:30 10:57:51,3349656,3351094,2da5032af5ffc076d19f973ad79dbcdf0dcd9fb0e528202a0d88bcc3a0b27b98,075eb180a82747f96999fe8043426de671bd2061a2e7013b14eba429b7a420f2,473562,0,0,48001,110.96195220947266,43.76025390625,417.5274353027344,138.077880859375,4,dataset/masks_binary/green_immature/20260430_105751.png,43479,4,0.362325,1,dataset/masks_binary/pale_pink/20260430_105751.png,136171,1,1.1347583333333333,0,dataset/masks_binary/pink_turns_purple/20260430_105751.png,0,0,0.0,7,dataset/masks_binary/fully_ripe/20260430_105751.png,293912,7,2.4492666666666665,0,dataset/masks_binary/over_ripe/20260430_105751.png,0,0,0.0
20260430_105759,20260430_105759.jpg,test,dataset/images/20260430_105759.jpg,dataset/masks_semantic/20260430_105759.png,dataset/masks_overall/20260430_105759.png,3000,4000,19,4000,3000,6,samsung,Galaxy S24 Ultra,2026:04:30 10:57:59,3315761,3260347,6a30bc6a43b54264dcd5dd8e6d882ff87f5751f7123a4808574bb3123ed8ca61,b79536faee64cc5b982b5daa5f36047cbd2784eef954526f631c339cdf701112,672273,0,0,78879,108.76702880859375,57.056217193603516,537.0870971679688,99.2459487915039,0,dataset/masks_binary/green_immature/20260430_105759.png,0,0,0.0,0,dataset/masks_binary/pale_pink/20260430_105759.png,0,0,0.0,1,dataset/masks_binary/pink_turns_purple/20260430_105759.png,54627,1,0.455225,18,dataset/masks_binary/fully_ripe/20260430_105759.png,617646,22,5.14705,0,dataset/masks_binary/over_ripe/20260430_105759.png,0,0,0.0
20260430_105805,20260430_105805.jpg,test,dataset/images/20260430_105805.jpg,dataset/masks_semantic/20260430_105805.png,dataset/masks_overall/20260430_105805.png,3000,4000,18,4000,3000,6,samsung,Galaxy S24 Ultra,2026:04:30 10:58:05,3634515,3616160,2333cf9715321de17b189c9ccbcfbcc16107e97a1a7cf6e9eda0d9bab6213684,6ec416fd70bda513f85b608f56877eef1597e1de49223b490262f20ef8687e21,488698,1,0,69202,103.20829010009766,43.822208404541016,661.5446166992188,136.69012451171875,12,dataset/masks_binary/green_immature/20260430_105805.png,275403,13,2.295025,3,dataset/masks_binary/pale_pink/20260430_105805.png,124035,3,1.033625,0,dataset/masks_binary/pink_turns_purple/20260430_105805.png,0,0,0.0,3,dataset/masks_binary/fully_ripe/20260430_105805.png,89261,3,0.7438416666666667,0,dataset/masks_binary/over_ripe/20260430_105805.png,0,0,0.0
20260430_105815,20260430_105815.jpg,train,dataset/images/20260430_105815.jpg,dataset/masks_semantic/20260430_105815.png,dataset/masks_overall/20260430_105815.png,3000,4000,19,4000,3000,6,samsung,Galaxy S24 Ultra,2026:04:30 10:58:15,3132949,3032072,bf57db96a1ed98b73e87d61f7c12f85618a51947d91bc59923d2d858d3c0e639,bfc93afa119e248bad2e2ec7baece03ba0df5a03cb30ff550cb8076fb01043d1,642874,1,0,72613,103.3857650756836,51.30692672729492,429.0665283203125,147.9767608642578,15,dataset/masks_binary/green_immature/20260430_105815.png,480835,15,4.006958333333333,1,dataset/masks_binary/pale_pink/20260430_105815.png,50254,1,0.41878333333333334,2,dataset/masks_binary/pink_turns_purple/20260430_105815.png,66706,3,0.5558833333333333,1,dataset/masks_binary/fully_ripe/20260430_105815.png,45080,1,0.3756666666666667,0,dataset/masks_binary/over_ripe/20260430_105815.png,0,0,0.0
20260430_105825,20260430_105825.jpg,train,dataset/images/20260430_105825.jpg,dataset/masks_semantic/20260430_105825.png,dataset/masks_overall/20260430_105825.png,3000,4000,10,4000,3000,6,samsung,Galaxy S24 Ultra,2026:04:30 10:58:25,3291050,3233813,95613671db525b4d549867f3037b4a0117df068a58ffe2761c786495e917cb2c,6148a47a634b54fc3cf6ad9cefd0eebec5dec644f46753398dded36a4fba1772,224896,0,0,35754,107.44449615478516,54.969078063964844,642.5921020507812,123.29107666015625,2,dataset/masks_binary/green_immature/20260430_105825.png,16961,2,0.14134166666666667,0,dataset/masks_binary/pale_pink/20260430_105825.png,0,0,0.0,1,dataset/masks_binary/pink_turns_purple/20260430_105825.png,25033,1,0.20860833333333334,7,dataset/masks_binary/fully_ripe/20260430_105825.png,182902,8,1.5241833333333332,0,dataset/masks_binary/over_ripe/20260430_105825.png,0,0,0.0
20260430_105831,20260430_105831.jpg,train,dataset/images/20260430_105831.jpg,dataset/masks_semantic/20260430_105831.png,dataset/masks_overall/20260430_105831.png,3000,4000,17,4000,3000,6,samsung,Galaxy S24 Ultra,2026:04:30 10:58:31,3196908,3095436,97db6fc9ccc97f1e420692ce0aa43df01211f0e323acb959d4d4decb910612d7,bb7ccfa0b644207c0f220b3c729ec520637422a4c5d9f8d841976e4c47e70070,372342,5,0,53547,105.3033676147461,55.410892486572266,428.987548828125,110.44904327392578,10,dataset/masks_binary/green_immature/20260430_105831.png,147140,10,1.2261666666666666,0,dataset/masks_binary/pale_pink/20260430_105831.png,0,0,0.0,1,dataset/masks_binary/pink_turns_purple/20260430_105831.png,51722,1,0.4310166666666667,6,dataset/masks_binary/fully_ripe/20260430_105831.png,173485,6,1.4457083333333334,0,dataset/masks_binary/over_ripe/20260430_105831.png,0,0,0.0
20260430_105836,20260430_105836.jpg,train,dataset/images/20260430_105836.jpg,dataset/masks_semantic/20260430_105836.png,dataset/masks_overall/20260430_105836.png,3000,4000,33,4000,3000,6,samsung,Galaxy S24 Ultra,2026:04:30 10:58:36,3878648,3982659,fd22084910483ec5ae77629f6a299568af21bf66a64b99f9e7b435f4784f36e7,20d57e01cfc6c4eeb4cbe397a80dc59380b440d0ac0691589ad117a2408105b9,302148,4,0,70037,106.8388442993164,48.617210388183594,1531.3394775390625,155.1402587890625,27,dataset/masks_binary/green_immature/20260430_105836.png,193870,28,1.6155833333333334,0,dataset/masks_binary/pale_pink/20260430_105836.png,0,0,0.0,3,dataset/masks_binary/pink_turns_purple/20260430_105836.png,73953,3,0.616275,3,dataset/masks_binary/fully_ripe/20260430_105836.png,34329,3,0.286075,0,dataset/masks_binary/over_ripe/20260430_105836.png,0,0,0.0
20260430_105845,20260430_105845.jpg,train,dataset/images/20260430_105845.jpg,dataset/masks_semantic/20260430_105845.png,dataset/masks_overall/20260430_105845.png,3000,4000,30,4000,3000,6,samsung,Galaxy S24 Ultra,2026:04:30 10:58:45,4060569,4238342,8a17418f045137350499220f4c075b7666af5619d3eebb784637b14a937685ed,acce8001461a0076de3b4faf5e95cff931610f91cf7de61e5847bd879dee9c08,233978,0,0,48320,111.20230865478516,54.551509857177734,1812.2008056640625,138.51585388183594,19,dataset/masks_binary/green_immature/20260430_105845.png,114314,23,0.9526166666666667,1,dataset/masks_binary/pale_pink/20260430_105845.png,33299,1,0.2774916666666667,0,dataset/masks_binary/pink_turns_purple/20260430_105845.png,0,0,0.0,10,dataset/masks_binary/fully_ripe/20260430_105845.png,86365,10,0.7197083333333333,0,dataset/masks_binary/over_ripe/20260430_105845.png,0,0,0.0
20260430_105849,20260430_105849.jpg,val,dataset/images/20260430_105849.jpg,dataset/masks_semantic/20260430_105849.png,dataset/masks_overall/20260430_105849.png,3000,4000,10,4000,3000,6,samsung,Galaxy S24 Ultra,2026:04:30 10:58:49,3560778,3598565,d00dd516989a14e38bb8ca98322fdb4159968cd979a022e7a1b5c775584897a2,7055094a5e6d6f5588a3a64e4f046e2d3e47c001ee599b42601f0c78a8a377b2,293708,6,0,35647,105.70819091796875,49.4111328125,1011.1668090820312,117.33634185791016,7,dataset/masks_binary/green_immature/20260430_105849.png,164219,7,1.3684916666666667,1,dataset/masks_binary/pale_pink/20260430_105849.png,32690,1,0.2724166666666667,0,dataset/masks_binary/pink_turns_purple/20260430_105849.png,0,0,0.0,2,dataset/masks_binary/fully_ripe/20260430_105849.png,96805,2,0.8067083333333334,0,dataset/masks_binary/over_ripe/20260430_105849.png,0,0,0.0
20260430_105850,20260430_105850.jpg,train,dataset/images/20260430_105850.jpg,dataset/masks_semantic/20260430_105850.png,dataset/masks_overall/20260430_105850.png,3000,4000,5,4000,3000,6,samsung,Galaxy S24 Ultra,2026:04:30 10:58:51,3264496,3101314,6e8f068532dca5ae3f48ea8ea2013343da6b1ad77217fef3bcbabae2c1308e97,126a15d67cffaf76a69614582d0e1a5256486fc5c6e8b2a98302d2df4bf94cca,159801,0,0,19771,112.82608032226562,42.33494186401367,177.16090393066406,141.2558135986328,2,dataset/masks_binary/green_immature/20260430_105850.png,52421,2,0.43684166666666663,0,dataset/masks_binary/pale_pink/20260430_105850.png,0,0,0.0,1,dataset/masks_binary/pink_turns_purple/20260430_105850.png,51490,1,0.4290833333333333,2,dataset/masks_binary/fully_ripe/20260430_105850.png,55890,2,0.46575,0,dataset/masks_binary/over_ripe/20260430_105850.png,0,0,0.0
20260430_105854,20260430_105854.jpg,val,dataset/images/20260430_105854.jpg,dataset/masks_semantic/20260430_105854.png,dataset/masks_overall/20260430_105854.png,3000,4000,12,4000,3000,6,samsung,Galaxy S24 Ultra,2026:04:30 10:58:54,3021833,3024504,55eae03825339446bcc6056031cfd76bd46d3586f58b5474bd27aa1649560c5b,9275ddf7f8106e8be9575cc224f1d0130cbd17906cddc6f715aa6076c2c98e98,139084,0,0,29695,114.7718276977539,47.44733428955078,605.2581176757812,139.31031799316406,7,dataset/masks_binary/green_immature/20260430_105854.png,59467,7,0.4955583333333334,0,dataset/masks_binary/pale_pink/20260430_105854.png,0,0,0.0,1,dataset/masks_binary/pink_turns_purple/20260430_105854.png,22369,1,0.18640833333333331,4,dataset/masks_binary/fully_ripe/20260430_105854.png,57248,4,0.4770666666666667,0,dataset/masks_binary/over_ripe/20260430_105854.png,0,0,0.0
20260430_105859,20260430_105859.jpg,train,dataset/images/20260430_105859.jpg,dataset/masks_semantic/20260430_105859.png,dataset/masks_overall/20260430_105859.png,3000,4000,7,4000,3000,6,samsung,Galaxy S24 Ultra,2026:04:30 10:58:59,3427974,3369999,1dfc69297c56072322ac43fa7a70c2998e131f5ca85f152edbe6ceb29395246e,3902ed53db61be5d03105c0807931418064e5ab00984b4e0d8b8a6d97d17e2fa,150554,0,0,23320,108.45003509521484,47.7910041809082,779.522216796875,145.103271484375,5,dataset/masks_binary/green_immature/20260430_105859.png,81841,5,0.6820083333333333,0,dataset/masks_binary/pale_pink/20260430_105859.png,0,0,0.0,1,dataset/masks_binary/pink_turns_purple/20260430_105859.png,38648,1,0.32206666666666667,1,dataset/masks_binary/fully_ripe/20260430_105859.png,30065,1,0.25054166666666666,0,dataset/masks_binary/over_ripe/20260430_105859.png,0,0,0.0
20260430_105906,20260430_105906.jpg,train,dataset/images/20260430_105906.jpg,dataset/masks_semantic/20260430_105906.png,dataset/masks_overall/20260430_105906.png,3000,4000,38,4000,3000,6,samsung,Galaxy S24 Ultra,2026:04:30 10:59:05,3214059,3101727,c7ea7d923b9f2786cb9b8f00d260cfa0dca3bdc54f4b868c9a7a55d729246d30,a6e6f3751e2911a6f78009a281194c38dd763e84a3e902d44b17923dc98bb968,601910,3,0,107952,107.2892837524414,58.182395935058594,462.4335021972656,118.88821411132812,25,dataset/masks_binary/green_immature/20260430_105906.png,370044,25,3.0837,2,dataset/masks_binary/pale_pink/20260430_105906.png,43837,2,0.36530833333333335,0,dataset/masks_binary/pink_turns_purple/20260430_105906.png,0,0,0.0,11,dataset/masks_binary/fully_ripe/20260430_105906.png,188032,11,1.5669333333333333,0,dataset/masks_binary/over_ripe/20260430_105906.png,0,0,0.0
20260430_105916,20260430_105916.jpg,train,dataset/images/20260430_105916.jpg,dataset/masks_semantic/20260430_105916.png,dataset/masks_overall/20260430_105916.png,3000,4000,17,4000,3000,6,samsung,Galaxy S24 Ultra,2026:04:30 10:59:17,3253091,3314520,ee445751fc7adb5d557d9eb48dd3cc28cfd305f5ee94bdf1827a853ecfe13893,9c526e4dd9361ae6b330fd9144cff0437f55dbd216a73122ceff7740ed4d5e62,403548,13,0,54178,112.64520263671875,46.36964797973633,796.2492065429688,154.05413818359375,9,dataset/masks_binary/green_immature/20260430_105916.png,151070,9,1.2589166666666667,0,dataset/masks_binary/pale_pink/20260430_105916.png,0,0,0.0,1,dataset/masks_binary/pink_turns_purple/20260430_105916.png,38347,1,0.31955833333333333,7,dataset/masks_binary/fully_ripe/20260430_105916.png,214144,8,1.7845333333333335,0,dataset/masks_binary/over_ripe/20260430_105916.png,0,0,0.0
20260430_105922,20260430_105922.jpg,train,dataset/images/20260430_105922.jpg,dataset/masks_semantic/20260430_105922.png,dataset/masks_overall/20260430_105922.png,3000,4000,30,4000,3000,6,samsung,Galaxy S24 Ultra,2026:04:30 10:59:23,3381769,3313812,ab07742e5b83e48a8355bf339749b0565a359f622f61e7e192b58fca25081997,2c6e255976c784b58edd81819b11b6051bc7bf754642582bce02876315aeb888,707148,0,0,103490,101.80072021484375,48.40956115722656,578.3179321289062,115.21244049072266,21,dataset/masks_binary/green_immature/20260430_105922.png,357739,32,2.981158333333333,0,dataset/masks_binary/pale_pink/20260430_105922.png,0,0,0.0,0,dataset/masks_binary/pink_turns_purple/20260430_105922.png,0,0,0.0,9,dataset/masks_binary/fully_ripe/20260430_105922.png,349409,9,2.9117416666666665,0,dataset/masks_binary/over_ripe/20260430_105922.png,0,0,0.0
20260430_105926,20260430_105926.jpg,test,dataset/images/20260430_105926.jpg,dataset/masks_semantic/20260430_105926.png,dataset/masks_overall/20260430_105926.png,3000,4000,52,4000,3000,6,samsung,Galaxy S24 Ultra,2026:04:30 10:59:26,3209430,3223465,a41531d678f637f8b09f7e1d6d9fefd98242d01c84815f4ed809a08da88a4cda,82cbfd547a0a7f182955b28043dccacb43ee3a6d95918c269a886c207f1f35e0,488223,4,0,111048,111.8874740600586,53.1993293762207,1176.5494384765625,141.58543395996094,35,dataset/masks_binary/green_immature/20260430_105926.png,246630,35,2.05525,0,dataset/masks_binary/pale_pink/20260430_105926.png,0,0,0.0,2,dataset/masks_binary/pink_turns_purple/20260430_105926.png,13796,2,0.11496666666666666,15,dataset/masks_binary/fully_ripe/20260430_105926.png,227795,18,1.8982916666666665,0,dataset/masks_binary/over_ripe/20260430_105926.png,0,0,0.0
20260430_105930,20260430_105930.jpg,train,dataset/images/20260430_105930.jpg,dataset/masks_semantic/20260430_105930.png,dataset/masks_overall/20260430_105930.png,3000,4000,49,4000,3000,6,samsung,Galaxy S24 Ultra,2026:04:30 10:59:30,3192113,3078988,9601abf5581c67e127df212bb344d5baf05fdd570fe30fcc270dd41ac6193007,cc586ff77bd4f0621a0dcd2e37af7a0cf2e35f233287ea49e8b07a873d828a3a,565403,1,0,113471,108.44930267333984,56.07616424560547,427.2599182128906,114.84610748291016,44,dataset/masks_binary/green_immature/20260430_105930.png,345962,44,2.883016666666667,0,dataset/masks_binary/pale_pink/20260430_105930.png,0,0,0.0,1,dataset/masks_binary/pink_turns_purple/20260430_105930.png,32888,1,0.2740666666666667,4,dataset/masks_binary/fully_ripe/20260430_105930.png,186554,5,1.5546166666666665,0,dataset/masks_binary/over_ripe/20260430_105930.png,0,0,0.0
20260430_105937,20260430_105937.jpg,train,dataset/images/20260430_105937.jpg,dataset/masks_semantic/20260430_105937.png,dataset/masks_overall/20260430_105937.png,3000,4000,53,4000,3000,6,samsung,Galaxy S24 Ultra,2026:04:30 10:59:37,3237716,3159554,90e3177475aa9d57876df51a6538cc0416af0ac633a5fcb56540a92f391ce54f,e67159658ab0405bc0da52338765f266130fb6448e02e655b9606d25e6fe3be6,840617,4,0,147987,97.6431655883789,53.27921676635742,604.9188842773438,139.14187622070312,33,dataset/masks_binary/green_immature/20260430_105937.png,382638,34,3.18865,2,dataset/masks_binary/pale_pink/20260430_105937.png,11801,2,0.09834166666666667,0,dataset/masks_binary/pink_turns_purple/20260430_105937.png,0,0,0.0,18,dataset/masks_binary/fully_ripe/20260430_105937.png,446182,20,3.718183333333333,0,dataset/masks_binary/over_ripe/20260430_105937.png,0,0,0.0
20260430_105941,20260430_105941.jpg,train,dataset/images/20260430_105941.jpg,dataset/masks_semantic/20260430_105941.png,dataset/masks_overall/20260430_105941.png,3000,4000,21,4000,3000,6,samsung,Galaxy S24 Ultra,2026:04:30 10:59:41,3753611,3759426,fd6a49a8a90212352bc16b9bdffeeeafb419b5d45cd00d18ee74141d4e6cbcb6,f2417f2d31b6ac84022423cdec486beaa3a6ccb1de5ad85454e60a3ccce4da6a,263333,0,0,50189,108.11297607421875,45.298519134521484,926.2536010742188,158.5404510498047,16,dataset/masks_binary/green_immature/20260430_105941.png,127613,27,1.0634416666666666,2,dataset/masks_binary/pale_pink/20260430_105941.png,37758,2,0.31465,0,dataset/masks_binary/pink_turns_purple/20260430_105941.png,0,0,0.0,3,dataset/masks_binary/fully_ripe/20260430_105941.png,97962,4,0.81635,0,dataset/masks_binary/over_ripe/20260430_105941.png,0,0,0.0
20260430_105946,20260430_105946.jpg,train,dataset/images/20260430_105946.jpg,dataset/masks_semantic/20260430_105946.png,dataset/masks_overall/20260430_105946.png,3000,4000,44,4000,3000,6,samsung,Galaxy S24 Ultra,2026:04:30 10:59:46,3800271,3822816,6cd6b78d4801b5d12a679eb3ac9d0695d267cde657886a460701a8835ab4e6ed,6d9b59be501a49fa33feee537d6b29246250319bfe9ac9ace9a6bf5a363eddb8,623654,0,0,117581,104.4974365234375,51.429725646972656,1009.03466796875,133.7895050048828,35,dataset/masks_binary/green_immature/20260430_105946.png,484582,37,4.0381833333333335,0,dataset/masks_binary/pale_pink/20260430_105946.png,0,0,0.0,3,dataset/masks_binary/pink_turns_purple/20260430_105946.png,60300,3,0.5025,6,dataset/masks_binary/fully_ripe/20260430_105946.png,78772,7,0.6564333333333333,0,dataset/masks_binary/over_ripe/20260430_105946.png,0,0,0.0
20260430_110000,20260430_110000.jpg,train,dataset/images/20260430_110000.jpg,dataset/masks_semantic/20260430_110000.png,dataset/masks_overall/20260430_110000.png,3000,4000,14,4000,3000,6,samsung,Galaxy S24 Ultra,2026:04:30 11:00:00,3173727,3092646,a44a9d5d37a8de66bb8fff879cb8bc3b2f088ce913f4dc19735a302c87fba6c4,bbc42833ca85a0f0a43e0e40e705eb10ef1d451d8a52182592318c2f73fecce8,232371,3,0,39190,123.49820709228516,67.02196502685547,569.2158813476562,85.5533447265625,8,dataset/masks_binary/green_immature/20260430_110000.png,79704,8,0.6642,0,dataset/masks_binary/pale_pink/20260430_110000.png,0,0,0.0,0,dataset/masks_binary/pink_turns_purple/20260430_110000.png,0,0,0.0,6,dataset/masks_binary/fully_ripe/20260430_110000.png,152670,6,1.2722499999999999,0,dataset/masks_binary/over_ripe/20260430_110000.png,0,0,0.0
20260430_110014,20260430_110014.jpg,train,dataset/images/20260430_110014.jpg,dataset/masks_semantic/20260430_110014.png,dataset/masks_overall/20260430_110014.png,3000,4000,30,4000,3000,6,samsung,Galaxy S24 Ultra,2026:04:30 11:00:14,4162669,4291960,9f337fccdce8ca5f59e81b751e2f4588aa191715f42a3c61c8a074aafb723d9f,b8f23c567f75f5730c58de144a41e8358f065a3883482f3ead3fcb40928a733e,422454,20,0,76582,101.56057739257812,45.85025405883789,1250.6185302734375,147.9116668701172,23,dataset/masks_binary/green_immature/20260430_110014.png,228547,24,1.9045583333333334,1,dataset/masks_binary/pale_pink/20260430_110014.png,28576,1,0.23813333333333334,0,dataset/masks_binary/pink_turns_purple/20260430_110014.png,0,0,0.0,6,dataset/masks_binary/fully_ripe/20260430_110014.png,165351,6,1.377925,0,dataset/masks_binary/over_ripe/20260430_110014.png,0,0,0.0
20260430_110019,20260430_110019.jpg,train,dataset/images/20260430_110019.jpg,dataset/masks_semantic/20260430_110019.png,dataset/masks_overall/20260430_110019.png,3000,4000,37,4000,3000,6,samsung,Galaxy S24 Ultra,2026:04:30 11:00:19,3165973,3102439,0c16a43b31b1baacf010c7156ae1f87f5bb957216d676ad8c3fbdcf31e16ee9c,324d7147edcd36ff7d7cff89f5fea6e3e93d153430dea3933ddd63ad385c6cd1,317567,37,0,76903,104.9719467163086,60.88419723510742,667.2156372070312,103.86175537109375,21,dataset/masks_binary/green_immature/20260430_110019.png,126835,21,1.0569583333333334,1,dataset/masks_binary/pale_pink/20260430_110019.png,18245,1,0.15204166666666666,2,dataset/masks_binary/pink_turns_purple/20260430_110019.png,22769,2,0.18974166666666667,13,dataset/masks_binary/fully_ripe/20260430_110019.png,149733,14,1.2477749999999999,0,dataset/masks_binary/over_ripe/20260430_110019.png,0,0,0.0
20260430_110022,20260430_110022.jpg,train,dataset/images/20260430_110022.jpg,dataset/masks_semantic/20260430_110022.png,dataset/masks_overall/20260430_110022.png,3000,4000,40,4000,3000,6,samsung,Galaxy S24 Ultra,2026:04:30 11:00:22,3283569,3234624,aacc7d3a5ef7d4093da76c493a0c799ca146519fae93a813e5c31ae3f1df8e15,a967769cdbe277a8c27bf6adbac6af0acc2031cf0bad323adc4f251234f0f42f,498692,32,0,103939,104.65352630615234,59.59502029418945,792.994873046875,105.41133880615234,20,dataset/masks_binary/green_immature/20260430_110022.png,191681,20,1.5973416666666667,2,dataset/masks_binary/pale_pink/20260430_110022.png,45209,2,0.3767416666666667,1,dataset/masks_binary/pink_turns_purple/20260430_110022.png,4625,1,0.03854166666666667,17,dataset/masks_binary/fully_ripe/20260430_110022.png,257205,23,2.1433750000000003,0,dataset/masks_binary/over_ripe/20260430_110022.png,0,0,0.0
20260430_110027,20260430_110027.jpg,test,dataset/images/20260430_110027.jpg,dataset/masks_semantic/20260430_110027.png,dataset/masks_overall/20260430_110027.png,3000,4000,13,4000,3000,6,samsung,Galaxy S24 Ultra,2026:04:30 11:00:27,3501147,3409252,55250746d13d779e01178514c9d82320f584b187d4399a0e6cb30c3b89fa33e9,1d71dae8463e2df37aa498ea8eda3fb8f386087fa0ae9930e97cccf3f2c23392,341014,0,0,43824,106.5630111694336,48.60574722290039,538.2142944335938,158.69114685058594,12,dataset/masks_binary/green_immature/20260430_110027.png,280586,12,2.3382166666666664,0,dataset/masks_binary/pale_pink/20260430_110027.png,0,0,0.0,0,dataset/masks_binary/pink_turns_purple/20260430_110027.png,0,0,0.0,1,dataset/masks_binary/fully_ripe/20260430_110027.png,60428,1,0.5035666666666666,0,dataset/masks_binary/over_ripe/20260430_110027.png,0,0,0.0
20260430_110031,20260430_110031.jpg,train,dataset/images/20260430_110031.jpg,dataset/masks_semantic/20260430_110031.png,dataset/masks_overall/20260430_110031.png,3000,4000,22,4000,3000,6,samsung,Galaxy S24 Ultra,2026:04:30 11:00:31,3519823,3522510,caddd35ceea420ae0dc623a9f9f692e4009886e4514c45f598a4a871095a38c0,6d3c26f37dec69aa9da9d9f73a9c72432a3d9d59df11f214dfb0c2e092331b75,275375,0,0,53464,105.3056869506836,55.7674446105957,867.3392944335938,121.19547271728516,18,dataset/masks_binary/green_immature/20260430_110031.png,163675,19,1.3639583333333334,0,dataset/masks_binary/pale_pink/20260430_110031.png,0,0,0.0,0,dataset/masks_binary/pink_turns_purple/20260430_110031.png,0,0,0.0,4,dataset/masks_binary/fully_ripe/20260430_110031.png,111700,4,0.9308333333333333,0,dataset/masks_binary/over_ripe/20260430_110031.png,0,0,0.0
20260430_110035,20260430_110035.jpg,train,dataset/images/20260430_110035.jpg,dataset/masks_semantic/20260430_110035.png,dataset/masks_overall/20260430_110035.png,3000,4000,23,4000,3000,6,samsung,Galaxy S24 Ultra,2026:04:30 11:00:35,3440194,3404266,0579a062b52723bc19b0e5b8e609ab958960b04abfb300ca7f0e263af54c8e1e,9d4b910113d8ced6912dc2813c1ac463f4b845d7959845318a0334fe7c67db61,361923,8,0,69309,111.1563491821289,55.767147064208984,737.8289184570312,121.6144790649414,11,dataset/masks_binary/green_immature/20260430_110035.png,101208,11,0.8434,0,dataset/masks_binary/pale_pink/20260430_110035.png,0,0,0.0,0,dataset/masks_binary/pink_turns_purple/20260430_110035.png,0,0,0.0,12,dataset/masks_binary/fully_ripe/20260430_110035.png,260723,12,2.1726916666666667,0,dataset/masks_binary/over_ripe/20260430_110035.png,0,0,0.0
20260430_110039,20260430_110039.jpg,train,dataset/images/20260430_110039.jpg,dataset/masks_semantic/20260430_110039.png,dataset/masks_overall/20260430_110039.png,3000,4000,21,4000,3000,6,samsung,Galaxy S24 Ultra,2026:04:30 11:00:40,3173316,3231140,79602d13f53dedbfd8117f65a918c97d6b2c9f092e4382933141ad2f941994f0,badffba2288d3b034c8f1f0c650e65d50cc22a7bb7a05b2bdaf06c7b24886c6a,324328,4,0,56523,111.95227813720703,47.96670913696289,934.832275390625,152.93614196777344,13,dataset/masks_binary/green_immature/20260430_110039.png,179534,16,1.4961166666666665,0,dataset/masks_binary/pale_pink/20260430_110039.png,0,0,0.0,4,dataset/masks_binary/pink_turns_purple/20260430_110039.png,51675,5,0.43062500000000004,4,dataset/masks_binary/fully_ripe/20260430_110039.png,93123,4,0.776025,0,dataset/masks_binary/over_ripe/20260430_110039.png,0,0,0.0
20260430_110050,20260430_110050.jpg,train,dataset/images/20260430_110050.jpg,dataset/masks_semantic/20260430_110050.png,dataset/masks_overall/20260430_110050.png,3000,4000,35,4000,3000,6,samsung,Galaxy S24 Ultra,2026:04:30 11:00:49,3556059,3572748,c4e09a735c02effdc9575bfcb2f8bb0e07c84002c3b2231c57735964d385dc2f,e9938b6008c1f6b3ad14e560741f8ef61ee5941f86ae2d05a4484b8fb86ed74e,816194,0,0,111812,111.7070541381836,54.4910888671875,1012.0086059570312,129.90208435058594,35,dataset/masks_binary/green_immature/20260430_110050.png,816194,36,6.801616666666667,0,dataset/masks_binary/pale_pink/20260430_110050.png,0,0,0.0,0,dataset/masks_binary/pink_turns_purple/20260430_110050.png,0,0,0.0,0,dataset/masks_binary/fully_ripe/20260430_110050.png,0,0,0.0,0,dataset/masks_binary/over_ripe/20260430_110050.png,0,0,0.0
20260430_110102,20260430_110102.jpg,train,dataset/images/20260430_110102.jpg,dataset/masks_semantic/20260430_110102.png,dataset/masks_overall/20260430_110102.png,3000,4000,88,4000,3000,6,samsung,Galaxy S24 Ultra,2026:04:30 11:01:02,4038766,4147231,bd8b364f4f68446e5c9a2786319b0c501cf7bc61cef9a0843a0840e471c3bf8a,673471c4ff3e11eec079bbaaaf15262022e0b77f1c5c27991a34dddd3a299742,826172,0,0,172413,113.71087646484375,48.855186462402344,1800.4547119140625,138.50323486328125,84,dataset/masks_binary/green_immature/20260430_110102.png,774092,86,6.450766666666667,1,dataset/masks_binary/pale_pink/20260430_110102.png,10238,1,0.08531666666666667,0,dataset/masks_binary/pink_turns_purple/20260430_110102.png,0,0,0.0,3,dataset/masks_binary/fully_ripe/20260430_110102.png,41842,3,0.34868333333333335,0,dataset/masks_binary/over_ripe/20260430_110102.png,0,0,0.0
20260430_110106,20260430_110106.jpg,train,dataset/images/20260430_110106.jpg,dataset/masks_semantic/20260430_110106.png,dataset/masks_overall/20260430_110106.png,3000,4000,22,4000,3000,6,samsung,Galaxy S24 Ultra,2026:04:30 11:01:06,3368300,3363687,2c1772300e1e95a97587bdf7c3de3fac765bf861637a918b9329dfeef15dbbb7,9522041452600cf1c07a65f2f2e36b287f6dd3a079c587781099ce8298e67e61,502003,0,0,69598,98.6339111328125,51.5190544128418,865.16455078125,117.84652709960938,19,dataset/masks_binary/green_immature/20260430_110106.png,352008,19,2.9334,1,dataset/masks_binary/pale_pink/20260430_110106.png,44256,1,0.36879999999999996,0,dataset/masks_binary/pink_turns_purple/20260430_110106.png,0,0,0.0,2,dataset/masks_binary/fully_ripe/20260430_110106.png,105739,2,0.8811583333333333,0,dataset/masks_binary/over_ripe/20260430_110106.png,0,0,0.0
20260430_110111,20260430_110111.jpg,train,dataset/images/20260430_110111.jpg,dataset/masks_semantic/20260430_110111.png,dataset/masks_overall/20260430_110111.png,3000,4000,43,4000,3000,6,samsung,Galaxy S24 Ultra,2026:04:30 11:01:11,3970486,4071130,4b44aaab3ccea982e48100c9994db60bab129101f4e251d5dd1c2433f3279dbf,38d3e45eb44afdb2a02ca8f692f1e204d199828147011fc1e7bc65276f7e6f49,585943,5,0,111489,106.1598129272461,49.28972244262695,1524.1021728515625,140.7435760498047,36,dataset/masks_binary/green_immature/20260430_110111.png,386300,40,3.2191666666666667,2,dataset/masks_binary/pale_pink/20260430_110111.png,77884,2,0.6490333333333334,0,dataset/masks_binary/pink_turns_purple/20260430_110111.png,0,0,0.0,5,dataset/masks_binary/fully_ripe/20260430_110111.png,121764,5,1.0147,0,dataset/masks_binary/over_ripe/20260430_110111.png,0,0,0.0
20260430_110121,20260430_110121.jpg,train,dataset/images/20260430_110121.jpg,dataset/masks_semantic/20260430_110121.png,dataset/masks_overall/20260430_110121.png,3000,4000,29,4000,3000,6,samsung,Galaxy S24 Ultra,2026:04:30 11:01:21,4016642,4145742,4870833ac788595e7903280a81d27a5b6687243285c45b39b15c815cb9d3051e,90f79c67d287c69c5627cebf78002dc2e8602225cf1ae492eee4cc5fdd6774c3,280848,0,0,62591,111.5335922241211,50.01677322387695,1612.705078125,130.56781005859375,15,dataset/masks_binary/green_immature/20260430_110121.png,110896,15,0.9241333333333334,2,dataset/masks_binary/pale_pink/20260430_110121.png,22634,2,0.18861666666666665,2,dataset/masks_binary/pink_turns_purple/20260430_110121.png,33743,2,0.2811916666666667,10,dataset/masks_binary/fully_ripe/20260430_110121.png,113575,10,0.9464583333333334,0,dataset/masks_binary/over_ripe/20260430_110121.png,0,0,0.0
20260430_110127,20260430_110127.jpg,train,dataset/images/20260430_110127.jpg,dataset/masks_semantic/20260430_110127.png,dataset/masks_overall/20260430_110127.png,3000,4000,31,4000,3000,6,samsung,Galaxy S24 Ultra,2026:04:30 11:01:27,3355002,3287874,9b080d4a855299f0f553902635af69c537368b000bc50d9ac0505f2d175d95df,8751c570152e93b33d2eb328a6517678a396d2069cfa2236df58cff84875222d,681216,0,0,104125,110.38031005859375,50.540985107421875,512.3866577148438,133.7218780517578,28,dataset/masks_binary/green_immature/20260430_110127.png,521109,29,4.342575,0,dataset/masks_binary/pale_pink/20260430_110127.png,0,0,0.0,1,dataset/masks_binary/pink_turns_purple/20260430_110127.png,47715,1,0.39762499999999995,2,dataset/masks_binary/fully_ripe/20260430_110127.png,112392,2,0.9365999999999999,0,dataset/masks_binary/over_ripe/20260430_110127.png,0,0,0.0
20260430_110130,20260430_110130.jpg,test,dataset/images/20260430_110130.jpg,dataset/masks_semantic/20260430_110130.png,dataset/masks_overall/20260430_110130.png,3000,4000,32,4000,3000,6,samsung,Galaxy S24 Ultra,2026:04:30 11:01:30,3664042,3701128,3dbb90c57cf771b80bc6471ee19d1e583cac35979957fac0ecffea94b6fe9abf,26413224336729fa41b309084bc35198633bb6891cd0be82fddecb592fc44cbb,586133,2,0,86990,99.33800506591797,42.60218048095703,784.2431640625,133.37684631347656,21,dataset/masks_binary/green_immature/20260430_110130.png,259980,21,2.1665,2,dataset/masks_binary/pale_pink/20260430_110130.png,23347,2,0.19455833333333333,2,dataset/masks_binary/pink_turns_purple/20260430_110130.png,74647,2,0.6220583333333333,7,dataset/masks_binary/fully_ripe/20260430_110130.png,228161,7,1.9013416666666667,0,dataset/masks_binary/over_ripe/20260430_110130.png,0,0,0.0
20260430_110141,20260430_110141.jpg,train,dataset/images/20260430_110141.jpg,dataset/masks_semantic/20260430_110141.png,dataset/masks_overall/20260430_110141.png,3000,4000,12,4000,3000,6,samsung,Galaxy S24 Ultra,2026:04:30 11:01:41,3141777,3054013,ecab5018a3eb4906663c7396e41643adc8e9f1db8b188a41290776e0487f7740,f1148ddae3cbebf026a586e25b1cd8a6bd4e5d8d8329cac57f7bb9738daed478,545441,1,0,48629,108.5074691772461,52.30939865112305,457.5581359863281,139.1388397216797,4,dataset/masks_binary/green_immature/20260430_110141.png,66079,4,0.5506583333333332,1,dataset/masks_binary/pale_pink/20260430_110141.png,62234,1,0.5186166666666667,1,dataset/masks_binary/pink_turns_purple/20260430_110141.png,32170,1,0.26808333333333334,6,dataset/masks_binary/fully_ripe/20260430_110141.png,384959,6,3.2079916666666666,0,dataset/masks_binary/over_ripe/20260430_110141.png,0,0,0.0
20260430_110146,20260430_110146.jpg,train,dataset/images/20260430_110146.jpg,dataset/masks_semantic/20260430_110146.png,dataset/masks_overall/20260430_110146.png,3000,4000,9,4000,3000,6,samsung,Galaxy S24 Ultra,2026:04:30 11:01:46,3072500,2909615,bf2e56a97882b598c5da05c2335cd9d70ee1656c0c60d0847ff5129d4fccbe10,ff24663050caf9c449876a359be432f458c0340a0fa853b84c20fdfa94e2f13c,350681,1,0,38205,115.84355926513672,54.37834930419922,313.0619812011719,143.53822326660156,5,dataset/masks_binary/green_immature/20260430_110146.png,144996,5,1.2083,2,dataset/masks_binary/pale_pink/20260430_110146.png,101479,2,0.8456583333333333,0,dataset/masks_binary/pink_turns_purple/20260430_110146.png,0,0,0.0,2,dataset/masks_binary/fully_ripe/20260430_110146.png,104207,2,0.8683916666666667,0,dataset/masks_binary/over_ripe/20260430_110146.png,0,0,0.0
20260430_110152,20260430_110152.jpg,train,dataset/images/20260430_110152.jpg,dataset/masks_semantic/20260430_110152.png,dataset/masks_overall/20260430_110152.png,3000,4000,16,4000,3000,6,samsung,Galaxy S24 Ultra,2026:04:30 11:01:52,3485527,3421589,1d477438926ed988c5e603e819c7cc301e00ee8c1780fe1a580136cb6ab5490a,2559312206d789cb2841679c53b5f1cc3e58c51f155825649f51de3d4b27fd17,512512,1,0,62418,99.3018569946289,47.11323547363281,640.2489013671875,147.7393798828125,10,dataset/masks_binary/green_immature/20260430_110152.png,202045,11,1.6837083333333331,0,dataset/masks_binary/pale_pink/20260430_110152.png,0,0,0.0,1,dataset/masks_binary/pink_turns_purple/20260430_110152.png,74609,1,0.6217416666666667,5,dataset/masks_binary/fully_ripe/20260430_110152.png,235859,5,1.9654916666666669,0,dataset/masks_binary/over_ripe/20260430_110152.png,0,0,0.0
20260430_110158,20260430_110158.jpg,train,dataset/images/20260430_110158.jpg,dataset/masks_semantic/20260430_110158.png,dataset/masks_overall/20260430_110158.png,3000,4000,57,4000,3000,6,samsung,Galaxy S24 Ultra,2026:04:30 11:01:58,3414184,3435413,c398205e6237f072e5010eaf02a1b3e7dcc27a1f5a94e06a451710badb46b25f,d4f1b5418c82b4d3079f377d24bd8352dabcb65a638c05f4c1c7fcaa92de9d4a,663402,3,0,139721,108.7394790649414,62.793479919433594,1028.5989990234375,90.28267669677734,33,dataset/masks_binary/green_immature/20260430_110158.png,179080,34,1.4923333333333333,0,dataset/masks_binary/pale_pink/20260430_110158.png,0,0,0.0,2,dataset/masks_binary/pink_turns_purple/20260430_110158.png,25229,2,0.21024166666666666,22,dataset/masks_binary/fully_ripe/20260430_110158.png,459096,23,3.8258,0,dataset/masks_binary/over_ripe/20260430_110158.png,0,0,0.0
20260430_110204,20260430_110204.jpg,train,dataset/images/20260430_110204.jpg,dataset/masks_semantic/20260430_110204.png,dataset/masks_overall/20260430_110204.png,3000,4000,27,4000,3000,6,samsung,Galaxy S24 Ultra,2026:04:30 11:02:04,3536610,3567017,eabc2795a59b8a4b24f4063dfa9e5003088b4737b746bf8d410646e195ecc231,2edd14eb2c92755fd314eabf6579138b924beb5f961cd6e637b71b2a5f1b68e5,533194,0,0,82894,109.11077880859375,54.10926818847656,962.247802734375,136.91041564941406,21,dataset/masks_binary/green_immature/20260430_110204.png,370302,21,3.08585,1,dataset/masks_binary/pale_pink/20260430_110204.png,48437,1,0.4036416666666666,1,dataset/masks_binary/pink_turns_purple/20260430_110204.png,12065,1,0.10054166666666667,4,dataset/masks_binary/fully_ripe/20260430_110204.png,102390,4,0.8532500000000001,0,dataset/masks_binary/over_ripe/20260430_110204.png,0,0,0.0
20260430_110206,20260430_110206.jpg,train,dataset/images/20260430_110206.jpg,dataset/masks_semantic/20260430_110206.png,dataset/masks_overall/20260430_110206.png,3000,4000,20,4000,3000,6,samsung,Galaxy S24 Ultra,2026:04:30 11:02:06,3572539,3574692,ae7cea233c4d28357bfe3e63a2c3ca15a6947637d26e8e89a54eb6b98bbaf35c,3769d6cda04e561411cfb3a3cd51ee06cfaac2318b28484c157a9dfcccd3c41c,206321,0,0,43758,114.3908462524414,50.78600311279297,833.7205200195312,150.23280334472656,15,dataset/masks_binary/green_immature/20260430_110206.png,158271,15,1.318925,3,dataset/masks_binary/pale_pink/20260430_110206.png,35393,3,0.29494166666666666,0,dataset/masks_binary/pink_turns_purple/20260430_110206.png,0,0,0.0,2,dataset/masks_binary/fully_ripe/20260430_110206.png,12657,2,0.10547499999999999,0,dataset/masks_binary/over_ripe/20260430_110206.png,0,0,0.0
20260430_110212,20260430_110212.jpg,train,dataset/images/20260430_110212.jpg,dataset/masks_semantic/20260430_110212.png,dataset/masks_overall/20260430_110212.png,3000,4000,30,4000,3000,6,samsung,Galaxy S24 Ultra,2026:04:30 11:02:12,3703401,3750133,fbd3af7265fc505e06f5bab6be8589a1fdd8f9af5aee3054ee744bd695030b12,e5d87c130021d0b09574b1b5cdadc398f1a2f2ea584e07d85cefd36f9db1e51b,393154,6,0,73959,111.2031478881836,52.57147979736328,1032.8145751953125,147.21084594726562,21,dataset/masks_binary/green_immature/20260430_110212.png,227941,26,1.8995083333333334,0,dataset/masks_binary/pale_pink/20260430_110212.png,0,0,0.0,0,dataset/masks_binary/pink_turns_purple/20260430_110212.png,0,0,0.0,9,dataset/masks_binary/fully_ripe/20260430_110212.png,165219,11,1.376825,0,dataset/masks_binary/over_ripe/20260430_110212.png,0,0,0.0
20260430_110222,20260430_110222.jpg,train,dataset/images/20260430_110222.jpg,dataset/masks_semantic/20260430_110222.png,dataset/masks_overall/20260430_110222.png,3000,4000,17,4000,3000,6,samsung,Galaxy S24 Ultra,2026:04:30 11:02:22,3350272,3275593,274a2ce258676b27f0802a671bc2d0f5af03f69dadf76576238c4ae14cc69c79,f513821b9e62abc16a717738ead198b9122932d8564138d55ece8acb34fc0f27,576229,0,0,71667,115.77294921875,52.01575469970703,483.4310302734375,163.63551330566406,12,dataset/masks_binary/green_immature/20260430_110222.png,376251,12,3.135425,0,dataset/masks_binary/pale_pink/20260430_110222.png,0,0,0.0,1,dataset/masks_binary/pink_turns_purple/20260430_110222.png,67998,1,0.56665,4,dataset/masks_binary/fully_ripe/20260430_110222.png,131980,4,1.0998333333333334,0,dataset/masks_binary/over_ripe/20260430_110222.png,0,0,0.0
20260430_110238,20260430_110238.jpg,train,dataset/images/20260430_110238.jpg,dataset/masks_semantic/20260430_110238.png,dataset/masks_overall/20260430_110238.png,3000,4000,9,4000,3000,6,samsung,Galaxy S24 Ultra,2026:04:30 11:02:38,3711209,3716414,63eda772b76d3087438d872dd24a0c212c2a6e55787ec040b0d4e67aa9d88ef5,165ea83632632d46ff64ed7bd079c7b2568e60c9a249c4ea21b8b951b4a1c272,138131,0,0,23924,101.03572845458984,48.60979080200195,772.7816772460938,156.0207977294922,8,dataset/masks_binary/green_immature/20260430_110238.png,96885,8,0.807375,1,dataset/masks_binary/pale_pink/20260430_110238.png,41246,1,0.34371666666666667,0,dataset/masks_binary/pink_turns_purple/20260430_110238.png,0,0,0.0,0,dataset/masks_binary/fully_ripe/20260430_110238.png,0,0,0.0,0,dataset/masks_binary/over_ripe/20260430_110238.png,0,0,0.0
20260430_110243,20260430_110243.jpg,train,dataset/images/20260430_110243.jpg,dataset/masks_semantic/20260430_110243.png,dataset/masks_overall/20260430_110243.png,3000,4000,6,4000,3000,6,samsung,Galaxy S24 Ultra,2026:04:30 11:02:43,3639275,3629143,871bd9838a1a353b9996d3e329cdf272f0163d32ae33e67703117922d939f81e,c435e8da770ece2899c56d63288c715ab1dec83be71c1ae5c30d511e2c670efd,174800,6,0,24013,103.8608169555664,53.69894027709961,774.5117797851562,119.2193374633789,2,dataset/masks_binary/green_immature/20260430_110243.png,62017,2,0.5168083333333333,0,dataset/masks_binary/pale_pink/20260430_110243.png,0,0,0.0,3,dataset/masks_binary/pink_turns_purple/20260430_110243.png,77974,3,0.6497833333333334,1,dataset/masks_binary/fully_ripe/20260430_110243.png,34815,1,0.290125,0,dataset/masks_binary/over_ripe/20260430_110243.png,0,0,0.0
20260430_110250,20260430_110250.jpg,train,dataset/images/20260430_110250.jpg,dataset/masks_semantic/20260430_110250.png,dataset/masks_overall/20260430_110250.png,3000,4000,106,4000,3000,6,samsung,Galaxy S24 Ultra,2026:04:30 11:02:50,3889387,4030243,f783189187fd6e730ce4733c997a427bdaa3bfc0dd455a73e61d7619802e724a,2ede291b023236c465c18f1d1186af49668eb6ca97a85e92e7fb1a71dc8706ab,576074,22,0,153010,100.98089599609375,49.49006271362305,2589.471923828125,128.316650390625,87,dataset/masks_binary/green_immature/20260430_110250.png,277905,90,2.3158749999999997,1,dataset/masks_binary/pale_pink/20260430_110250.png,32861,1,0.27384166666666665,1,dataset/masks_binary/pink_turns_purple/20260430_110250.png,2301,1,0.019175,17,dataset/masks_binary/fully_ripe/20260430_110250.png,263029,19,2.191908333333333,0,dataset/masks_binary/over_ripe/20260430_110250.png,0,0,0.0
20260430_110309,20260430_110309.jpg,train,dataset/images/20260430_110309.jpg,dataset/masks_semantic/20260430_110309.png,dataset/masks_overall/20260430_110309.png,3000,4000,38,4000,3000,6,samsung,Galaxy S24 Ultra,2026:04:30 11:03:09,3303903,3216317,c699fc62b34f769d7de84d86e4b9a3f34f2cc0bd3e15662fdba9b12fa8d47ba3,8f3b6966953a68883def26abc31e52869af9f1422b402c7d8b571dbfea8b239b,375326,0,0,76992,109.32584381103516,53.92819595336914,518.75927734375,90.29341888427734,34,dataset/masks_binary/green_immature/20260430_110309.png,308508,34,2.5709,0,dataset/masks_binary/pale_pink/20260430_110309.png,0,0,0.0,1,dataset/masks_binary/pink_turns_purple/20260430_110309.png,30135,1,0.251125,3,dataset/masks_binary/fully_ripe/20260430_110309.png,36683,3,0.30569166666666664,0,dataset/masks_binary/over_ripe/20260430_110309.png,0,0,0.0
20260430_110312,20260430_110312.jpg,train,dataset/images/20260430_110312.jpg,dataset/masks_semantic/20260430_110312.png,dataset/masks_overall/20260430_110312.png,3000,4000,19,4000,3000,6,samsung,Galaxy S24 Ultra,2026:04:30 11:03:12,3165000,3043634,771273edd3d79cd903a0e31f927fff10d20a1b75c633f735c5b42374e781d58e,3497ff49829617a09ab252727a6b5504c3cca8d73698b684cce6433822cbe0cf,577044,9,0,74822,105.2848892211914,58.475399017333984,424.3863830566406,91.8968505859375,8,dataset/masks_binary/green_immature/20260430_110312.png,228692,8,1.9057666666666666,1,dataset/masks_binary/pale_pink/20260430_110312.png,23882,1,0.19901666666666665,2,dataset/masks_binary/pink_turns_purple/20260430_110312.png,56852,2,0.47376666666666667,8,dataset/masks_binary/fully_ripe/20260430_110312.png,267627,9,2.230225,0,dataset/masks_binary/over_ripe/20260430_110312.png,0,0,0.0
20260430_110315,20260430_110315.jpg,train,dataset/images/20260430_110315.jpg,dataset/masks_semantic/20260430_110315.png,dataset/masks_overall/20260430_110315.png,3000,4000,13,4000,3000,6,samsung,Galaxy S24 Ultra,2026:04:30 11:03:15,3250957,3162920,42bbadc3f20007cffd86ba230b3d81f5ad80058a1d1ac479b5f67516bab7cc44,b4bbd6ff0dbe02507e27f7250897876907a3192094a435a1f6eab49d1de33977,219797,2,0,40491,109.14056396484375,56.62628173828125,556.86572265625,86.47610473632812,2,dataset/masks_binary/green_immature/20260430_110315.png,58104,2,0.4842,0,dataset/masks_binary/pale_pink/20260430_110315.png,0,0,0.0,2,dataset/masks_binary/pink_turns_purple/20260430_110315.png,63077,2,0.5256416666666667,9,dataset/masks_binary/fully_ripe/20260430_110315.png,98618,10,0.8218166666666668,0,dataset/masks_binary/over_ripe/20260430_110315.png,0,0,0.0
20260430_110322,20260430_110322.jpg,train,dataset/images/20260430_110322.jpg,dataset/masks_semantic/20260430_110322.png,dataset/masks_overall/20260430_110322.png,3000,4000,22,4000,3000,6,samsung,Galaxy S24 Ultra,2026:04:30 11:03:22,3788158,3750517,f9de5509eb64098d44fa03ff21ed0e217a58e4bd60f35c021362ff1938f52380,dfc14d39531707c6382ea30c42b701e0c4a064be8a921e9e9ccd8f39a4f6f8db,583762,0,0,69509,116.63227081298828,49.54090881347656,691.3969116210938,156.3214111328125,12,dataset/masks_binary/green_immature/20260430_110322.png,107024,12,0.8918666666666667,1,dataset/masks_binary/pale_pink/20260430_110322.png,49068,1,0.4089,0,dataset/masks_binary/pink_turns_purple/20260430_110322.png,0,0,0.0,9,dataset/masks_binary/fully_ripe/20260430_110322.png,427670,11,3.5639166666666666,0,dataset/masks_binary/over_ripe/20260430_110322.png,0,0,0.0
20260430_110332,20260430_110332.jpg,val,dataset/images/20260430_110332.jpg,dataset/masks_semantic/20260430_110332.png,dataset/masks_overall/20260430_110332.png,3000,4000,20,4000,3000,6,samsung,Galaxy S24 Ultra,2026:04:30 11:03:32,3326977,3254867,bc24659e2ae9c708e5b13aeeebabcf9c23cb0dd490da0131cb11ccb3d1f0e66d,38b44e34d6cb31d2543e81b181cced742096f47e08dc2208affd2c37aa002a53,480459,0,0,64029,106.703125,47.93352127075195,459.5478210449219,136.47109985351562,14,dataset/masks_binary/green_immature/20260430_110332.png,182263,14,1.5188583333333334,1,dataset/masks_binary/pale_pink/20260430_110332.png,131808,1,1.0984,0,dataset/masks_binary/pink_turns_purple/20260430_110332.png,0,0,0.0,5,dataset/masks_binary/fully_ripe/20260430_110332.png,166388,5,1.3865666666666667,0,dataset/masks_binary/over_ripe/20260430_110332.png,0,0,0.0
20260430_110337,20260430_110337.jpg,train,dataset/images/20260430_110337.jpg,dataset/masks_semantic/20260430_110337.png,dataset/masks_overall/20260430_110337.png,3000,4000,22,4000,3000,6,samsung,Galaxy S24 Ultra,2026:04:30 11:03:37,3725264,3699004,b7f93a859e86c2f915d5b7f9070b6c6a00c1ee19df2064235c3046f92682bb2c,97c08f6210ab8d2a6a8df46c00d7dfa964a64fea160ac22492073d783d773319,419750,0,0,62155,112.7653579711914,49.75343322753906,687.3829956054688,160.74305725097656,19,dataset/masks_binary/green_immature/20260430_110337.png,262823,19,2.1901916666666668,1,dataset/masks_binary/pale_pink/20260430_110337.png,51674,1,0.43061666666666665,0,dataset/masks_binary/pink_turns_purple/20260430_110337.png,0,0,0.0,2,dataset/masks_binary/fully_ripe/20260430_110337.png,105253,3,0.8771083333333334,0,dataset/masks_binary/over_ripe/20260430_110337.png,0,0,0.0
20260430_110351,20260430_110351.jpg,train,dataset/images/20260430_110351.jpg,dataset/masks_semantic/20260430_110351.png,dataset/masks_overall/20260430_110351.png,3000,4000,28,4000,3000,6,samsung,Galaxy S24 Ultra,2026:04:30 11:03:51,3633766,3691932,3dd9325d0da6208dbe694db3915b6fb306fb6f57c11fb2c5def8a78c720cdda5,27522148e3f56392a959a2ba0cd0af30385fec2b59afb4489930b62cfb62a8ce,263284,18,0,58387,101.87218475341797,46.00706481933594,866.5891723632812,140.6413116455078,17,dataset/masks_binary/green_immature/20260430_110351.png,131888,18,1.0990666666666666,1,dataset/masks_binary/pale_pink/20260430_110351.png,18768,1,0.1564,2,dataset/masks_binary/pink_turns_purple/20260430_110351.png,20242,3,0.16868333333333332,8,dataset/masks_binary/fully_ripe/20260430_110351.png,92404,8,0.7700333333333333,0,dataset/masks_binary/over_ripe/20260430_110351.png,0,0,0.0
20260430_110358,20260430_110358.jpg,train,dataset/images/20260430_110358.jpg,dataset/masks_semantic/20260430_110358.png,dataset/masks_overall/20260430_110358.png,3000,4000,31,4000,3000,6,samsung,Galaxy S24 Ultra,2026:04:30 11:03:58,3599305,3652590,5aaa3386f95575bd3c8eebca72ef148b75f9a7d206a1aa1ce44fbdd417cb7e6c,7285be5ee0b4a76b4e7bc1193d98cf82d3c46d6b5d5dffa3515ef37938caac24,371291,1,0,73263,103.56652069091797,48.56601333618164,855.5598754882812,131.6965789794922,22,dataset/masks_binary/green_immature/20260430_110358.png,197534,22,1.6461166666666665,1,dataset/masks_binary/pale_pink/20260430_110358.png,4494,1,0.03745,3,dataset/masks_binary/pink_turns_purple/20260430_110358.png,87962,6,0.7330166666666666,5,dataset/masks_binary/fully_ripe/20260430_110358.png,81302,5,0.6775166666666667,0,dataset/masks_binary/over_ripe/20260430_110358.png,0,0,0.0
20260430_110404,20260430_110404.jpg,train,dataset/images/20260430_110404.jpg,dataset/masks_semantic/20260430_110404.png,dataset/masks_overall/20260430_110404.png,3000,4000,21,4000,3000,6,samsung,Galaxy S24 Ultra,2026:04:30 11:04:04,3391245,3357092,39857a4c6d2779d97dffb6b89ed55b5698b9aa3bbf129f692a8b70a669636c2a,f59f0eadfce4ebd639d5b0d76dcd90201174e7cdd68f76ee7c5c9e1de3611eb4,155766,0,0,39294,103.19942474365234,50.43984603881836,721.48193359375,139.6380615234375,18,dataset/masks_binary/green_immature/20260430_110404.png,109280,20,0.9106666666666667,2,dataset/masks_binary/pale_pink/20260430_110404.png,44660,2,0.37216666666666665,0,dataset/masks_binary/pink_turns_purple/20260430_110404.png,0,0,0.0,1,dataset/masks_binary/fully_ripe/20260430_110404.png,1826,1,0.015216666666666667,0,dataset/masks_binary/over_ripe/20260430_110404.png,0,0,0.0
20260430_110410,20260430_110410.jpg,train,dataset/images/20260430_110410.jpg,dataset/masks_semantic/20260430_110410.png,dataset/masks_overall/20260430_110410.png,3000,4000,10,4000,3000,6,samsung,Galaxy S24 Ultra,2026:04:30 11:04:10,3263862,3140756,fc69319340cc37affef5342020209fade09271f7fe1fdb30a480d7f8b672f09f,8f25e268746c6113239b821a6bd5471b61cd5223ee9f4e0fb720dc861ee4851a,252601,0,0,38619,109.11663818359375,56.83662033081055,407.1537780761719,102.96111297607422,4,dataset/masks_binary/green_immature/20260430_110410.png,52661,4,0.43884166666666663,1,dataset/masks_binary/pale_pink/20260430_110410.png,63532,1,0.5294333333333333,0,dataset/masks_binary/pink_turns_purple/20260430_110410.png,0,0,0.0,5,dataset/masks_binary/fully_ripe/20260430_110410.png,136408,6,1.1367333333333334,0,dataset/masks_binary/over_ripe/20260430_110410.png,0,0,0.0
20260430_110416,20260430_110416.jpg,test,dataset/images/20260430_110416.jpg,dataset/masks_semantic/20260430_110416.png,dataset/masks_overall/20260430_110416.png,3000,4000,43,4000,3000,6,samsung,Galaxy S24 Ultra,2026:04:30 11:04:15,3197429,3127623,b585d17ad30f1df7642ed997821c575e481c2a6c2ad7ce7ac764949ab58908e5,15e88d0cd0ad10bcd8a0d6641553f4b4b14a1648587b566264e4a1e8b87f2fa5,352563,1,0,87111,98.62176513671875,59.35150146484375,570.9808959960938,103.7206802368164,29,dataset/masks_binary/green_immature/20260430_110416.png,213837,29,1.7819749999999999,0,dataset/masks_binary/pale_pink/20260430_110416.png,0,0,0.0,1,dataset/masks_binary/pink_turns_purple/20260430_110416.png,1247,1,0.010391666666666667,13,dataset/masks_binary/fully_ripe/20260430_110416.png,137480,13,1.1456666666666666,0,dataset/masks_binary/over_ripe/20260430_110416.png,0,0,0.0
20260430_110420,20260430_110420.jpg,train,dataset/images/20260430_110420.jpg,dataset/masks_semantic/20260430_110420.png,dataset/masks_overall/20260430_110420.png,3000,4000,29,4000,3000,6,samsung,Galaxy S24 Ultra,2026:04:30 11:04:20,3713357,3775264,78625defa308f17217254e37924c31d1fc236a7ce6355135c900b9de3cf66b0c,d6d290d85c01a580de774549206f46a00a7d8cea896f14c0ba74bc376659fa23,410608,1,0,72372,103.48270416259766,53.38163375854492,1103.7103271484375,109.8012924194336,10,dataset/masks_binary/green_immature/20260430_110420.png,67435,10,0.5619583333333333,1,dataset/masks_binary/pale_pink/20260430_110420.png,20266,1,0.16888333333333333,0,dataset/masks_binary/pink_turns_purple/20260430_110420.png,0,0,0.0,18,dataset/masks_binary/fully_ripe/20260430_110420.png,322908,21,2.6909,0,dataset/masks_binary/over_ripe/20260430_110420.png,0,0,0.0
20260430_110428,20260430_110428.jpg,val,dataset/images/20260430_110428.jpg,dataset/masks_semantic/20260430_110428.png,dataset/masks_overall/20260430_110428.png,3000,4000,22,4000,3000,6,samsung,Galaxy S24 Ultra,2026:04:30 11:04:28,3318849,3283551,3a93248d8837cc08def0a5e3585b158fc26bd26a99af9675c3be1bee6c05865f,52b8604defc8e6da1fd138e8c715a0a08ef3264967dc486b45b9babc84629c92,311596,2,0,46972,101.82808685302734,56.222877502441406,571.7688598632812,111.66830444335938,10,dataset/masks_binary/green_immature/20260430_110428.png,25486,11,0.21238333333333334,1,dataset/masks_binary/pale_pink/20260430_110428.png,60799,1,0.5066583333333333,1,dataset/masks_binary/pink_turns_purple/20260430_110428.png,2007,1,0.016725,10,dataset/masks_binary/fully_ripe/20260430_110428.png,223306,10,1.8608833333333334,0,dataset/masks_binary/over_ripe/20260430_110428.png,0,0,0.0
20260430_110434,20260430_110434.jpg,train,dataset/images/20260430_110434.jpg,dataset/masks_semantic/20260430_110434.png,dataset/masks_overall/20260430_110434.png,3000,4000,56,4000,3000,6,samsung,Galaxy S24 Ultra,2026:04:30 11:04:34,3521073,3557558,c9418f9592e7affa2f809ae58e8e4e4b18ca8cc5699a488cf963ef2ba3f2051c,14e5580d04989b471f3be14f34123a12b019573e5f32223053c63c98625e14af,570802,6,0,120603,115.9447021484375,50.386497497558594,1037.0067138671875,137.59495544433594,28,dataset/masks_binary/green_immature/20260430_110434.png,205889,31,1.7157416666666667,6,dataset/masks_binary/pale_pink/20260430_110434.png,101705,6,0.8475416666666666,3,dataset/masks_binary/pink_turns_purple/20260430_110434.png,45185,4,0.37654166666666666,19,dataset/masks_binary/fully_ripe/20260430_110434.png,218029,21,1.8169083333333331,0,dataset/masks_binary/over_ripe/20260430_110434.png,0,0,0.0
20260430_110438,20260430_110438.jpg,train,dataset/images/20260430_110438.jpg,dataset/masks_semantic/20260430_110438.png,dataset/masks_overall/20260430_110438.png,3000,4000,51,4000,3000,6,samsung,Galaxy S24 Ultra,2026:04:30 11:04:38,3424212,3383696,869c958804008e917c0827ae0ebf06f6eaa2a9c365778ee9eb937acdc95fb5df,ce41ced8f995ebef5af25c79ebb3660b49048d46d635c2550fc8a3c5fee63a34,418942,1,0,103818,106.4659423828125,53.613739013671875,688.8251342773438,137.03636169433594,43,dataset/masks_binary/green_immature/20260430_110438.png,356321,45,2.9693416666666668,1,dataset/masks_binary/pale_pink/20260430_110438.png,16470,1,0.13725,0,dataset/masks_binary/pink_turns_purple/20260430_110438.png,0,0,0.0,7,dataset/masks_binary/fully_ripe/20260430_110438.png,46152,8,0.3846,0,dataset/masks_binary/over_ripe/20260430_110438.png,0,0,0.0
20260430_110453,20260430_110453.jpg,test,dataset/images/20260430_110453.jpg,dataset/masks_semantic/20260430_110453.png,dataset/masks_overall/20260430_110453.png,3000,4000,87,4000,3000,6,samsung,Galaxy S24 Ultra,2026:04:30 11:04:53,4111186,4251644,47f417461b5cc71345c35c4817a5bfe5c47c269efc9e87e5b712b222723fe70d,15cecc3d1deca9ad722fef0af02bb121482122382412409e80623f6f4affda1d,1186891,30,0,220572,109.90726470947266,50.26774597167969,1739.50732421875,143.4705352783203,57,dataset/masks_binary/green_immature/20260430_110453.png,546683,62,4.555691666666667,4,dataset/masks_binary/pale_pink/20260430_110453.png,44858,4,0.37381666666666663,1,dataset/masks_binary/pink_turns_purple/20260430_110453.png,30137,1,0.25114166666666665,25,dataset/masks_binary/fully_ripe/20260430_110453.png,565225,27,4.710208333333334,0,dataset/masks_binary/over_ripe/20260430_110453.png,0,0,0.0
20260430_110502,20260430_110502.jpg,train,dataset/images/20260430_110502.jpg,dataset/masks_semantic/20260430_110502.png,dataset/masks_overall/20260430_110502.png,3000,4000,16,4000,3000,6,samsung,Galaxy S24 Ultra,2026:04:30 11:05:01,3357296,3274454,e40a58fa0dfd3e3fd1ce95748310f752c551339db61264afe971aca74382dd68,2954bf588b86971ab36d14fbeaa981d77f14edf97eb686d2498be9fb0242266b,461690,0,0,61110,105.22076416015625,51.45579528808594,431.8840026855469,122.671875,6,dataset/masks_binary/green_immature/20260430_110502.png,97675,6,0.8139583333333333,0,dataset/masks_binary/pale_pink/20260430_110502.png,0,0,0.0,0,dataset/masks_binary/pink_turns_purple/20260430_110502.png,0,0,0.0,10,dataset/masks_binary/fully_ripe/20260430_110502.png,364015,10,3.0334583333333334,0,dataset/masks_binary/over_ripe/20260430_110502.png,0,0,0.0
20260430_110507,20260430_110507.jpg,train,dataset/images/20260430_110507.jpg,dataset/masks_semantic/20260430_110507.png,dataset/masks_overall/20260430_110507.png,3000,4000,32,4000,3000,6,samsung,Galaxy S24 Ultra,2026:04:30 11:05:07,3194329,3121268,4af72744e74c24837c08a42fae478dd7a4e86992d1abcaec69ec4ad6c0d80dd2,33751fd6b095a053b702ed9df1df56cb96da92a89e960c2ef5ae3c2165fbd688,651934,3,0,103232,111.78964233398438,58.860443115234375,569.1624145507812,115.3960189819336,21,dataset/masks_binary/green_immature/20260430_110507.png,298302,21,2.4858499999999997,0,dataset/masks_binary/pale_pink/20260430_110507.png,0,0,0.0,0,dataset/masks_binary/pink_turns_purple/20260430_110507.png,0,0,0.0,11,dataset/masks_binary/fully_ripe/20260430_110507.png,353635,15,2.9469583333333333,0,dataset/masks_binary/over_ripe/20260430_110507.png,0,0,0.0
20260430_110513,20260430_110513.jpg,train,dataset/images/20260430_110513.jpg,dataset/masks_semantic/20260430_110513.png,dataset/masks_overall/20260430_110513.png,3000,4000,15,4000,3000,6,samsung,Galaxy S24 Ultra,2026:04:30 11:05:13,3601909,3661036,1d248a0695cef845a956954d65d453dd45aa0010e3ece1506c279a896980fffc,dde25ef1ab62376b79c155f7f5c2f11165205455f51a8c8896c41e56cc939bbc,285316,2,0,45687,102.60015869140625,49.72500228881836,1095.74267578125,124.45709228515625,9,dataset/masks_binary/green_immature/20260430_110513.png,147157,9,1.2263083333333333,0,dataset/masks_binary/pale_pink/20260430_110513.png,0,0,0.0,2,dataset/masks_binary/pink_turns_purple/20260430_110513.png,59831,2,0.49859166666666666,4,dataset/masks_binary/fully_ripe/20260430_110513.png,78330,4,0.65275,0,dataset/masks_binary/over_ripe/20260430_110513.png,0,0,0.0
20260430_110517,20260430_110517.jpg,train,dataset/images/20260430_110517.jpg,dataset/masks_semantic/20260430_110517.png,dataset/masks_overall/20260430_110517.png,3000,4000,28,4000,3000,6,samsung,Galaxy S24 Ultra,2026:04:30 11:05:17,4065859,4210534,6d8f1fd654eb15df6d19091174c0a2e8f1e7a6b74e739536222935b6bd9d8abd,87f90e1dbebe4430caf7a75d97b3edd232ecf828f83a27fcc7c5e2f41c3c8fee,265211,0,0,60257,109.42864990234375,46.72905349731445,1477.4183349609375,146.2716827392578,25,dataset/masks_binary/green_immature/20260430_110517.png,215603,25,1.7966916666666666,2,dataset/masks_binary/pale_pink/20260430_110517.png,42616,3,0.35513333333333336,0,dataset/masks_binary/pink_turns_purple/20260430_110517.png,0,0,0.0,1,dataset/masks_binary/fully_ripe/20260430_110517.png,6992,1,0.05826666666666667,0,dataset/masks_binary/over_ripe/20260430_110517.png,0,0,0.0
20260430_110525,20260430_110525.jpg,train,dataset/images/20260430_110525.jpg,dataset/masks_semantic/20260430_110525.png,dataset/masks_overall/20260430_110525.png,3000,4000,20,4000,3000,6,samsung,Galaxy S24 Ultra,2026:04:30 11:05:25,3983267,4042027,1b81a1a43c8e15df6f9884cc0999a8ce4fa04e073e63d7feecac9766280d2b5e,465ef4d528b5b6f021885b32e216409b85466e09e898084c97c00355f2369dc0,259530,0,0,47746,119.0108413696289,47.099647521972656,1137.5599365234375,158.35182189941406,13,dataset/masks_binary/green_immature/20260430_110525.png,107443,14,0.8953583333333333,1,dataset/masks_binary/pale_pink/20260430_110525.png,16612,1,0.13843333333333332,1,dataset/masks_binary/pink_turns_purple/20260430_110525.png,4823,1,0.04019166666666667,5,dataset/masks_binary/fully_ripe/20260430_110525.png,130652,5,1.0887666666666667,0,dataset/masks_binary/over_ripe/20260430_110525.png,0,0,0.0
20260430_110529,20260430_110529.jpg,train,dataset/images/20260430_110529.jpg,dataset/masks_semantic/20260430_110529.png,dataset/masks_overall/20260430_110529.png,3000,4000,16,4000,3000,6,samsung,Galaxy S24 Ultra,2026:04:30 11:05:28,3626780,3649636,987c55560186d32bf0e154230d557da3bf2fb36fc9229e57c27c4036fe3c047c,8deca150f6952c608f42c6a63091f43abfe9faa79c94d0f7aa6f676347f487bc,262087,6,0,45007,109.9251708984375,46.4178466796875,821.3283081054688,141.6555633544922,14,dataset/masks_binary/green_immature/20260430_110529.png,182941,17,1.5245083333333334,0,dataset/masks_binary/pale_pink/20260430_110529.png,0,0,0.0,1,dataset/masks_binary/pink_turns_purple/20260430_110529.png,36236,1,0.30196666666666666,1,dataset/masks_binary/fully_ripe/20260430_110529.png,42916,1,0.3576333333333333,0,dataset/masks_binary/over_ripe/20260430_110529.png,0,0,0.0
20260430_110609,20260430_110609.jpg,train,dataset/images/20260430_110609.jpg,dataset/masks_semantic/20260430_110609.png,dataset/masks_overall/20260430_110609.png,3000,4000,20,4000,3000,6,samsung,Galaxy S24 Ultra,2026:04:30 11:06:09,3797756,3856490,5afbfb70eb3194dc37863791611b18bfab7030c20d5b76a540bb3fdcdc62d181,68f01fbe2cc97fb3938dfddb60f2298f939eef985f91733cff71743600f81e23,442361,2,0,68256,112.78244018554688,47.73515319824219,1093.9871826171875,151.2179412841797,11,dataset/masks_binary/green_immature/20260430_110609.png,211994,11,1.7666166666666667,1,dataset/masks_binary/pale_pink/20260430_110609.png,53395,1,0.44495833333333334,3,dataset/masks_binary/pink_turns_purple/20260430_110609.png,74072,3,0.6172666666666666,5,dataset/masks_binary/fully_ripe/20260430_110609.png,102902,5,0.8575166666666667,0,dataset/masks_binary/over_ripe/20260430_110609.png,0,0,0.0
20260430_110616,20260430_110616.jpg,train,dataset/images/20260430_110616.jpg,dataset/masks_semantic/20260430_110616.png,dataset/masks_overall/20260430_110616.png,3000,4000,24,4000,3000,6,samsung,Galaxy S24 Ultra,2026:04:30 11:06:16,3434867,3435815,e64f4247e8cc43b1c9bdf927435856049145a042b9bfa355361294d9173acac9,cd11fc38fc29d82ea3352707c4b694f7ee4de089a430faae9c30c78b0471d1df,543472,16,0,70007,110.4092788696289,50.85875701904297,820.90478515625,137.05540466308594,13,dataset/masks_binary/green_immature/20260430_110616.png,112373,13,0.9364416666666666,0,dataset/masks_binary/pale_pink/20260430_110616.png,0,0,0.0,2,dataset/masks_binary/pink_turns_purple/20260430_110616.png,101000,2,0.8416666666666666,9,dataset/masks_binary/fully_ripe/20260430_110616.png,330089,10,2.7507416666666664,0,dataset/masks_binary/over_ripe/20260430_110616.png,0,0,0.0
20260430_110621,20260430_110621.jpg,train,dataset/images/20260430_110621.jpg,dataset/masks_semantic/20260430_110621.png,dataset/masks_overall/20260430_110621.png,3000,4000,28,4000,3000,6,samsung,Galaxy S24 Ultra,2026:04:30 11:06:22,3310932,3425846,9212548563e8b75c4cef2ac06219a79294d1d536b2bd1a2d76725fbc7433fc5f,ac5f06e6c2089926315ade60c9d41110ab4d35860c5d55157d122754f087c091,576948,4,0,86674,100.4509048461914,48.13412857055664,963.8496704101562,148.15293884277344,19,dataset/masks_binary/green_immature/20260430_110621.png,276335,20,2.3027916666666663,1,dataset/masks_binary/pale_pink/20260430_110621.png,10133,1,0.08444166666666666,2,dataset/masks_binary/pink_turns_purple/20260430_110621.png,87452,2,0.7287666666666667,6,dataset/masks_binary/fully_ripe/20260430_110621.png,203032,7,1.6919333333333335,0,dataset/masks_binary/over_ripe/20260430_110621.png,0,0,0.0
20260430_110635,20260430_110635.jpg,test,dataset/images/20260430_110635.jpg,dataset/masks_semantic/20260430_110635.png,dataset/masks_overall/20260430_110635.png,3000,4000,30,4000,3000,6,samsung,Galaxy S24 Ultra,2026:04:30 11:06:35,3741150,3736281,be6c3b2140240efe4b202282b8fdce4ce4de4ef39330bbbbe2e64d5ea0ebca2e,b270bcc0c0c612f41b37feefeaef3f7b66566cfe2c521c3065d93bef34598037,794250,4,0,114844,109.13021087646484,41.17906951904297,719.2555541992188,156.3345947265625,24,dataset/masks_binary/green_immature/20260430_110635.png,519278,25,4.3273166666666665,0,dataset/masks_binary/pale_pink/20260430_110635.png,0,0,0.0,1,dataset/masks_binary/pink_turns_purple/20260430_110635.png,2735,1,0.022791666666666665,1,dataset/masks_binary/fully_ripe/20260430_110635.png,16373,1,0.13644166666666668,4,dataset/masks_binary/over_ripe/20260430_110635.png,255868,5,2.132233333333333
20260430_110639,20260430_110639.jpg,test,dataset/images/20260430_110639.jpg,dataset/masks_semantic/20260430_110639.png,dataset/masks_overall/20260430_110639.png,3000,4000,27,4000,3000,6,samsung,Galaxy S24 Ultra,2026:04:30 11:06:39,3789384,3756112,8cb7a0a91085a1d948186ddc57a0eb877dd674102523316d664d0a779d507852,c508523d665697629cd78465def37a45820cff3fc85382e585798830d6a1a73b,1341312,18,0,129313,118.6083984375,41.60444641113281,733.2488403320312,139.98866271972656,15,dataset/masks_binary/green_immature/20260430_110639.png,792168,15,6.6014,0,dataset/masks_binary/pale_pink/20260430_110639.png,0,0,0.0,0,dataset/masks_binary/pink_turns_purple/20260430_110639.png,0,0,0.0,12,dataset/masks_binary/fully_ripe/20260430_110639.png,549142,14,4.576183333333334,0,dataset/masks_binary/over_ripe/20260430_110639.png,0,0,0.0
20260430_110647,20260430_110647.jpg,val,dataset/images/20260430_110647.jpg,dataset/masks_semantic/20260430_110647.png,dataset/masks_overall/20260430_110647.png,3000,4000,60,4000,3000,6,samsung,Galaxy S24 Ultra,2026:04:30 11:06:47,3919329,4003155,ee5e7347ab24de0372b260b72977f5089dc057d26d89a50f102af7ac0120919f,f4ddf5698bf888eb3614af0afb066314553b8d9371ed3ddf86d6fb0c9d7abd52,777529,10,0,145648,116.8033218383789,47.29304885864258,1482.6556396484375,149.24143981933594,37,dataset/masks_binary/green_immature/20260430_110647.png,288538,37,2.4044833333333333,1,dataset/masks_binary/pale_pink/20260430_110647.png,26305,1,0.2192083333333333,0,dataset/masks_binary/pink_turns_purple/20260430_110647.png,0,0,0.0,20,dataset/masks_binary/fully_ripe/20260430_110647.png,395682,20,3.2973500000000002,2,dataset/masks_binary/over_ripe/20260430_110647.png,67014,2,0.55845
20260430_110653,20260430_110653.jpg,train,dataset/images/20260430_110653.jpg,dataset/masks_semantic/20260430_110653.png,dataset/masks_overall/20260430_110653.png,3000,4000,20,4000,3000,6,samsung,Galaxy S24 Ultra,2026:04:30 11:06:53,3209154,3087399,e46b1f2352cc5274f4c6e1de36d330528033aef8728b5b13a37ac3b28f2744cc,91e71fbae7c17ef64d6307d206a6343c9b142a3d90f17fc8cf61bed90738ebe3,394754,92,0,58305,108.83663177490234,55.76914978027344,392.720458984375,99.7681884765625,11,dataset/masks_binary/green_immature/20260430_110653.png,101867,11,0.8488916666666667,1,dataset/masks_binary/pale_pink/20260430_110653.png,44830,1,0.3735833333333333,0,dataset/masks_binary/pink_turns_purple/20260430_110653.png,0,0,0.0,8,dataset/masks_binary/fully_ripe/20260430_110653.png,248067,10,2.067225,0,dataset/masks_binary/over_ripe/20260430_110653.png,0,0,0.0
20260430_110711,20260430_110711.jpg,train,dataset/images/20260430_110711.jpg,dataset/masks_semantic/20260430_110711.png,dataset/masks_overall/20260430_110711.png,3000,4000,84,4000,3000,6,samsung,Galaxy S24 Ultra,2026:04:30 11:07:11,3645074,3739435,3be731f6743f0cc9c98ac1c2a94482364d239b2b822231b634f10ef333eb1d0d,aa50659191e4f3693f4fdc260dfb2bfe59292fe5e20e6a1b7aa96c5eb937099a,571243,82,0,139631,107.9561767578125,61.98511505126953,2070.310546875,95.90007781982422,41,dataset/masks_binary/green_immature/20260430_110711.png,160220,41,1.3351666666666666,2,dataset/masks_binary/pale_pink/20260430_110711.png,79268,2,0.6605666666666666,3,dataset/masks_binary/pink_turns_purple/20260430_110711.png,10328,3,0.08606666666666667,38,dataset/masks_binary/fully_ripe/20260430_110711.png,321503,40,2.6791916666666666,0,dataset/masks_binary/over_ripe/20260430_110711.png,0,0,0.0
20260430_110721,20260430_110721.jpg,test,dataset/images/20260430_110721.jpg,dataset/masks_semantic/20260430_110721.png,dataset/masks_overall/20260430_110721.png,3000,4000,21,4000,3000,6,samsung,Galaxy S24 Ultra,2026:04:30 11:07:21,3562720,3526392,5f7858c9e80adff39b298941fe7d6189b63f9fba5a4ead9933f8dea0b082fb4d,5d67e472145d9e953e7b21a621aad686c0d4a526dc71a336ed3c3bbeceaa0fdd,473583,76,0,64717,107.70947265625,53.363807678222656,748.980712890625,117.22098541259766,7,dataset/masks_binary/green_immature/20260430_110721.png,95322,7,0.7943499999999999,0,dataset/masks_binary/pale_pink/20260430_110721.png,0,0,0.0,4,dataset/masks_binary/pink_turns_purple/20260430_110721.png,125059,4,1.0421583333333333,7,dataset/masks_binary/fully_ripe/20260430_110721.png,201019,7,1.6751583333333333,3,dataset/masks_binary/over_ripe/20260430_110721.png,52235,3,0.43529166666666663
20260430_110726,20260430_110726.jpg,train,dataset/images/20260430_110726.jpg,dataset/masks_semantic/20260430_110726.png,dataset/masks_overall/20260430_110726.png,3000,4000,18,4000,3000,6,samsung,Galaxy S24 Ultra,2026:04:30 11:07:26,3413231,3399718,3ecdb4520ca3d0c0f94975e4520ca49e52be2ec7521d804db006283839c57cd3,de6d4fbb7183bafe66c59e64629643432f12eda512232a7dbc1351d971bdb12a,397235,34,0,62348,109.41484832763672,51.55370330810547,691.06201171875,154.8511199951172,13,dataset/masks_binary/green_immature/20260430_110726.png,252288,13,2.1024000000000003,0,dataset/masks_binary/pale_pink/20260430_110726.png,0,0,0.0,1,dataset/masks_binary/pink_turns_purple/20260430_110726.png,39754,1,0.3312833333333333,4,dataset/masks_binary/fully_ripe/20260430_110726.png,105221,4,0.8768416666666667,0,dataset/masks_binary/over_ripe/20260430_110726.png,0,0,0.0
20260430_110732,20260430_110732.jpg,train,dataset/images/20260430_110732.jpg,dataset/masks_semantic/20260430_110732.png,dataset/masks_overall/20260430_110732.png,3000,4000,42,4000,3000,6,samsung,Galaxy S24 Ultra,2026:04:30 11:07:32,3418068,3389252,fabf7a9dff21005d5be408ab4442ed62bd952dc3237563c2fe352d1ebdd47ea8,128feeb6431e81b6da397031997f0aecd587b10f3fe8e2bb5d0f5dbfc28486a1,756326,85,0,118607,110.5041275024414,58.41273880004883,604.5899047851562,105.85034942626953,22,dataset/masks_binary/green_immature/20260430_110732.png,306657,24,2.555475,2,dataset/masks_binary/pale_pink/20260430_110732.png,13539,2,0.112825,0,dataset/masks_binary/pink_turns_purple/20260430_110732.png,0,0,0.0,17,dataset/masks_binary/fully_ripe/20260430_110732.png,432042,19,3.60035,1,dataset/masks_binary/over_ripe/20260430_110732.png,4101,1,0.034175
20260430_110740,20260430_110740.jpg,train,dataset/images/20260430_110740.jpg,dataset/masks_semantic/20260430_110740.png,dataset/masks_overall/20260430_110740.png,3000,4000,30,4000,3000,6,samsung,Galaxy S24 Ultra,2026:04:30 11:07:40,3808191,3923529,019aa5d0fa50163fabe79d8d882a2546ded542db9a85a4abbd0844182f942f3e,984292b6f77679aed900884f6d676abbe003339a5630f7c09f130e6d3fa33073,262902,33,0,61875,104.3874282836914,50.695919036865234,1303.2083740234375,121.84467315673828,15,dataset/masks_binary/green_immature/20260430_110740.png,91092,15,0.7591,0,dataset/masks_binary/pale_pink/20260430_110740.png,0,0,0.0,0,dataset/masks_binary/pink_turns_purple/20260430_110740.png,0,0,0.0,14,dataset/masks_binary/fully_ripe/20260430_110740.png,167052,15,1.3921,1,dataset/masks_binary/over_ripe/20260430_110740.png,4781,1,0.039841666666666664
20260430_110748,20260430_110748.jpg,train,dataset/images/20260430_110748.jpg,dataset/masks_semantic/20260430_110748.png,dataset/masks_overall/20260430_110748.png,3000,4000,20,4000,3000,6,samsung,Galaxy S24 Ultra,2026:04:30 11:07:48,3538788,3511836,7a62cd6baa5445172e71778ffe8417636ffdc35556dcb91a20ec2f78b1d6cbbc,87f0889813a67c55e807ed14a8ccf7f1c43f7bfa16fb6dd476e54b2d93a97ede,376553,9,0,59660,103.870361328125,43.6256103515625,627.7201538085938,166.12815856933594,10,dataset/masks_binary/green_immature/20260430_110748.png,154001,12,1.2833416666666666,2,dataset/masks_binary/pale_pink/20260430_110748.png,69528,2,0.5793999999999999,0,dataset/masks_binary/pink_turns_purple/20260430_110748.png,0,0,0.0,8,dataset/masks_binary/fully_ripe/20260430_110748.png,153033,8,1.275275,0,dataset/masks_binary/over_ripe/20260430_110748.png,0,0,0.0
20260430_110753,20260430_110753.jpg,train,dataset/images/20260430_110753.jpg,dataset/masks_semantic/20260430_110753.png,dataset/masks_overall/20260430_110753.png,3000,4000,15,4000,3000,6,samsung,Galaxy S24 Ultra,2026:04:30 11:07:53,3221692,3145640,bab9527b47a38e85b1046886f5388b4ccc99fb8e4965a35c5d4dfe56ed6761cb,52ca9a1415bef70435ef4cdbb1d00ab6401fa10e2f2af3bd916056be314e7387,217054,0,0,35644,112.98798370361328,49.53554916381836,392.83154296875,151.1227569580078,10,dataset/masks_binary/green_immature/20260430_110753.png,80068,10,0.6672333333333333,2,dataset/masks_binary/pale_pink/20260430_110753.png,22411,2,0.18675833333333333,0,dataset/masks_binary/pink_turns_purple/20260430_110753.png,0,0,0.0,3,dataset/masks_binary/fully_ripe/20260430_110753.png,114575,3,0.9547916666666666,0,dataset/masks_binary/over_ripe/20260430_110753.png,0,0,0.0
20260430_110757,20260430_110757.jpg,train,dataset/images/20260430_110757.jpg,dataset/masks_semantic/20260430_110757.png,dataset/masks_overall/20260430_110757.png,3000,4000,21,4000,3000,6,samsung,Galaxy S24 Ultra,2026:04:30 11:07:57,3923815,3963441,ac8335ce21d8daac48f07e0b7155d6f047bd0818812cf540fbd4891b0966d690,c1aa47827abc9a52ecbd036a5b1d6eea0d2a672c56583c3d6dfa547c4816bab4,438310,27,0,71334,112.78060150146484,51.31386947631836,1115.46875,151.80076599121094,7,dataset/masks_binary/green_immature/20260430_110757.png,144287,7,1.2023916666666667,0,dataset/masks_binary/pale_pink/20260430_110757.png,0,0,0.0,2,dataset/masks_binary/pink_turns_purple/20260430_110757.png,35913,2,0.299275,12,dataset/masks_binary/fully_ripe/20260430_110757.png,258137,12,2.1511416666666667,0,dataset/masks_binary/over_ripe/20260430_110757.png,0,0,0.0
20260430_110807,20260430_110807.jpg,val,dataset/images/20260430_110807.jpg,dataset/masks_semantic/20260430_110807.png,dataset/masks_overall/20260430_110807.png,3000,4000,3,4000,3000,6,samsung,Galaxy S24 Ultra,2026:04:30 11:08:07,3017783,2861805,d8a05876fb497f3f5a22311394474e58e7edb7a0db918789c415c9e8b54ec6ad,166833c84c1b521318cde6e731145a83294940d2f2f1d6e3bbdea0ef205468ef,252060,0,0,20520,114.0613784790039,47.97400665283203,126.55443572998047,160.64939880371094,1,dataset/masks_binary/green_immature/20260430_110807.png,44471,1,0.3705916666666667,0,dataset/masks_binary/pale_pink/20260430_110807.png,0,0,0.0,0,dataset/masks_binary/pink_turns_purple/20260430_110807.png,0,0,0.0,2,dataset/masks_binary/fully_ripe/20260430_110807.png,207589,2,1.7299083333333334,0,dataset/masks_binary/over_ripe/20260430_110807.png,0,0,0.0
20260430_110820,20260430_110820.jpg,train,dataset/images/20260430_110820.jpg,dataset/masks_semantic/20260430_110820.png,dataset/masks_overall/20260430_110820.png,3000,4000,4,4000,3000,6,samsung,Galaxy S24 Ultra,2026:04:30 11:08:20,6878468,2439328,4c1637950df66f061302bdabc64acf97f23f1e8b5142485d0a963d89c1b3feb6,15dfd3fa9b5a2414f4bdd7bfbb35c7a64edc09d06f64cd34f129ea2ef06a202a,649606,0,0,34522,121.35433197021484,44.04130172729492,195.0757293701172,146.80332946777344,2,dataset/masks_binary/green_immature/20260430_110820.png,117448,2,0.9787333333333333,0,dataset/masks_binary/pale_pink/20260430_110820.png,0,0,0.0,0,dataset/masks_binary/pink_turns_purple/20260430_110820.png,0,0,0.0,2,dataset/masks_binary/fully_ripe/20260430_110820.png,532158,2,4.4346499999999995,0,dataset/masks_binary/over_ripe/20260430_110820.png,0,0,0.0
20260430_110828,20260430_110828.jpg,val,dataset/images/20260430_110828.jpg,dataset/masks_semantic/20260430_110828.png,dataset/masks_overall/20260430_110828.png,3000,4000,5,4000,3000,6,samsung,Galaxy S24 Ultra,2026:04:30 11:08:28,7464890,2507445,9941fcb7b491eb7fee3d05d8147835f40c25c32370fecd589cd099a44f47098e,679baf4ef0d2b594f8657e85ae717184e0b5080ca1712e68256cd5d6b776cbb3,419556,0,0,32712,125.3831558227539,42.51453399658203,230.6884002685547,132.1121063232422,1,dataset/masks_binary/green_immature/20260430_110828.png,16240,1,0.13533333333333333,1,dataset/masks_binary/pale_pink/20260430_110828.png,5398,1,0.044983333333333334,0,dataset/masks_binary/pink_turns_purple/20260430_110828.png,0,0,0.0,3,dataset/masks_binary/fully_ripe/20260430_110828.png,397918,3,3.3159833333333335,0,dataset/masks_binary/over_ripe/20260430_110828.png,0,0,0.0
20260430_110849,20260430_110849.jpg,val,dataset/images/20260430_110849.jpg,dataset/masks_semantic/20260430_110849.png,dataset/masks_overall/20260430_110849.png,3000,4000,31,4000,3000,6,samsung,Galaxy S24 Ultra,2026:04:30 11:08:49,7027880,2415245,9f4ae3d49eff14802b05df14702a41023034f8ba84f3a2532ebbf26e6bc263fc,eb7df7925ee576014d8c2649c34b4c8766281dacbc19ae02c676427b1cf18e50,1039007,34,0,126446,130.5785369873047,52.56584930419922,421.5162658691406,103.29730987548828,7,dataset/masks_binary/green_immature/20260430_110849.png,184423,7,1.5368583333333332,0,dataset/masks_binary/pale_pink/20260430_110849.png,0,0,0.0,3,dataset/masks_binary/pink_turns_purple/20260430_110849.png,56183,3,0.4681916666666667,21,dataset/masks_binary/fully_ripe/20260430_110849.png,798435,25,6.653625000000001,0,dataset/masks_binary/over_ripe/20260430_110849.png,0,0,0.0
20260430_110856,20260430_110856.jpg,train,dataset/images/20260430_110856.jpg,dataset/masks_semantic/20260430_110856.png,dataset/masks_overall/20260430_110856.png,3000,4000,42,4000,3000,6,samsung,Galaxy S24 Ultra,2026:04:30 11:08:56,7713856,2514520,bc2bf86f14f1a96004978051859977466e4552f33877c92f53f9cb9b05f9cd90,799d2f121c28c8b55eeb8244a21704923bdaeca0ce989ed9315e54960b4b6ca8,1081935,8,0,142900,119.46399688720703,46.527217864990234,408.3368225097656,103.31098175048828,17,dataset/masks_binary/green_immature/20260430_110856.png,526823,17,4.3901916666666665,0,dataset/masks_binary/pale_pink/20260430_110856.png,0,0,0.0,2,dataset/masks_binary/pink_turns_purple/20260430_110856.png,23922,2,0.19935,23,dataset/masks_binary/fully_ripe/20260430_110856.png,531198,23,4.42665,0,dataset/masks_binary/over_ripe/20260430_110856.png,0,0,0.0
20260430_110912,20260430_110912.jpg,test,dataset/images/20260430_110912.jpg,dataset/masks_semantic/20260430_110912.png,dataset/masks_overall/20260430_110912.png,3000,4000,108,4000,3000,6,samsung,Galaxy S24 Ultra,2026:04:30 11:09:12,3618308,3655300,859d914bc871b78abd818e92b1798676400b6840fa6bef7c4d0321ffbb9cd3b5,1354511130fb0d8dff310eb27624cb5925b794ce4ac9e16c9677f53b724961dd,1490431,97,0,262094,112.85296630859375,57.12718200683594,982.7350463867188,119.9510726928711,77,dataset/masks_binary/green_immature/20260430_110912.png,915647,80,7.630391666666666,0,dataset/masks_binary/pale_pink/20260430_110912.png,0,0,0.0,6,dataset/masks_binary/pink_turns_purple/20260430_110912.png,98742,6,0.82285,25,dataset/masks_binary/fully_ripe/20260430_110912.png,476139,27,3.967825,0,dataset/masks_binary/over_ripe/20260430_110912.png,0,0,0.0
20260430_110924,20260430_110924.jpg,train,dataset/images/20260430_110924.jpg,dataset/masks_semantic/20260430_110924.png,dataset/masks_overall/20260430_110924.png,3000,4000,48,4000,3000,6,samsung,Galaxy S24 Ultra,2026:04:30 11:09:24,3392159,3361969,d96ffb077bcb88c765a3acf1d9d09b6a88636fb95e2afba2bcc2f18000d3d7f0,b0db71426d6a6a9d65c3f802ea8af6c3f336418f6d7f744d77fb7ca4bbd04437,484583,14,0,102093,106.34066009521484,59.72723388671875,703.9338989257812,90.76364135742188,20,dataset/masks_binary/green_immature/20260430_110924.png,100033,20,0.8336083333333333,1,dataset/masks_binary/pale_pink/20260430_110924.png,6601,1,0.05500833333333333,3,dataset/masks_binary/pink_turns_purple/20260430_110924.png,98247,3,0.818725,23,dataset/masks_binary/fully_ripe/20260430_110924.png,274196,24,2.2849666666666666,1,dataset/masks_binary/over_ripe/20260430_110924.png,5520,1,0.046
20260430_110938,20260430_110938.jpg,train,dataset/images/20260430_110938.jpg,dataset/masks_semantic/20260430_110938.png,dataset/masks_overall/20260430_110938.png,3000,4000,62,4000,3000,6,samsung,Galaxy S24 Ultra,2026:04:30 11:09:38,3559904,3581380,98028fc87e0212cd985b92eb28a4eb14071dce48bc62e21c4c2534b9e700d4a2,3c0ca67e73c20d37f112e9c8b9a7132ec27ca0bfe404850d69c0d90b46eea8fb,548643,22,0,123790,108.01214599609375,47.606109619140625,952.6149291992188,133.54661560058594,38,dataset/masks_binary/green_immature/20260430_110938.png,243413,41,2.0284416666666667,1,dataset/masks_binary/pale_pink/20260430_110938.png,22943,1,0.19119166666666665,4,dataset/masks_binary/pink_turns_purple/20260430_110938.png,62165,4,0.5180416666666666,19,dataset/masks_binary/fully_ripe/20260430_110938.png,220144,19,1.8345333333333336,0,dataset/masks_binary/over_ripe/20260430_110938.png,0,0,0.0
20260430_110943,20260430_110943.jpg,test,dataset/images/20260430_110943.jpg,dataset/masks_semantic/20260430_110943.png,dataset/masks_overall/20260430_110943.png,3000,4000,13,4000,3000,6,samsung,Galaxy S24 Ultra,2026:04:30 11:09:43,3067388,2929311,2da97f7b986d68efb0bc5127b724da8bb7c35e84bafb3fc1384bdbf10d3596d6,e64d85055b3b3668a4ec97c11978a1e49243c29db542d2ed791a4c90142d1fd8,490842,0,0,50790,108.0225601196289,56.46360778808594,291.605712890625,127.10107421875,4,dataset/masks_binary/green_immature/20260430_110943.png,51953,4,0.4329416666666666,2,dataset/masks_binary/pale_pink/20260430_110943.png,102841,2,0.8570083333333334,0,dataset/masks_binary/pink_turns_purple/20260430_110943.png,0,0,0.0,7,dataset/masks_binary/fully_ripe/20260430_110943.png,336048,7,2.8004000000000002,0,dataset/masks_binary/over_ripe/20260430_110943.png,0,0,0.0
20260430_110949,20260430_110949.jpg,train,dataset/images/20260430_110949.jpg,dataset/masks_semantic/20260430_110949.png,dataset/masks_overall/20260430_110949.png,3000,4000,12,4000,3000,6,samsung,Galaxy S24 Ultra,2026:04:30 11:09:48,3502444,3472331,59d82a901975c3caa84ba62a9e61bec82df8c0df847c7923befb108ec5cbff63,1e4a3420fd8a45a09bbd70eea15271f3382d53080290410c956350662c59659b,201149,0,0,31015,97.1408920288086,44.33072280883789,659.5073852539062,160.12884521484375,9,dataset/masks_binary/green_immature/20260430_110949.png,132713,9,1.1059416666666666,0,dataset/masks_binary/pale_pink/20260430_110949.png,0,0,0.0,2,dataset/masks_binary/pink_turns_purple/20260430_110949.png,57864,8,0.48219999999999996,1,dataset/masks_binary/fully_ripe/20260430_110949.png,10572,1,0.0881,0,dataset/masks_binary/over_ripe/20260430_110949.png,0,0,0.0
20260430_111000,20260430_111000.jpg,test,dataset/images/20260430_111000.jpg,dataset/masks_semantic/20260430_111000.png,dataset/masks_overall/20260430_111000.png,3000,4000,61,4000,3000,6,samsung,Galaxy S24 Ultra,2026:04:30 11:10:00,3822618,3836876,8f3426b5bce7765f81674e856b3f17f9ad0b4c0d1a0e8cb649b4ff1f691c81ab,09d76f6c712a1b36d00e98ad6cc8f461151a90952e96c63fc63426ca6c19cb99,725442,44,0,149227,117.475341796875,48.51839828491211,1098.4351806640625,152.10113525390625,40,dataset/masks_binary/green_immature/20260430_111000.png,286569,40,2.3880749999999997,0,dataset/masks_binary/pale_pink/20260430_111000.png,0,0,0.0,1,dataset/masks_binary/pink_turns_purple/20260430_111000.png,13811,1,0.11509166666666666,16,dataset/masks_binary/fully_ripe/20260430_111000.png,348411,17,2.903425,4,dataset/masks_binary/over_ripe/20260430_111000.png,76695,4,0.639125
20260430_111008,20260430_111008.jpg,train,dataset/images/20260430_111008.jpg,dataset/masks_semantic/20260430_111008.png,dataset/masks_overall/20260430_111008.png,3000,4000,23,4000,3000,6,samsung,Galaxy S24 Ultra,2026:04:30 11:10:08,3313605,3279838,153486239cbadbeb8af036d0dc11ec3b15be236ebf456fe0a8267e8232c5db00,fc9475db922ac96c3c5a3dbe103fc6e893b22be7cb9fac96c108bd5c5da5b1b7,858071,4,0,93955,107.8544692993164,56.20936965942383,646.6908569335938,105.72137451171875,12,dataset/masks_binary/green_immature/20260430_111008.png,383273,12,3.1939416666666665,2,dataset/masks_binary/pale_pink/20260430_111008.png,37322,2,0.31101666666666666,0,dataset/masks_binary/pink_turns_purple/20260430_111008.png,0,0,0.0,9,dataset/masks_binary/fully_ripe/20260430_111008.png,437480,10,3.6456666666666666,0,dataset/masks_binary/over_ripe/20260430_111008.png,0,0,0.0
20260430_111019,20260430_111019.jpg,train,dataset/images/20260430_111019.jpg,dataset/masks_semantic/20260430_111019.png,dataset/masks_overall/20260430_111019.png,3000,4000,33,4000,3000,6,samsung,Galaxy S24 Ultra,2026:04:30 11:10:19,3296168,3192559,531bdd7f1b3f57fe16507fa38ceaf8cdcbc03d370cc7a15468aefb38bc0bdd00,bc977117d772a9df3c3148c6da391b73a9690daa88ec2f721b4793757e2198ef,556115,10,0,84217,112.95426177978516,52.93191146850586,415.7124938964844,112.2928466796875,30,dataset/masks_binary/green_immature/20260430_111019.png,407935,32,3.3994583333333335,0,dataset/masks_binary/pale_pink/20260430_111019.png,0,0,0.0,1,dataset/masks_binary/pink_turns_purple/20260430_111019.png,52164,1,0.43470000000000003,2,dataset/masks_binary/fully_ripe/20260430_111019.png,96026,2,0.8002166666666666,0,dataset/masks_binary/over_ripe/20260430_111019.png,0,0,0.0
20260430_111037,20260430_111037.jpg,test,dataset/images/20260430_111037.jpg,dataset/masks_semantic/20260430_111037.png,dataset/masks_overall/20260430_111037.png,3000,4000,83,4000,3000,6,samsung,Galaxy S24 Ultra,2026:04:30 11:10:37,3430475,3506465,c0d5ce206038ee9ecfaacd7b408b74526d328f08a8237ed8bc68e93da26e78b5,491eb7e16419842f51a9aee209444e050249ef218d81c53a3002ba2def5bee62,614306,35,0,153085,102.8388900756836,63.1834602355957,1559.9427490234375,94.75921630859375,55,dataset/masks_binary/green_immature/20260430_111037.png,236234,55,1.9686166666666667,2,dataset/masks_binary/pale_pink/20260430_111037.png,39344,2,0.3278666666666667,0,dataset/masks_binary/pink_turns_purple/20260430_111037.png,0,0,0.0,26,dataset/masks_binary/fully_ripe/20260430_111037.png,338763,26,2.823025,0,dataset/masks_binary/over_ripe/20260430_111037.png,0,0,0.0
20260430_111045,20260430_111045.jpg,train,dataset/images/20260430_111045.jpg,dataset/masks_semantic/20260430_111045.png,dataset/masks_overall/20260430_111045.png,3000,4000,26,4000,3000,6,samsung,Galaxy S24 Ultra,2026:04:30 11:10:45,3541845,3558400,09750abbd739a790f733f6939af9c88877202820a760135c9e39a297510722a9,af99ec0992bb4952f9814e36b6f7b33d818f19aaa9e04f445ce5308c78d44408,278943,12,0,58198,111.9177474975586,52.167083740234375,1058.6671142578125,128.994140625,20,dataset/masks_binary/green_immature/20260430_111045.png,146463,20,1.220525,0,dataset/masks_binary/pale_pink/20260430_111045.png,0,0,0.0,2,dataset/masks_binary/pink_turns_purple/20260430_111045.png,45269,2,0.37724166666666664,3,dataset/masks_binary/fully_ripe/20260430_111045.png,74544,3,0.6212,1,dataset/masks_binary/over_ripe/20260430_111045.png,12679,1,0.10565833333333334
20260430_111052,20260430_111052.jpg,val,dataset/images/20260430_111052.jpg,dataset/masks_semantic/20260430_111052.png,dataset/masks_overall/20260430_111052.png,3000,4000,10,4000,3000,6,samsung,Galaxy S24 Ultra,2026:04:30 11:10:52,3463795,3451852,797957c1b4bc6d10759be7bcf333074d95afa346d78d575cc55dca9017d1733a,326e9d7baf748e1c401c8ff38ea545c85395abbb31d4f76eb3fd62dfda37c06f,195548,0,0,36868,102.59503173828125,51.760311126708984,735.8240356445312,116.2159194946289,3,dataset/masks_binary/green_immature/20260430_111052.png,30006,3,0.25005,1,dataset/masks_binary/pale_pink/20260430_111052.png,24577,1,0.20480833333333331,2,dataset/masks_binary/pink_turns_purple/20260430_111052.png,36242,2,0.30201666666666666,4,dataset/masks_binary/fully_ripe/20260430_111052.png,104723,6,0.8726916666666665,0,dataset/masks_binary/over_ripe/20260430_111052.png,0,0,0.0
20260430_111103,20260430_111103.jpg,train,dataset/images/20260430_111103.jpg,dataset/masks_semantic/20260430_111103.png,dataset/masks_overall/20260430_111103.png,3000,4000,33,4000,3000,6,samsung,Galaxy S24 Ultra,2026:04:30 11:11:03,3450147,3501374,52af544edde9c1178ec33d508b9c24113f944fe320395cc985951314896c15a0,bd8f449a4ad3e357462640f867ff67f2296761ebc7fe4b3202dddbbe5ef21ade,365194,2,0,79979,104.4870834350586,59.30366897583008,1518.1072998046875,102.5182113647461,21,dataset/masks_binary/green_immature/20260430_111103.png,146952,22,1.2246,0,dataset/masks_binary/pale_pink/20260430_111103.png,0,0,0.0,0,dataset/masks_binary/pink_turns_purple/20260430_111103.png,0,0,0.0,12,dataset/masks_binary/fully_ripe/20260430_111103.png,218244,12,1.8186999999999998,0,dataset/masks_binary/over_ripe/20260430_111103.png,0,0,0.0
20260430_111109,20260430_111109.jpg,train,dataset/images/20260430_111109.jpg,dataset/masks_semantic/20260430_111109.png,dataset/masks_overall/20260430_111109.png,3000,4000,36,4000,3000,6,samsung,Galaxy S24 Ultra,2026:04:30 11:11:08,3275990,3217930,cec0d991d09138b7b51dae74362f93c2134882ed69e2a72dd667579d78bf112b,75478471aa9aa88ffa4653f07c0a43a76a29423432d759b4748910c245c41ad4,651105,425,0,107076,105.20489501953125,58.551536560058594,697.5700073242188,103.63738250732422,20,dataset/masks_binary/green_immature/20260430_111109.png,251514,23,2.0959499999999998,1,dataset/masks_binary/pale_pink/20260430_111109.png,29511,1,0.245925,1,dataset/masks_binary/pink_turns_purple/20260430_111109.png,34293,1,0.285775,14,dataset/masks_binary/fully_ripe/20260430_111109.png,335812,13,2.7984333333333336,0,dataset/masks_binary/over_ripe/20260430_111109.png,0,0,0.0
20260430_111122,20260430_111122.jpg,train,dataset/images/20260430_111122.jpg,dataset/masks_semantic/20260430_111122.png,dataset/masks_overall/20260430_111122.png,3000,4000,34,4000,3000,6,samsung,Galaxy S24 Ultra,2026:04:30 11:11:22,3385422,3327700,c77d920062eafe045853b034af17146423ded4718f03fff8d0e149e2e0c988d2,45f38f031a62b215284915b00a8d626cca3fb4466ff5207cd23c37dc8e1a2d1f,358964,3,0,79383,105.83448028564453,58.64060592651367,617.4865112304688,94.9265365600586,29,dataset/masks_binary/green_immature/20260430_111122.png,260297,29,2.169141666666667,0,dataset/masks_binary/pale_pink/20260430_111122.png,0,0,0.0,1,dataset/masks_binary/pink_turns_purple/20260430_111122.png,34401,1,0.286675,3,dataset/masks_binary/fully_ripe/20260430_111122.png,41073,3,0.342275,1,dataset/masks_binary/over_ripe/20260430_111122.png,23196,1,0.1933
20260430_111129,20260430_111129.jpg,train,dataset/images/20260430_111129.jpg,dataset/masks_semantic/20260430_111129.png,dataset/masks_overall/20260430_111129.png,3000,4000,56,4000,3000,6,samsung,Galaxy S24 Ultra,2026:04:30 11:11:29,3564120,3633506,0c3c07f4ed3859b09c0bb73bb7af974542a75a08c78247ebfc80b96452bf017d,4374f08386a86cb26b930eb7fb913bd99fdd3956b913427d8f7ca08c865fa449,710329,9,0,142897,105.11978912353516,57.13190460205078,1358.4576416015625,124.8445816040039,24,dataset/masks_binary/green_immature/20260430_111129.png,166411,25,1.3867583333333333,3,dataset/masks_binary/pale_pink/20260430_111129.png,53790,3,0.44825000000000004,0,dataset/masks_binary/pink_turns_purple/20260430_111129.png,0,0,0.0,29,dataset/masks_binary/fully_ripe/20260430_111129.png,490131,29,4.0844249999999995,0,dataset/masks_binary/over_ripe/20260430_111129.png,0,0,0.0
20260430_111135,20260430_111135.jpg,val,dataset/images/20260430_111135.jpg,dataset/masks_semantic/20260430_111135.png,dataset/masks_overall/20260430_111135.png,3000,4000,50,4000,3000,6,samsung,Galaxy S24 Ultra,2026:04:30 11:11:35,3197406,3173130,ea157887a853e43dd3e69be3d7409f80bd57f60250751d6800615fcd18d1782c,6591440612467f56ab2a3bd5b32e7ff91266ff493a4f6c41a7e78e0117056aa8,330923,0,0,86442,119.00016021728516,63.22955322265625,1022.2540893554688,72.29389953613281,43,dataset/masks_binary/green_immature/20260430_111135.png,213972,43,1.7831,1,dataset/masks_binary/pale_pink/20260430_111135.png,40728,1,0.3394,0,dataset/masks_binary/pink_turns_purple/20260430_111135.png,0,0,0.0,6,dataset/masks_binary/fully_ripe/20260430_111135.png,76223,6,0.6351916666666666,0,dataset/masks_binary/over_ripe/20260430_111135.png,0,0,0.0
20260430_111151,20260430_111151.jpg,train,dataset/images/20260430_111151.jpg,dataset/masks_semantic/20260430_111151.png,dataset/masks_overall/20260430_111151.png,3000,4000,14,4000,3000,6,samsung,Galaxy S24 Ultra,2026:04:30 11:11:51,3465665,3435747,6cedb98862230f352d70a462ac5922c66a75de3810e221b75566c0bf7fc4fb01,8a961a7486c8caf7c4c522f97f37381e7a39261a81d2079783bf191d69c36188,344013,21,0,50683,125.03131103515625,50.64603042602539,780.9513549804688,148.45396423339844,4,dataset/masks_binary/green_immature/20260430_111151.png,43187,4,0.35989166666666667,0,dataset/masks_binary/pale_pink/20260430_111151.png,0,0,0.0,0,dataset/masks_binary/pink_turns_purple/20260430_111151.png,0,0,0.0,10,dataset/masks_binary/fully_ripe/20260430_111151.png,300837,10,2.5069749999999997,0,dataset/masks_binary/over_ripe/20260430_111151.png,0,0,0.0
20260430_111203,20260430_111203.jpg,train,dataset/images/20260430_111203.jpg,dataset/masks_semantic/20260430_111203.png,dataset/masks_overall/20260430_111203.png,3000,4000,10,4000,3000,6,samsung,Galaxy S24 Ultra,2026:04:30 11:12:02,3283346,3191334,f25a7fcbee1a8557d6eb994be144a57c80031e9ec8c5ad763998ed17584f2d15,c8e2c25fd7ce33c88a8bbf49025c93eacd1529da77c1ed31adec5b51bda63587,253725,0,0,37683,121.29650115966797,51.751258850097656,551.3587036132812,132.33738708496094,7,dataset/masks_binary/green_immature/20260430_111203.png,129979,7,1.0831583333333334,2,dataset/masks_binary/pale_pink/20260430_111203.png,108693,2,0.905775,0,dataset/masks_binary/pink_turns_purple/20260430_111203.png,0,0,0.0,1,dataset/masks_binary/fully_ripe/20260430_111203.png,15053,1,0.12544166666666667,0,dataset/masks_binary/over_ripe/20260430_111203.png,0,0,0.0
20260430_111207,20260430_111207.jpg,val,dataset/images/20260430_111207.jpg,dataset/masks_semantic/20260430_111207.png,dataset/masks_overall/20260430_111207.png,3000,4000,21,4000,3000,6,samsung,Galaxy S24 Ultra,2026:04:30 11:12:07,3212582,3086810,973cbd8a07f1cbdb81214009ebcd03129974de9a1fe19f2d185eacf1a5b5560d,c9d71f21c4843b6f1282f17e5274682ba3f437546d5b0ab9bdc19de64723d5a0,453717,0,0,64436,106.0095443725586,49.33237838745117,383.7959899902344,138.8380126953125,18,dataset/masks_binary/green_immature/20260430_111207.png,312592,19,2.6049333333333333,2,dataset/masks_binary/pale_pink/20260430_111207.png,94178,2,0.7848166666666666,0,dataset/masks_binary/pink_turns_purple/20260430_111207.png,0,0,0.0,1,dataset/masks_binary/fully_ripe/20260430_111207.png,46947,1,0.391225,0,dataset/masks_binary/over_ripe/20260430_111207.png,0,0,0.0
20260430_111211,20260430_111211.jpg,train,dataset/images/20260430_111211.jpg,dataset/masks_semantic/20260430_111211.png,dataset/masks_overall/20260430_111211.png,3000,4000,4,4000,3000,6,samsung,Galaxy S24 Ultra,2026:04:30 11:12:11,4104494,4101949,48a9a8abb97a1a95408167cba610b6e866e680558cf03f288feaae549fb9fc29,4424aa6ae7b1a4a090c1f451b9bd40642033ac6562a9472f82e640f4225c9ec6,123097,0,0,16841,115.12347412109375,47.11730194091797,796.9559936523438,137.0775604248047,2,dataset/masks_binary/green_immature/20260430_111211.png,49356,2,0.41130000000000005,1,dataset/masks_binary/pale_pink/20260430_111211.png,65129,1,0.5427416666666667,0,dataset/masks_binary/pink_turns_purple/20260430_111211.png,0,0,0.0,1,dataset/masks_binary/fully_ripe/20260430_111211.png,8612,1,0.07176666666666667,0,dataset/masks_binary/over_ripe/20260430_111211.png,0,0,0.0
20260430_111220,20260430_111220.jpg,train,dataset/images/20260430_111220.jpg,dataset/masks_semantic/20260430_111220.png,dataset/masks_overall/20260430_111220.png,3000,4000,24,4000,3000,6,samsung,Galaxy S24 Ultra,2026:04:30 11:12:20,3437442,3413206,a902be2a6f32a20238516185f113fbb01399cec4e938621032ee56abc3b3d277,ca50696e36f6764c9102d5934390a4cff8411b56592663589a0f43e494a1064f,351197,2,0,68377,104.2147216796875,57.651084899902344,806.9456176757812,107.99396514892578,12,dataset/masks_binary/green_immature/20260430_111220.png,94133,14,0.7844416666666666,2,dataset/masks_binary/pale_pink/20260430_111220.png,50097,2,0.417475,1,dataset/masks_binary/pink_turns_purple/20260430_111220.png,19508,1,0.16256666666666666,9,dataset/masks_binary/fully_ripe/20260430_111220.png,187461,9,1.562175,0,dataset/masks_binary/over_ripe/20260430_111220.png,0,0,0.0
20260430_111227,20260430_111227.jpg,test,dataset/images/20260430_111227.jpg,dataset/masks_semantic/20260430_111227.png,dataset/masks_overall/20260430_111227.png,3000,4000,7,4000,3000,6,samsung,Galaxy S24 Ultra,2026:04:30 11:12:27,3327663,3228641,5558f1ddd7805fc0d0edee86d6138d390c04568080f104d8052c9f0e1efb4fd8,6902e168789ad747dd09ef7d63c9cf31aba86c610378029bd2027b7e69ba8616,204278,3,0,26838,111.5392074584961,55.493534088134766,461.6943054199219,135.57510375976562,6,dataset/masks_binary/green_immature/20260430_111227.png,95789,9,0.7982416666666667,0,dataset/masks_binary/pale_pink/20260430_111227.png,0,0,0.0,1,dataset/masks_binary/pink_turns_purple/20260430_111227.png,108492,1,0.9041,0,dataset/masks_binary/fully_ripe/20260430_111227.png,0,0,0.0,0,dataset/masks_binary/over_ripe/20260430_111227.png,0,0,0.0
20260430_111242,20260430_111242.jpg,train,dataset/images/20260430_111242.jpg,dataset/masks_semantic/20260430_111242.png,dataset/masks_overall/20260430_111242.png,3000,4000,28,4000,3000,6,samsung,Galaxy S24 Ultra,2026:04:30 11:12:43,3803067,3842781,1eb3292b9e2f20593e8817a1c6a07875fd4c14b0fc62d846fc68440cd01e5a37,e0af631b206e9d79eb59e901bd9f50a59d95ec35a7c476eba1e68a05e9e47ea9,386919,11,0,65978,110.82115936279297,45.983821868896484,965.1174926757812,131.5714874267578,18,dataset/masks_binary/green_immature/20260430_111242.png,194635,19,1.6219583333333332,2,dataset/masks_binary/pale_pink/20260430_111242.png,34503,2,0.28752500000000003,0,dataset/masks_binary/pink_turns_purple/20260430_111242.png,0,0,0.0,8,dataset/masks_binary/fully_ripe/20260430_111242.png,157792,8,1.3149333333333335,0,dataset/masks_binary/over_ripe/20260430_111242.png,0,0,0.0
20260430_111251,20260430_111251.jpg,train,dataset/images/20260430_111251.jpg,dataset/masks_semantic/20260430_111251.png,dataset/masks_overall/20260430_111251.png,3000,4000,24,4000,3000,6,samsung,Galaxy S24 Ultra,2026:04:30 11:12:51,3438832,3431004,10dc6398ea86a86784e204ae65466e1a441b87822c2235c2cb4ce30db76d7372,7af8767f8342ea4e2e02967b0d4d780b3117e30f83bcd674921c3da1fa9afd26,433841,1,0,76581,123.50503540039062,58.254695892333984,963.0891723632812,116.41827392578125,18,dataset/masks_binary/green_immature/20260430_111251.png,272550,18,2.27125,0,dataset/masks_binary/pale_pink/20260430_111251.png,0,0,0.0,2,dataset/masks_binary/pink_turns_purple/20260430_111251.png,101246,2,0.8437166666666668,4,dataset/masks_binary/fully_ripe/20260430_111251.png,60046,6,0.5003833333333333,0,dataset/masks_binary/over_ripe/20260430_111251.png,0,0,0.0
20260430_111257,20260430_111257.jpg,val,dataset/images/20260430_111257.jpg,dataset/masks_semantic/20260430_111257.png,dataset/masks_overall/20260430_111257.png,3000,4000,23,4000,3000,6,samsung,Galaxy S24 Ultra,2026:04:30 11:12:57,3647948,3673312,de41bf8ff30e195942a84eaa04e3924653cb0c695b9b685fd4a9d29a29fb365f,06a2f91cb89cda848f328340268e8f06529eda14acbf58d3476073133ab6ea6d,190836,22,0,53801,109.75440216064453,48.909908294677734,1016.7911987304688,147.9428253173828,7,dataset/masks_binary/green_immature/20260430_111257.png,65474,7,0.5456166666666666,4,dataset/masks_binary/pale_pink/20260430_111257.png,23193,4,0.193275,3,dataset/masks_binary/pink_turns_purple/20260430_111257.png,60043,4,0.5003583333333333,9,dataset/masks_binary/fully_ripe/20260430_111257.png,42130,10,0.3510833333333333,0,dataset/masks_binary/over_ripe/20260430_111257.png,0,0,0.0
20260430_111304,20260430_111304.jpg,train,dataset/images/20260430_111304.jpg,dataset/masks_semantic/20260430_111304.png,dataset/masks_overall/20260430_111304.png,3000,4000,27,4000,3000,6,samsung,Galaxy S24 Ultra,2026:04:30 11:13:04,4059831,4190174,39fc063e1d755140ffea20d1d0a77dcd3996c3f38a24169b1b9772db87b6f478,59320a3f37fcc1447293cdf2fbf6ca2f1450ef04206a073454dd7f66dd2e114f,320387,1,0,65156,107.8392562866211,47.60369873046875,1520.17431640625,139.3124542236328,19,dataset/masks_binary/green_immature/20260430_111304.png,137130,20,1.14275,3,dataset/masks_binary/pale_pink/20260430_111304.png,66095,3,0.5507916666666667,0,dataset/masks_binary/pink_turns_purple/20260430_111304.png,0,0,0.0,5,dataset/masks_binary/fully_ripe/20260430_111304.png,117163,6,0.9763583333333334,0,dataset/masks_binary/over_ripe/20260430_111304.png,0,0,0.0
20260430_111306,20260430_111306.jpg,test,dataset/images/20260430_111306.jpg,dataset/masks_semantic/20260430_111306.png,dataset/masks_overall/20260430_111306.png,3000,4000,53,4000,3000,6,samsung,Galaxy S24 Ultra,2026:04:30 11:13:06,3734845,3741429,d16c0205e86dce3c7af551ef16eaceac217374199923f3886ceec283558ab7fe,58cd23c40573b1a57bd0d5dc44abab55abee89f44512049e25c7e10dc1fe4f57,548617,15,0,110628,110.22551727294922,50.491085052490234,1536.7464599609375,138.28005981445312,39,dataset/masks_binary/green_immature/20260430_111306.png,248767,39,2.0730583333333334,2,dataset/masks_binary/pale_pink/20260430_111306.png,57362,2,0.4780166666666667,3,dataset/masks_binary/pink_turns_purple/20260430_111306.png,104585,3,0.8715416666666667,9,dataset/masks_binary/fully_ripe/20260430_111306.png,137916,10,1.1493,0,dataset/masks_binary/over_ripe/20260430_111306.png,0,0,0.0
20260430_111310,20260430_111310.jpg,test,dataset/images/20260430_111310.jpg,dataset/masks_semantic/20260430_111310.png,dataset/masks_overall/20260430_111310.png,3000,4000,25,4000,3000,6,samsung,Galaxy S24 Ultra,2026:04:30 11:13:10,3057989,2936256,df225e7489a5b365731bc5b11c88ebe5f6825741bc7479508f15dcaba2a456ab,7d03308ad92c556de79ee23918a791e8ea79a7c69376e1f257ca5c37d30ad0a1,320119,6,0,64712,119.7384033203125,58.463050842285156,515.9869995117188,131.09759521484375,9,dataset/masks_binary/green_immature/20260430_111310.png,49312,9,0.4109333333333334,4,dataset/masks_binary/pale_pink/20260430_111310.png,34613,4,0.28844166666666665,1,dataset/masks_binary/pink_turns_purple/20260430_111310.png,41693,1,0.34744166666666665,11,dataset/masks_binary/fully_ripe/20260430_111310.png,194507,11,1.6208916666666666,0,dataset/masks_binary/over_ripe/20260430_111310.png,0,0,0.0
20260430_111317,20260430_111317.jpg,val,dataset/images/20260430_111317.jpg,dataset/masks_semantic/20260430_111317.png,dataset/masks_overall/20260430_111317.png,3000,4000,45,4000,3000,6,samsung,Galaxy S24 Ultra,2026:04:30 11:13:17,3490892,3489840,d4e45055911e7bf8b0da66063dcdd25bcb8f934df6b2ead1e5322810f5db6cc5,2165394df9f5a37110dd6b6bcdd81c147c38e9c0ee054928a12c5650ef3abc7e,394918,2,0,90405,110.25054168701172,49.18050765991211,808.2356567382812,138.36624145507812,39,dataset/masks_binary/green_immature/20260430_111317.png,189384,40,1.5782,0,dataset/masks_binary/pale_pink/20260430_111317.png,0,0,0.0,0,dataset/masks_binary/pink_turns_purple/20260430_111317.png,0,0,0.0,6,dataset/masks_binary/fully_ripe/20260430_111317.png,205536,6,1.7128,0,dataset/masks_binary/over_ripe/20260430_111317.png,0,0,0.0
20260430_111323,20260430_111323.jpg,train,dataset/images/20260430_111323.jpg,dataset/masks_semantic/20260430_111323.png,dataset/masks_overall/20260430_111323.png,3000,4000,13,4000,3000,6,samsung,Galaxy S24 Ultra,2026:04:30 11:13:23,3560066,3579849,2f10304b44bd1feab8da1e631c0f20b3369472e575072216309a0d82e38ad3fa,b6a0983a2852344c23f839201fd65ad54106a702dcf199cf76465b32a5d23bfb,204808,0,0,38710,101.78271484375,48.0029411315918,989.8604125976562,151.0492401123047,8,dataset/masks_binary/green_immature/20260430_111323.png,115699,8,0.9641583333333333,1,dataset/masks_binary/pale_pink/20260430_111323.png,41600,1,0.3466666666666667,0,dataset/masks_binary/pink_turns_purple/20260430_111323.png,0,0,0.0,4,dataset/masks_binary/fully_ripe/20260430_111323.png,47509,4,0.39590833333333336,0,dataset/masks_binary/over_ripe/20260430_111323.png,0,0,0.0
20260430_111333,20260430_111333.jpg,val,dataset/images/20260430_111333.jpg,dataset/masks_semantic/20260430_111333.png,dataset/masks_overall/20260430_111333.png,3000,4000,56,4000,3000,6,samsung,Galaxy S24 Ultra,2026:04:30 11:13:33,3487322,3539435,e0151afd606c96e8e1b8e6fea6c8a73158c8d81d3d38db3ff42cce12921d2f78,1b8feaca938e718664445afe30ad5497b649c76ad7224e5120a7a9d6aabf8b3f,589501,10,0,136741,111.0586166381836,61.72645568847656,1312.9970703125,81.28766632080078,27,dataset/masks_binary/green_immature/20260430_111333.png,204783,28,1.706525,6,dataset/masks_binary/pale_pink/20260430_111333.png,65746,7,0.5478833333333333,4,dataset/masks_binary/pink_turns_purple/20260430_111333.png,61170,4,0.5097499999999999,19,dataset/masks_binary/fully_ripe/20260430_111333.png,257812,23,2.1484333333333336,0,dataset/masks_binary/over_ripe/20260430_111333.png,0,0,0.0
20260430_111337,20260430_111337.jpg,val,dataset/images/20260430_111337.jpg,dataset/masks_semantic/20260430_111337.png,dataset/masks_overall/20260430_111337.png,3000,4000,23,4000,3000,6,samsung,Galaxy S24 Ultra,2026:04:30 11:13:37,3302607,3181704,d0460a3f90d260a2090502250ead25cb2b2d5d497954c7fb25070815ccb579ba,2b712c379ff91a8193173f6ce17b0256346fabf65eb1947ccdd624af5c869fe5,684407,16,0,91755,102.56475067138672,42.843135833740234,330.5025329589844,152.35365295410156,9,dataset/masks_binary/green_immature/20260430_111337.png,188036,9,1.5669666666666666,2,dataset/masks_binary/pale_pink/20260430_111337.png,96505,2,0.8042083333333333,2,dataset/masks_binary/pink_turns_purple/20260430_111337.png,98638,3,0.8219833333333334,10,dataset/masks_binary/fully_ripe/20260430_111337.png,301244,10,2.5103666666666666,0,dataset/masks_binary/over_ripe/20260430_111337.png,0,0,0.0
20260430_111345,20260430_111345.jpg,val,dataset/images/20260430_111345.jpg,dataset/masks_semantic/20260430_111345.png,dataset/masks_overall/20260430_111345.png,3000,4000,64,4000,3000,6,samsung,Galaxy S24 Ultra,2026:04:30 11:13:45,3579105,3625645,37ebb169930f4e4011a7309c836a7c41f7a3145bf8a4a6d1985dc52ed2b30e5e,1d29e7f70007bfc48abb7d87740ba5bd65821ba3077554b63e23d6024ebfa314,527763,101,0,114726,113.31290435791016,58.116817474365234,1155.9532470703125,103.31072998046875,47,dataset/masks_binary/green_immature/20260430_111345.png,208956,47,1.7413,0,dataset/masks_binary/pale_pink/20260430_111345.png,0,0,0.0,0,dataset/masks_binary/pink_turns_purple/20260430_111345.png,0,0,0.0,17,dataset/masks_binary/fully_ripe/20260430_111345.png,318802,18,2.6566833333333335,0,dataset/masks_binary/over_ripe/20260430_111345.png,0,0,0.0
20260430_111350,20260430_111350.jpg,train,dataset/images/20260430_111350.jpg,dataset/masks_semantic/20260430_111350.png,dataset/masks_overall/20260430_111350.png,3000,4000,16,4000,3000,6,samsung,Galaxy S24 Ultra,2026:04:30 11:13:50,3298759,3223727,e3cbd96e2d9318ad187d2e006236db9871672bf0fd6479f22a7293752a369949,6e03d4f7474ecd828966611036795a4d8667981dc31bfa258238b5bc0a45afac,254435,0,0,47046,104.68241119384766,54.68218994140625,516.4223022460938,135.31455993652344,15,dataset/masks_binary/green_immature/20260430_111350.png,217445,17,1.8120416666666666,1,dataset/masks_binary/pale_pink/20260430_111350.png,36990,1,0.30825,0,dataset/masks_binary/pink_turns_purple/20260430_111350.png,0,0,0.0,0,dataset/masks_binary/fully_ripe/20260430_111350.png,0,0,0.0,0,dataset/masks_binary/over_ripe/20260430_111350.png,0,0,0.0
20260430_111358,20260430_111358.jpg,val,dataset/images/20260430_111358.jpg,dataset/masks_semantic/20260430_111358.png,dataset/masks_overall/20260430_111358.png,3000,4000,50,4000,3000,6,samsung,Galaxy S24 Ultra,2026:04:30 11:13:58,3933928,4041464,115844f4cba26118fd6c97b0dca31f5ff192e6cca759335d086a0875a2c15eab,c45927f7706fab6cc90e61a00635547866e1122411416c47b9c87c0744c217e5,519667,0,0,110414,102.08309173583984,46.47605514526367,1953.84375,148.90321350097656,35,dataset/masks_binary/green_immature/20260430_111358.png,235140,34,1.9595000000000002,0,dataset/masks_binary/pale_pink/20260430_111358.png,0,0,0.0,0,dataset/masks_binary/pink_turns_purple/20260430_111358.png,0,0,0.0,15,dataset/masks_binary/fully_ripe/20260430_111358.png,284527,17,2.3710583333333335,0,dataset/masks_binary/over_ripe/20260430_111358.png,0,0,0.0
20260430_111410,20260430_111410.jpg,train,dataset/images/20260430_111410.jpg,dataset/masks_semantic/20260430_111410.png,dataset/masks_overall/20260430_111410.png,3000,4000,26,4000,3000,6,samsung,Galaxy S24 Ultra,2026:04:30 11:14:10,3209818,3227501,be58025851c62e55905a6cdcdf9aa18acfb846998b13c88cf84e8037c6563980,e68ee63df5d99512aeb2f704f81aebf6f8b51802df82bc195020b1458aa0fecc,465452,9,0,71707,112.326416015625,45.510780334472656,617.6123046875,138.69540405273438,17,dataset/masks_binary/green_immature/20260430_111410.png,220329,17,1.836075,1,dataset/masks_binary/pale_pink/20260430_111410.png,51670,1,0.4305833333333333,0,dataset/masks_binary/pink_turns_purple/20260430_111410.png,0,0,0.0,8,dataset/masks_binary/fully_ripe/20260430_111410.png,193462,12,1.612183333333333,0,dataset/masks_binary/over_ripe/20260430_111410.png,0,0,0.0
20260430_111420,20260430_111420.jpg,train,dataset/images/20260430_111420.jpg,dataset/masks_semantic/20260430_111420.png,dataset/masks_overall/20260430_111420.png,3000,4000,32,4000,3000,6,samsung,Galaxy S24 Ultra,2026:04:30 11:14:20,3641450,3745530,863dda6896cfa867752837fb61d4ca2a2e9295b541887fcecd087e6c4cc75054,9d87c4ba2f9beed3ff7b35d5d4b4ba75160c2bf4fa2f09c56cfe0a8d2020abb7,239805,3,0,53033,98.61541748046875,51.24114990234375,1549.7720947265625,103.547607421875,22,dataset/masks_binary/green_immature/20260430_111420.png,73269,22,0.610575,2,dataset/masks_binary/pale_pink/20260430_111420.png,30392,2,0.25326666666666664,0,dataset/masks_binary/pink_turns_purple/20260430_111420.png,0,0,0.0,8,dataset/masks_binary/fully_ripe/20260430_111420.png,136147,9,1.1345583333333333,0,dataset/masks_binary/over_ripe/20260430_111420.png,0,0,0.0
20260430_111427,20260430_111427.jpg,train,dataset/images/20260430_111427.jpg,dataset/masks_semantic/20260430_111427.png,dataset/masks_overall/20260430_111427.png,3000,4000,22,4000,3000,6,samsung,Galaxy S24 Ultra,2026:04:30 11:14:27,3982313,4106470,bd418539830b4497970ac95823ff6475403ff278b8155ca82c2a177a7a046280,78e1994f25e563a299f5386deaa26aa42cf167d8c877aa8eea02cf74817f4b48,218540,0,0,50310,105.46829986572266,48.94815444946289,1735.443359375,157.62208557128906,16,dataset/masks_binary/green_immature/20260430_111427.png,133117,16,1.1093083333333333,0,dataset/masks_binary/pale_pink/20260430_111427.png,0,0,0.0,1,dataset/masks_binary/pink_turns_purple/20260430_111427.png,34523,1,0.2876916666666667,5,dataset/masks_binary/fully_ripe/20260430_111427.png,50900,5,0.4241666666666667,0,dataset/masks_binary/over_ripe/20260430_111427.png,0,0,0.0
20260430_111434,20260430_111434.jpg,train,dataset/images/20260430_111434.jpg,dataset/masks_semantic/20260430_111434.png,dataset/masks_overall/20260430_111434.png,3000,4000,58,4000,3000,6,samsung,Galaxy S24 Ultra,2026:04:30 11:14:34,3496443,3501637,c4d9ac78e52cf9eb4e60e1d6de0f3ec9d38e306f19b708e127b7586fef56d54d,1b67f544dbb5a468bb9e23a5dd84372770b855f2375f2410c65c2403b6055479,471294,4,0,113324,111.43170166015625,59.68001937866211,935.7252807617188,93.662353515625,43,dataset/masks_binary/green_immature/20260430_111434.png,192938,45,1.6078166666666667,1,dataset/masks_binary/pale_pink/20260430_111434.png,2809,1,0.023408333333333333,0,dataset/masks_binary/pink_turns_purple/20260430_111434.png,0,0,0.0,14,dataset/masks_binary/fully_ripe/20260430_111434.png,275551,14,2.2962583333333333,0,dataset/masks_binary/over_ripe/20260430_111434.png,0,0,0.0
20260430_111438,20260430_111438.jpg,train,dataset/images/20260430_111438.jpg,dataset/masks_semantic/20260430_111438.png,dataset/masks_overall/20260430_111438.png,3000,4000,40,4000,3000,6,samsung,Galaxy S24 Ultra,2026:04:30 11:14:38,3610013,3700331,f56151038322a457273fc50354cc7fd505554c359b3f090deb267d3347b0727f,f788a0d4ee937796f70a4816e3fc9825b279f8304629998805ad9d4025d11dce,308417,45,0,76246,111.53732299804688,61.13899230957031,1925.5286865234375,96.3225326538086,18,dataset/masks_binary/green_immature/20260430_111438.png,85217,18,0.7101416666666667,0,dataset/masks_binary/pale_pink/20260430_111438.png,0,0,0.0,1,dataset/masks_binary/pink_turns_purple/20260430_111438.png,13751,1,0.11459166666666666,21,dataset/masks_binary/fully_ripe/20260430_111438.png,209474,23,1.7456166666666666,0,dataset/masks_binary/over_ripe/20260430_111438.png,0,0,0.0
20260430_111443,20260430_111443.jpg,train,dataset/images/20260430_111443.jpg,dataset/masks_semantic/20260430_111443.png,dataset/masks_overall/20260430_111443.png,3000,4000,16,4000,3000,6,samsung,Galaxy S24 Ultra,2026:04:30 11:14:42,3255168,3150519,db3f6f77e3505c6b4ea30be9847d434f87d9b429efa80044b97ca5daed604f0f,1490c326e68dac44f2d58a7b29b76937463efa300b1308f2cb14536e8f27bf19,337598,1,0,50192,103.1369857788086,43.779327392578125,413.2594909667969,149.43028259277344,8,dataset/masks_binary/green_immature/20260430_111443.png,102607,8,0.8550583333333334,1,dataset/masks_binary/pale_pink/20260430_111443.png,16090,1,0.13408333333333333,0,dataset/masks_binary/pink_turns_purple/20260430_111443.png,0,0,0.0,7,dataset/masks_binary/fully_ripe/20260430_111443.png,218902,7,1.8241833333333333,0,dataset/masks_binary/over_ripe/20260430_111443.png,0,0,0.0
20260430_111459,20260430_111459.jpg,train,dataset/images/20260430_111459.jpg,dataset/masks_semantic/20260430_111459.png,dataset/masks_overall/20260430_111459.png,3000,4000,6,4000,3000,6,samsung,Galaxy S24 Ultra,2026:04:30 11:14:59,3292668,3198950,20021d86353a81f63b4647cb960957e6b00a38aa6ecee671553e8cf86b5cc438,3ea6552e49b1257c4d543b900ed0380ba2199713ac682890c127a0d1a5bc3694,118743,0,0,19544,111.0348129272461,59.85996627807617,485.7177734375,98.0224609375,3,dataset/masks_binary/green_immature/20260430_111459.png,48747,3,0.406225,0,dataset/masks_binary/pale_pink/20260430_111459.png,0,0,0.0,1,dataset/masks_binary/pink_turns_purple/20260430_111459.png,44392,1,0.36993333333333334,2,dataset/masks_binary/fully_ripe/20260430_111459.png,25604,2,0.21336666666666665,0,dataset/masks_binary/over_ripe/20260430_111459.png,0,0,0.0
20260430_111507,20260430_111507.jpg,train,dataset/images/20260430_111507.jpg,dataset/masks_semantic/20260430_111507.png,dataset/masks_overall/20260430_111507.png,3000,4000,45,4000,3000,6,samsung,Galaxy S24 Ultra,2026:04:30 11:15:07,3409481,3377334,ac11c4947c29405b7f6e799d57c3e73ebdb90180e0c7f89e5fb1218860f03342,c67130b81d5e70dd8e2a3f98896f47e0d00147e1728cda3003c4d988fa29e82a,525683,11,0,108602,101.91661834716797,52.94929504394531,811.3554077148438,128.89247131347656,24,dataset/masks_binary/green_immature/20260430_111507.png,174313,24,1.4526083333333333,1,dataset/masks_binary/pale_pink/20260430_111507.png,20815,1,0.17345833333333335,1,dataset/masks_binary/pink_turns_purple/20260430_111507.png,23164,1,0.19303333333333333,18,dataset/masks_binary/fully_ripe/20260430_111507.png,297717,20,2.480975,1,dataset/masks_binary/over_ripe/20260430_111507.png,9675,1,0.080625
20260430_111514,20260430_111514.jpg,train,dataset/images/20260430_111514.jpg,dataset/masks_semantic/20260430_111514.png,dataset/masks_overall/20260430_111514.png,3000,4000,48,4000,3000,6,samsung,Galaxy S24 Ultra,2026:04:30 11:15:14,3484580,3522365,97f9ad366c2a0b857b4221551d24e128214f226dc36afdd01b76429c3769392b,e7f8010bb7a15e2f2b3bfa39ac8aca744b67b856c1c876e1f839d99f41aa8bb3,248617,0,0,73870,96.1894760131836,54.72358703613281,1247.0667724609375,111.52213287353516,42,dataset/masks_binary/green_immature/20260430_111514.png,181089,45,1.509075,0,dataset/masks_binary/pale_pink/20260430_111514.png,0,0,0.0,0,dataset/masks_binary/pink_turns_purple/20260430_111514.png,0,0,0.0,5,dataset/masks_binary/fully_ripe/20260430_111514.png,61761,5,0.514675,1,dataset/masks_binary/over_ripe/20260430_111514.png,5767,1,0.048058333333333335
20260430_111519,20260430_111519.jpg,train,dataset/images/20260430_111519.jpg,dataset/masks_semantic/20260430_111519.png,dataset/masks_overall/20260430_111519.png,3000,4000,14,4000,3000,6,samsung,Galaxy S24 Ultra,2026:04:30 11:15:19,3142011,3088492,7e1b93880b9cd4edb793075ded817912ea104c0f969f08d6ae434142abf5b476,45158b7d323f3a01f5f2f7146a0240dc556e45097543995b98d91d57ef16776f,315931,0,0,43862,113.52847290039062,47.644996643066406,395.07470703125,113.14299774169922,11,dataset/masks_binary/green_immature/20260430_111519.png,178879,11,1.4906583333333334,1,dataset/masks_binary/pale_pink/20260430_111519.png,49011,1,0.40842500000000004,0,dataset/masks_binary/pink_turns_purple/20260430_111519.png,0,0,0.0,2,dataset/masks_binary/fully_ripe/20260430_111519.png,88041,2,0.7336750000000001,0,dataset/masks_binary/over_ripe/20260430_111519.png,0,0,0.0
20260430_111526,20260430_111526.jpg,test,dataset/images/20260430_111526.jpg,dataset/masks_semantic/20260430_111526.png,dataset/masks_overall/20260430_111526.png,3000,4000,13,4000,3000,6,samsung,Galaxy S24 Ultra,2026:04:30 11:15:26,3248755,3177321,9f9013ade5b25d6a71bd541a72bf465b60f7703c2a52ff51233f287b0d80c6e9,8b22d6c1aa9a039123c616f12a9d4706462272c5bc50d156c949649b68f9f3fa,332276,30,0,44734,101.56561279296875,56.43437957763672,543.4385986328125,115.54583740234375,4,dataset/masks_binary/green_immature/20260430_111526.png,71469,4,0.595575,0,dataset/masks_binary/pale_pink/20260430_111526.png,0,0,0.0,0,dataset/masks_binary/pink_turns_purple/20260430_111526.png,0,0,0.0,9,dataset/masks_binary/fully_ripe/20260430_111526.png,260825,10,2.1735416666666665,0,dataset/masks_binary/over_ripe/20260430_111526.png,0,0,0.0
20260430_111542,20260430_111542.jpg,train,dataset/images/20260430_111542.jpg,dataset/masks_semantic/20260430_111542.png,dataset/masks_overall/20260430_111542.png,3000,4000,7,4000,3000,6,samsung,Galaxy S24 Ultra,2026:04:30 11:15:42,3412098,3344372,63bd54640c5995ae2afe31c862d5149ca26247a17cf5bf58062c176258f93f83,b44d82436750520d976e1c8029a342535bb764239c59cf1732ffb72e2d4ce229,144092,0,0,25571,109.6934585571289,47.82183074951172,476.5456848144531,128.13661193847656,3,dataset/masks_binary/green_immature/20260430_111542.png,30339,3,0.252825,1,dataset/masks_binary/pale_pink/20260430_111542.png,45699,1,0.380825,0,dataset/masks_binary/pink_turns_purple/20260430_111542.png,0,0,0.0,3,dataset/masks_binary/fully_ripe/20260430_111542.png,68054,8,0.5671166666666666,0,dataset/masks_binary/over_ripe/20260430_111542.png,0,0,0.0
20260430_111547,20260430_111547.jpg,val,dataset/images/20260430_111547.jpg,dataset/masks_semantic/20260430_111547.png,dataset/masks_overall/20260430_111547.png,3000,4000,44,4000,3000,6,samsung,Galaxy S24 Ultra,2026:04:30 11:15:47,3493530,3494595,eb7aef930d3a0a97656d3b343e0ce32f899291328e822643ebcb4dfb92a5782d,52e76e0394741c30fb6a640e568b5cb78e78a320161c874050b771933b7ab857,548308,0,0,114938,105.3012466430664,49.90306854248047,748.8290405273438,138.768798828125,29,dataset/masks_binary/green_immature/20260430_111547.png,248586,34,2.0715500000000002,1,dataset/masks_binary/pale_pink/20260430_111547.png,19980,1,0.1665,0,dataset/masks_binary/pink_turns_purple/20260430_111547.png,0,0,0.0,14,dataset/masks_binary/fully_ripe/20260430_111547.png,279742,14,2.331183333333333,0,dataset/masks_binary/over_ripe/20260430_111547.png,0,0,0.0
20260430_111551,20260430_111551.jpg,val,dataset/images/20260430_111551.jpg,dataset/masks_semantic/20260430_111551.png,dataset/masks_overall/20260430_111551.png,3000,4000,55,4000,3000,6,samsung,Galaxy S24 Ultra,2026:04:30 11:15:51,3751236,3784861,50d008a0927fa79ffa02f2366030386db82f7d7996cc1962f2e679be26f84fc7,6d1078e4860b2f0921814b56a8fc04c7b3026dc26525f45eefb683e5c691b1e9,548905,41,0,114442,119.7476577758789,50.86991500854492,1186.07373046875,154.8413543701172,36,dataset/masks_binary/green_immature/20260430_111551.png,247698,37,2.06415,2,dataset/masks_binary/pale_pink/20260430_111551.png,62255,2,0.5187916666666668,0,dataset/masks_binary/pink_turns_purple/20260430_111551.png,0,0,0.0,17,dataset/masks_binary/fully_ripe/20260430_111551.png,238993,18,1.9916083333333334,0,dataset/masks_binary/over_ripe/20260430_111551.png,0,0,0.0
20260430_111557,20260430_111557.jpg,test,dataset/images/20260430_111557.jpg,dataset/masks_semantic/20260430_111557.png,dataset/masks_overall/20260430_111557.png,3000,4000,20,4000,3000,6,samsung,Galaxy S24 Ultra,2026:04:30 11:15:57,3855191,3898058,1d474f9fbbe806352264ce9abea15e921155aa9c58f0dcbd420775165decc2b2,b4aced865d26fca49e606a6abb437dfa4b643d821a8794481b9118d3bcd8621d,361405,4,0,62406,115.65444946289062,46.28961181640625,974.757080078125,152.23765563964844,16,dataset/masks_binary/green_immature/20260430_111557.png,261443,16,2.1786916666666665,1,dataset/masks_binary/pale_pink/20260430_111557.png,45145,1,0.37620833333333337,0,dataset/masks_binary/pink_turns_purple/20260430_111557.png,0,0,0.0,1,dataset/masks_binary/fully_ripe/20260430_111557.png,1462,1,0.012183333333333332,2,dataset/masks_binary/over_ripe/20260430_111557.png,53359,2,0.4446583333333334
20260430_111612,20260430_111612.jpg,train,dataset/images/20260430_111612.jpg,dataset/masks_semantic/20260430_111612.png,dataset/masks_overall/20260430_111612.png,3000,4000,32,4000,3000,6,samsung,Galaxy S24 Ultra,2026:04:30 11:16:12,3807631,3870791,123647a64c8b14fa8c534e57ad003a4ce40bcab19a97a77761774fd964c8637d,53800dbacb9576ef22d59efe7c09f9e6acd42e198c3f1806024dc2e2e75cfff8,591701,8,0,98715,109.77628326416016,46.01002883911133,1005.8029174804688,146.36997985839844,13,dataset/masks_binary/green_immature/20260430_111612.png,269956,15,2.249633333333333,2,dataset/masks_binary/pale_pink/20260430_111612.png,66739,2,0.5561583333333333,0,dataset/masks_binary/pink_turns_purple/20260430_111612.png,0,0,0.0,16,dataset/masks_binary/fully_ripe/20260430_111612.png,253549,16,2.1129083333333334,1,dataset/masks_binary/over_ripe/20260430_111612.png,1465,1,0.012208333333333333
20260430_111622,20260430_111622.jpg,train,dataset/images/20260430_111622.jpg,dataset/masks_semantic/20260430_111622.png,dataset/masks_overall/20260430_111622.png,3000,4000,63,4000,3000,6,samsung,Galaxy S24 Ultra,2026:04:30 11:16:23,4402536,4543107,af4d7e258ba55e68b7ea5a3ff97b83c5d6dbdafc58b62a1a3cb677afa1a077e8,7c29bf69f12e1a4b07bdafbcc12c939842b74d216db05e6ef73063a08029cb4d,270835,4,0,90338,100.81005859375,48.68483352661133,3527.842529296875,141.41700744628906,31,dataset/masks_binary/green_immature/20260430_111622.png,105137,31,0.8761416666666667,3,dataset/masks_binary/pale_pink/20260430_111622.png,22107,3,0.184225,0,dataset/masks_binary/pink_turns_purple/20260430_111622.png,0,0,0.0,29,dataset/masks_binary/fully_ripe/20260430_111622.png,143595,31,1.196625,0,dataset/masks_binary/over_ripe/20260430_111622.png,0,0,0.0
20260430_111630,20260430_111630.jpg,test,dataset/images/20260430_111630.jpg,dataset/masks_semantic/20260430_111630.png,dataset/masks_overall/20260430_111630.png,3000,4000,60,4000,3000,6,samsung,Galaxy S24 Ultra,2026:04:30 11:16:30,3861467,4018319,617a3214b8e4af7079b44b0e874ac846888af26da21f9afc48837f148ab324fe,342ca12c6254d8243ec535057fdc6389deaecfff9239c2d4612d6a2d7bde94c0,239934,0,0,77734,92.63472747802734,55.325927734375,2004.2965087890625,129.57765197753906,34,dataset/masks_binary/green_immature/20260430_111630.png,137670,34,1.14725,2,dataset/masks_binary/pale_pink/20260430_111630.png,28507,2,0.23755833333333332,1,dataset/masks_binary/pink_turns_purple/20260430_111630.png,17233,1,0.14360833333333334,22,dataset/masks_binary/fully_ripe/20260430_111630.png,53786,22,0.44821666666666665,1,dataset/masks_binary/over_ripe/20260430_111630.png,2738,1,0.022816666666666666
20260430_111634,20260430_111634.jpg,train,dataset/images/20260430_111634.jpg,dataset/masks_semantic/20260430_111634.png,dataset/masks_overall/20260430_111634.png,3000,4000,55,4000,3000,6,samsung,Galaxy S24 Ultra,2026:04:30 11:16:34,3762241,3891925,d6d49b6527fe9c2ac01bfd7a13e2abd8c6bde8df1304f14b4c24a17cfeb0b4c1,6122c52a22d909dd4bcf3f01d496bed762643e1053e426b387ef4aeca1fa4283,293394,1,0,90425,102.76568603515625,55.88970947265625,1605.7398681640625,125.0824203491211,33,dataset/masks_binary/green_immature/20260430_111634.png,149181,39,1.243175,7,dataset/masks_binary/pale_pink/20260430_111634.png,70165,7,0.5847083333333334,0,dataset/masks_binary/pink_turns_purple/20260430_111634.png,0,0,0.0,14,dataset/masks_binary/fully_ripe/20260430_111634.png,71256,14,0.5938,1,dataset/masks_binary/over_ripe/20260430_111634.png,2793,1,0.023275
20260430_111640,20260430_111640.jpg,train,dataset/images/20260430_111640.jpg,dataset/masks_semantic/20260430_111640.png,dataset/masks_overall/20260430_111640.png,3000,4000,61,4000,3000,6,samsung,Galaxy S24 Ultra,2026:04:30 11:16:39,4320949,4467191,b94a4ef63547f38264419a0b74264c83ff4faf0efec5af8a742a264b2d5313de,649d1b9e1d2b4549fa774f694a899e6092b468b2db8d8b708d6bc5ccbf8da0a8,433383,0,0,111301,105.40262603759766,49.94050979614258,2932.277587890625,143.09251403808594,36,dataset/masks_binary/green_immature/20260430_111640.png,160730,40,1.3394166666666667,2,dataset/masks_binary/pale_pink/20260430_111640.png,17484,2,0.1457,0,dataset/masks_binary/pink_turns_purple/20260430_111640.png,0,0,0.0,23,dataset/masks_binary/fully_ripe/20260430_111640.png,255169,24,2.1264083333333335,0,dataset/masks_binary/over_ripe/20260430_111640.png,0,0,0.0
20260430_111646,20260430_111646.jpg,train,dataset/images/20260430_111646.jpg,dataset/masks_semantic/20260430_111646.png,dataset/masks_overall/20260430_111646.png,3000,4000,76,4000,3000,6,samsung,Galaxy S24 Ultra,2026:04:30 11:16:45,4113796,4255007,6bb7bd7d5cefc22bddc7b1b735e0b5242e253af6c1283da212533bfc50f4063d,485b9cb758f1be319fba31d886c20c9b09473401f28e97c5a1ff83269bd2c625,543426,7,0,135956,110.38143157958984,52.22098159790039,2212.72705078125,151.30726623535156,36,dataset/masks_binary/green_immature/20260430_111646.png,201912,36,1.6826,3,dataset/masks_binary/pale_pink/20260430_111646.png,28771,3,0.23975833333333332,0,dataset/masks_binary/pink_turns_purple/20260430_111646.png,0,0,0.0,37,dataset/masks_binary/fully_ripe/20260430_111646.png,312750,38,2.6062499999999997,0,dataset/masks_binary/over_ripe/20260430_111646.png,0,0,0.0
20260430_111654,20260430_111654.jpg,train,dataset/images/20260430_111654.jpg,dataset/masks_semantic/20260430_111654.png,dataset/masks_overall/20260430_111654.png,3000,4000,10,4000,3000,6,samsung,Galaxy S24 Ultra,2026:04:30 11:16:54,3589452,3632245,3e31e53a577211686a7acc68be92c71a1a49d83c1529b675b0e970b468ee7c34,437b9bb99c89b219ef7b34180e4d81ef1d6b7368577056d936fcdd4131171556,125283,0,0,25420,106.0765151977539,49.47238540649414,1093.2655029296875,144.3839111328125,7,dataset/masks_binary/green_immature/20260430_111654.png,61390,8,0.5115833333333333,0,dataset/masks_binary/pale_pink/20260430_111654.png,0,0,0.0,0,dataset/masks_binary/pink_turns_purple/20260430_111654.png,0,0,0.0,2,dataset/masks_binary/fully_ripe/20260430_111654.png,19611,3,0.16342500000000001,1,dataset/masks_binary/over_ripe/20260430_111654.png,44282,1,0.36901666666666666
20260430_111835,20260430_111835.jpg,test,dataset/images/20260430_111835.jpg,dataset/masks_semantic/20260430_111835.png,dataset/masks_overall/20260430_111835.png,3000,4000,56,4000,3000,6,samsung,Galaxy S24 Ultra,2026:04:30 11:18:35,3341827,3346973,3c50c0a54c88606d251aa44707e877741fdcf3f1bb2c78888167a4eab9e14f74,a72b599c35881ccc892dbdd8738d5033b1e940d87c1b763b6fcdefae603cdd7b,576577,4,0,123464,106.83728790283203,62.866817474365234,1101.7232666015625,102.39373779296875,27,dataset/masks_binary/green_immature/20260430_111835.png,178846,29,1.4903833333333334,1,dataset/masks_binary/pale_pink/20260430_111835.png,31815,1,0.265125,0,dataset/masks_binary/pink_turns_purple/20260430_111835.png,0,0,0.0,28,dataset/masks_binary/fully_ripe/20260430_111835.png,365920,30,3.0493333333333332,0,dataset/masks_binary/over_ripe/20260430_111835.png,0,0,0.0
20260430_111848,20260430_111848.jpg,val,dataset/images/20260430_111848.jpg,dataset/masks_semantic/20260430_111848.png,dataset/masks_overall/20260430_111848.png,3000,4000,45,4000,3000,6,samsung,Galaxy S24 Ultra,2026:04:30 11:18:47,3818620,3940605,f04e28e450640abf10d85f426198e6d43a674ea8efdd2775bfb8c87ff29a73aa,349698bcda96f96071ccc834d72940af208542e91f55600c0ed2f1dcf11e6ec5,218447,0,0,66267,102.8857650756836,59.58782958984375,2638.270263671875,96.20447540283203,31,dataset/masks_binary/green_immature/20260430_111848.png,79321,31,0.6610083333333333,0,dataset/masks_binary/pale_pink/20260430_111848.png,0,0,0.0,0,dataset/masks_binary/pink_turns_purple/20260430_111848.png,0,0,0.0,14,dataset/masks_binary/fully_ripe/20260430_111848.png,139126,14,1.1593833333333332,0,dataset/masks_binary/over_ripe/20260430_111848.png,0,0,0.0
20260430_111856,20260430_111856.jpg,test,dataset/images/20260430_111856.jpg,dataset/masks_semantic/20260430_111856.png,dataset/masks_overall/20260430_111856.png,3000,4000,11,4000,3000,6,samsung,Galaxy S24 Ultra,2026:04:30 11:18:56,3855787,3867575,d1064241eaee72ac2a125978101bb6218f02c33f0d135d92805e2f119958ead0,975e4349852976acab9fc71744b543805124fd11623cebf32a1ad0a3a45bef6f,153816,0,0,27192,111.87288665771484,46.419837951660156,816.9602661132812,138.2434844970703,4,dataset/masks_binary/green_immature/20260430_111856.png,38475,4,0.320625,2,dataset/masks_binary/pale_pink/20260430_111856.png,51080,2,0.42566666666666664,0,dataset/masks_binary/pink_turns_purple/20260430_111856.png,0,0,0.0,5,dataset/masks_binary/fully_ripe/20260430_111856.png,64261,5,0.5355083333333334,0,dataset/masks_binary/over_ripe/20260430_111856.png,0,0,0.0
20260430_111902,20260430_111902.jpg,val,dataset/images/20260430_111902.jpg,dataset/masks_semantic/20260430_111902.png,dataset/masks_overall/20260430_111902.png,3000,4000,9,4000,3000,6,samsung,Galaxy S24 Ultra,2026:04:30 11:19:02,4318683,4440684,7dcfe6e9b82e0551116934a5ca2cb62efe28f7720aa124b0f6ba8b345a38a7b0,4692f20c5f8d16af47db2f383e53d3fcb46a87b4900106c9eb98f36c0295a012,150877,0,0,26350,106.30622100830078,49.113494873046875,2184.966552734375,147.1488037109375,5,dataset/masks_binary/green_immature/20260430_111902.png,50865,5,0.42387500000000006,1,dataset/masks_binary/pale_pink/20260430_111902.png,9858,1,0.08215,0,dataset/masks_binary/pink_turns_purple/20260430_111902.png,0,0,0.0,3,dataset/masks_binary/fully_ripe/20260430_111902.png,90154,3,0.7512833333333333,0,dataset/masks_binary/over_ripe/20260430_111902.png,0,0,0.0
20260430_111911,20260430_111911.jpg,val,dataset/images/20260430_111911.jpg,dataset/masks_semantic/20260430_111911.png,dataset/masks_overall/20260430_111911.png,3000,4000,13,4000,3000,6,samsung,Galaxy S24 Ultra,2026:04:30 11:19:11,3431300,3409249,34195b29b24757f4084fc9c029807d47938809fd703c36a09c4d268dad0c55e2,b348205aa8c0a50ce4aafc1ea0ab79e673712093059e89ce42d600becf346e94,292780,0,0,48944,106.1969985961914,50.98685073852539,717.4036254882812,122.2598648071289,8,dataset/masks_binary/green_immature/20260430_111911.png,125210,11,1.0434166666666667,1,dataset/masks_binary/pale_pink/20260430_111911.png,29900,1,0.24916666666666668,0,dataset/masks_binary/pink_turns_purple/20260430_111911.png,0,0,0.0,4,dataset/masks_binary/fully_ripe/20260430_111911.png,137670,4,1.14725,0,dataset/masks_binary/over_ripe/20260430_111911.png,0,0,0.0
20260430_111919,20260430_111919.jpg,train,dataset/images/20260430_111919.jpg,dataset/masks_semantic/20260430_111919.png,dataset/masks_overall/20260430_111919.png,3000,4000,3,4000,3000,6,samsung,Galaxy S24 Ultra,2026:04:30 11:19:19,2571082,2687526,82fab8c012de7b00ec3ed5c7357d6ed7879aa663682615a909f98559cae05e01,763f3affd3ca9c55316dcc51cb73e4439868b082083a28146c6d7c4a33097c4b,453756,0,0,29954,94.04427337646484,43.7432861328125,439.7349853515625,107.05023193359375,1,dataset/masks_binary/green_immature/20260430_111919.png,154942,1,1.2911833333333333,1,dataset/masks_binary/pale_pink/20260430_111919.png,131182,1,1.0931833333333334,1,dataset/masks_binary/pink_turns_purple/20260430_111919.png,167632,1,1.3969333333333334,0,dataset/masks_binary/fully_ripe/20260430_111919.png,0,0,0.0,0,dataset/masks_binary/over_ripe/20260430_111919.png,0,0,0.0
20260430_111935,20260430_111935.jpg,train,dataset/images/20260430_111935.jpg,dataset/masks_semantic/20260430_111935.png,dataset/masks_overall/20260430_111935.png,3000,4000,33,4000,3000,6,samsung,Galaxy S24 Ultra,2026:04:30 11:19:35,3253846,3231418,813c78c192b051e7c99b145cf72817c18a18bcc020686c33a43e5c24bc02e4f6,2ffb105b9ddefc150ecc5fd551c9abc57a4008aadfbcce0af0efb1800a36cf1d,607871,1,0,101194,104.3486557006836,57.3077278137207,769.3087768554688,121.45645904541016,21,dataset/masks_binary/green_immature/20260430_111935.png,326057,30,2.7171416666666666,1,dataset/masks_binary/pale_pink/20260430_111935.png,22736,1,0.18946666666666667,0,dataset/masks_binary/pink_turns_purple/20260430_111935.png,0,0,0.0,11,dataset/masks_binary/fully_ripe/20260430_111935.png,259079,11,2.1589916666666666,0,dataset/masks_binary/over_ripe/20260430_111935.png,0,0,0.0
20260430_111941,20260430_111941.jpg,train,dataset/images/20260430_111941.jpg,dataset/masks_semantic/20260430_111941.png,dataset/masks_overall/20260430_111941.png,3000,4000,5,4000,3000,6,samsung,Galaxy S24 Ultra,2026:04:30 11:19:41,3786698,3861083,744752880229434c7761c450971e4780bf0fd45065c1159c2bf53f5f53067b0a,c5e89dc2b3301c09f839860fdf93b671b7d3662c1aee98a4dfee99e9e15b5a83,67504,0,0,15186,112.1893081665039,51.498531341552734,1148.395751953125,140.14869689941406,1,dataset/masks_binary/green_immature/20260430_111941.png,4761,1,0.039675,1,dataset/masks_binary/pale_pink/20260430_111941.png,22005,1,0.183375,1,dataset/masks_binary/pink_turns_purple/20260430_111941.png,18213,1,0.151775,2,dataset/masks_binary/fully_ripe/20260430_111941.png,22525,2,0.18770833333333334,0,dataset/masks_binary/over_ripe/20260430_111941.png,0,0,0.0
20260430_111947,20260430_111947.jpg,train,dataset/images/20260430_111947.jpg,dataset/masks_semantic/20260430_111947.png,dataset/masks_overall/20260430_111947.png,3000,4000,12,4000,3000,6,samsung,Galaxy S24 Ultra,2026:04:30 11:19:47,3320455,3234276,b043534329dfd04fe30c4baf00632ec79a06163a31213e9501709dd5816832ca,423b1ca9254d8781adcfb46085dee8ef4a08c34b8f0fc35b663010722b3661f4,203810,8,0,38019,100.35430908203125,45.34333801269531,369.1805114746094,138.0475616455078,8,dataset/masks_binary/green_immature/20260430_111947.png,123842,8,1.0320166666666666,2,dataset/masks_binary/pale_pink/20260430_111947.png,63161,2,0.5263416666666666,0,dataset/masks_binary/pink_turns_purple/20260430_111947.png,0,0,0.0,2,dataset/masks_binary/fully_ripe/20260430_111947.png,16815,4,0.140125,0,dataset/masks_binary/over_ripe/20260430_111947.png,0,0,0.0
20260430_111952,20260430_111952.jpg,train,dataset/images/20260430_111952.jpg,dataset/masks_semantic/20260430_111952.png,dataset/masks_overall/20260430_111952.png,3000,4000,24,4000,3000,6,samsung,Galaxy S24 Ultra,2026:04:30 11:19:51,3751754,3812614,8c372d2ffb6df60d29179d3d82242c8a17a96c953858420d3f2f338ec0525fc3,5222ba756c2e589fdbd9e45fa53bf5efceb9ce297cdfb63bf2456998bd1b5efd,316522,5,0,61617,103.74765014648438,49.995262145996094,1039.6978759765625,150.08265686035156,19,dataset/masks_binary/green_immature/20260430_111952.png,202317,25,1.685975,1,dataset/masks_binary/pale_pink/20260430_111952.png,37230,1,0.31024999999999997,0,dataset/masks_binary/pink_turns_purple/20260430_111952.png,0,0,0.0,4,dataset/masks_binary/fully_ripe/20260430_111952.png,76980,4,0.6415,0,dataset/masks_binary/over_ripe/20260430_111952.png,0,0,0.0
20260430_111958,20260430_111958.jpg,train,dataset/images/20260430_111958.jpg,dataset/masks_semantic/20260430_111958.png,dataset/masks_overall/20260430_111958.png,3000,4000,29,4000,3000,6,samsung,Galaxy S24 Ultra,2026:04:30 11:19:58,3511202,3568102,140d514bb4d498fc58020bd03fd78d1048802502105a5c2411409990ffc3556d,01e0634f2fea85424a40434f80c7e63a0cb2f7e3e2311b9b5c3630658b9764d0,443561,0,0,75780,103.11791229248047,59.144813537597656,1546.3992919921875,101.63583374023438,17,dataset/masks_binary/green_immature/20260430_111958.png,184546,18,1.5378833333333333,0,dataset/masks_binary/pale_pink/20260430_111958.png,0,0,0.0,0,dataset/masks_binary/pink_turns_purple/20260430_111958.png,0,0,0.0,12,dataset/masks_binary/fully_ripe/20260430_111958.png,259015,12,2.1584583333333334,0,dataset/masks_binary/over_ripe/20260430_111958.png,0,0,0.0
20260430_112006,20260430_112006.jpg,train,dataset/images/20260430_112006.jpg,dataset/masks_semantic/20260430_112006.png,dataset/masks_overall/20260430_112006.png,3000,4000,19,4000,3000,6,samsung,Galaxy S24 Ultra,2026:04:30 11:20:06,3695407,3797125,9daad07d44c60cd94048d6c3fd613bcee7fc74bcfd8de5f4f8a348c5ad38be2a,de3d51b211b20396b662d251705b1d97cd81f43cda5a7f2ca5409f5b87263f26,393958,0,0,62038,99.14867401123047,42.54080581665039,997.9458618164062,146.0631103515625,17,dataset/masks_binary/green_immature/20260430_112006.png,324474,18,2.7039500000000003,1,dataset/masks_binary/pale_pink/20260430_112006.png,35326,1,0.29438333333333333,0,dataset/masks_binary/pink_turns_purple/20260430_112006.png,0,0,0.0,1,dataset/masks_binary/fully_ripe/20260430_112006.png,34158,1,0.28465,0,dataset/masks_binary/over_ripe/20260430_112006.png,0,0,0.0
20260430_112011,20260430_112011.jpg,train,dataset/images/20260430_112011.jpg,dataset/masks_semantic/20260430_112011.png,dataset/masks_overall/20260430_112011.png,3000,4000,25,4000,3000,6,samsung,Galaxy S24 Ultra,2026:04:30 11:20:11,3615907,3719857,19d035536637390b8599707ee5ae7fd06e6527f0003cbd4ed2b70f1fb6927d2d,75a099da4220bf5e6aa9806b3f08ce06158ea0d4842cc579a59bf961b9d128fd,279402,0,0,57630,111.53560638427734,61.42436981201172,1652.6845703125,90.24432373046875,11,dataset/masks_binary/green_immature/20260430_112011.png,53031,11,0.44192499999999996,0,dataset/masks_binary/pale_pink/20260430_112011.png,0,0,0.0,1,dataset/masks_binary/pink_turns_purple/20260430_112011.png,34858,1,0.29048333333333337,13,dataset/masks_binary/fully_ripe/20260430_112011.png,191513,14,1.5959416666666666,0,dataset/masks_binary/over_ripe/20260430_112011.png,0,0,0.0
20260430_112017,20260430_112017.jpg,train,dataset/images/20260430_112017.jpg,dataset/masks_semantic/20260430_112017.png,dataset/masks_overall/20260430_112017.png,3000,4000,8,4000,3000,6,samsung,Galaxy S24 Ultra,2026:04:30 11:20:16,3922259,3927530,c43b8e2784fe0958e5891f293acd542d4d382a8e2f5213ad510d6038da6d1417,ca7e71ae28b5e4f87d82b0237bdcb79763faa8e0da25f0d17d2b64d6db6ed418,194483,0,0,28448,111.4042739868164,47.03638458251953,735.1127319335938,140.89707946777344,7,dataset/masks_binary/green_immature/20260430_112017.png,162967,7,1.3580583333333334,0,dataset/masks_binary/pale_pink/20260430_112017.png,0,0,0.0,1,dataset/masks_binary/pink_turns_purple/20260430_112017.png,31516,1,0.26263333333333333,0,dataset/masks_binary/fully_ripe/20260430_112017.png,0,0,0.0,0,dataset/masks_binary/over_ripe/20260430_112017.png,0,0,0.0
20260430_112021,20260430_112021.jpg,train,dataset/images/20260430_112021.jpg,dataset/masks_semantic/20260430_112021.png,dataset/masks_overall/20260430_112021.png,3000,4000,11,4000,3000,6,samsung,Galaxy S24 Ultra,2026:04:30 11:20:21,3983251,4101065,b8225a2365aef02d79f81494405ef643679051ac5627ef798aa67b6e7dd15ed3,44e188372e75d830b669eeed12917db2a4a6deb03d557a430950734789d13660,150890,0,0,30628,109.49372100830078,49.68866729736328,1357.0616455078125,130.7677459716797,6,dataset/masks_binary/green_immature/20260430_112021.png,70041,6,0.5836749999999999,1,dataset/masks_binary/pale_pink/20260430_112021.png,38745,1,0.32287499999999997,0,dataset/masks_binary/pink_turns_purple/20260430_112021.png,0,0,0.0,4,dataset/masks_binary/fully_ripe/20260430_112021.png,42104,4,0.35086666666666666,0,dataset/masks_binary/over_ripe/20260430_112021.png,0,0,0.0
20260430_112030,20260430_112030.jpg,train,dataset/images/20260430_112030.jpg,dataset/masks_semantic/20260430_112030.png,dataset/masks_overall/20260430_112030.png,3000,4000,4,4000,3000,6,samsung,Galaxy S24 Ultra,2026:04:30 11:20:30,3834938,3763626,6bcdd23b10acbfba66d1a137da975281f95f27621bdbd8289036c5021907bbab,8d86ef774ba1e3e16b0d15b6991ac4f9cbf06c4e1cb8882ac4a24a006590235b,128153,0,0,17994,113.6339111328125,44.68397903442383,455.72021484375,146.60662841796875,1,dataset/masks_binary/green_immature/20260430_112030.png,28319,3,0.23599166666666668,1,dataset/masks_binary/pale_pink/20260430_112030.png,53553,1,0.446275,0,dataset/masks_binary/pink_turns_purple/20260430_112030.png,0,0,0.0,2,dataset/masks_binary/fully_ripe/20260430_112030.png,46281,2,0.385675,0,dataset/masks_binary/over_ripe/20260430_112030.png,0,0,0.0
20260430_112042,20260430_112042.jpg,train,dataset/images/20260430_112042.jpg,dataset/masks_semantic/20260430_112042.png,dataset/masks_overall/20260430_112042.png,3000,4000,30,4000,3000,6,samsung,Galaxy S24 Ultra,2026:04:30 11:20:42,3889295,4025649,a2c6604f356c22fa1f36215ff1c611444e99c9f848a260f4ccad3c917284ca65,6677969f40d51d02d7be9fbb8f6e06d31d1735416a16fffe390cd1968e99f9f1,330607,0,0,72926,108.50923919677734,52.07191848754883,1777.7379150390625,123.64947509765625,26,dataset/masks_binary/green_immature/20260430_112042.png,272003,27,2.2666916666666665,1,dataset/masks_binary/pale_pink/20260430_112042.png,18464,2,0.15386666666666668,0,dataset/masks_binary/pink_turns_purple/20260430_112042.png,0,0,0.0,3,dataset/masks_binary/fully_ripe/20260430_112042.png,40140,3,0.33449999999999996,0,dataset/masks_binary/over_ripe/20260430_112042.png,0,0,0.0
20260430_112049,20260430_112049.jpg,val,dataset/images/20260430_112049.jpg,dataset/masks_semantic/20260430_112049.png,dataset/masks_overall/20260430_112049.png,3000,4000,23,4000,3000,6,samsung,Galaxy S24 Ultra,2026:04:30 11:20:49,3930145,4034990,d01615e2a60916290101937088dccc53410152dc103ac4969186a3587c33615e,170fe1353592e9132850d89e897c9a79a13e2e2effbed827237ce0e89d82c26f,305240,0,0,61791,113.94976806640625,51.2910270690918,1656.0667724609375,129.73553466796875,17,dataset/masks_binary/green_immature/20260430_112049.png,198932,19,1.6577666666666668,0,dataset/masks_binary/pale_pink/20260430_112049.png,0,0,0.0,1,dataset/masks_binary/pink_turns_purple/20260430_112049.png,21910,1,0.18258333333333335,5,dataset/masks_binary/fully_ripe/20260430_112049.png,84398,6,0.7033166666666667,0,dataset/masks_binary/over_ripe/20260430_112049.png,0,0,0.0
20260430_112057,20260430_112057.jpg,val,dataset/images/20260430_112057.jpg,dataset/masks_semantic/20260430_112057.png,dataset/masks_overall/20260430_112057.png,3000,4000,26,4000,3000,6,samsung,Galaxy S24 Ultra,2026:04:30 11:20:57,3517691,3530259,627233c1f47c834d133ef92c016a9411fa06543cf206c70aa52814de5b93b46f,773b81253d0db29964c2959c4ac3cf30083bf3fc075e589b6c8e682787632f26,393812,0,0,79402,115.59323120117188,55.44245147705078,957.7039184570312,121.58767700195312,14,dataset/masks_binary/green_immature/20260430_112057.png,184156,19,1.5346333333333333,2,dataset/masks_binary/pale_pink/20260430_112057.png,52871,2,0.44059166666666666,0,dataset/masks_binary/pink_turns_purple/20260430_112057.png,0,0,0.0,10,dataset/masks_binary/fully_ripe/20260430_112057.png,156785,10,1.3065416666666667,0,dataset/masks_binary/over_ripe/20260430_112057.png,0,0,0.0
20260430_112103,20260430_112103.jpg,val,dataset/images/20260430_112103.jpg,dataset/masks_semantic/20260430_112103.png,dataset/masks_overall/20260430_112103.png,3000,4000,23,4000,3000,6,samsung,Galaxy S24 Ultra,2026:04:30 11:21:02,3788381,3919342,2adcd052bf0de57cef15174faf1f0f1fc9372faad685ead344ae94510cfc9c6b,2cdfa323a3f514048a30ab306c9fd7b167e49e12cc227856d1369cb5e3891e61,353444,0,0,66724,105.29471588134766,51.91218185424805,1851.79296875,126.1479263305664,12,dataset/masks_binary/green_immature/20260430_112103.png,155570,12,1.2964166666666668,1,dataset/masks_binary/pale_pink/20260430_112103.png,14254,1,0.11878333333333332,2,dataset/masks_binary/pink_turns_purple/20260430_112103.png,24445,4,0.20370833333333335,8,dataset/masks_binary/fully_ripe/20260430_112103.png,159175,8,1.3264583333333333,0,dataset/masks_binary/over_ripe/20260430_112103.png,0,0,0.0
20260430_112115,20260430_112115.jpg,val,dataset/images/20260430_112115.jpg,dataset/masks_semantic/20260430_112115.png,dataset/masks_overall/20260430_112115.png,3000,4000,18,4000,3000,6,samsung,Galaxy S24 Ultra,2026:04:30 11:21:15,3883567,3936190,87d24e3627d6f0025601e5ca3a3a476f71f488350d2dfd4ea456527831298a7d,f09611a681fc3b8383d757c4afcedb3ba8e738dad54d887b396c01216d0defbe,322790,0,0,54722,113.5313720703125,45.3231086730957,1104.9530029296875,142.74452209472656,8,dataset/masks_binary/green_immature/20260430_112115.png,87462,8,0.72885,0,dataset/masks_binary/pale_pink/20260430_112115.png,0,0,0.0,0,dataset/masks_binary/pink_turns_purple/20260430_112115.png,0,0,0.0,10,dataset/masks_binary/fully_ripe/20260430_112115.png,235328,10,1.9610666666666665,0,dataset/masks_binary/over_ripe/20260430_112115.png,0,0,0.0
20260430_112122,20260430_112122.jpg,train,dataset/images/20260430_112122.jpg,dataset/masks_semantic/20260430_112122.png,dataset/masks_overall/20260430_112122.png,3000,4000,52,4000,3000,6,samsung,Galaxy S24 Ultra,2026:04:30 11:21:21,4003173,4128871,802cdd4a2d5f3378553c3903121aedb5cbbceb48cc4fe3130be4a49952b347bb,b0b2def848f6b5b0ffe549a1bd12e3a34331e59905d4e1ac485946c1d100572c,393182,0,0,105741,104.5687255859375,53.40248107910156,1654.9447021484375,129.0033721923828,42,dataset/masks_binary/green_immature/20260430_112122.png,293835,44,2.4486250000000003,2,dataset/masks_binary/pale_pink/20260430_112122.png,19464,2,0.16219999999999998,0,dataset/masks_binary/pink_turns_purple/20260430_112122.png,0,0,0.0,8,dataset/masks_binary/fully_ripe/20260430_112122.png,79883,8,0.6656916666666667,0,dataset/masks_binary/over_ripe/20260430_112122.png,0,0,0.0
20260430_112131,20260430_112131.jpg,test,dataset/images/20260430_112131.jpg,dataset/masks_semantic/20260430_112131.png,dataset/masks_overall/20260430_112131.png,3000,4000,18,4000,3000,6,samsung,Galaxy S24 Ultra,2026:04:30 11:21:31,3142180,2998386,0044b9bec33c0c439f441505747aa2ccd609124b19f2db2f79882e3c0668f61a,11b261af0f6b4dc20dadfa691ae83c55fd5f2964c8b3813a71b0815ca25d87c8,263231,0,0,50708,118.60860443115234,58.82249450683594,300.4234313964844,86.02609252929688,9,dataset/masks_binary/green_immature/20260430_112131.png,102076,9,0.8506333333333332,1,dataset/masks_binary/pale_pink/20260430_112131.png,10927,1,0.09105833333333334,5,dataset/masks_binary/pink_turns_purple/20260430_112131.png,101545,5,0.8462083333333333,3,dataset/masks_binary/fully_ripe/20260430_112131.png,48683,4,0.4056916666666667,0,dataset/masks_binary/over_ripe/20260430_112131.png,0,0,0.0
20260430_112141,20260430_112141.jpg,val,dataset/images/20260430_112141.jpg,dataset/masks_semantic/20260430_112141.png,dataset/masks_overall/20260430_112141.png,3000,4000,28,4000,3000,6,samsung,Galaxy S24 Ultra,2026:04:30 11:21:41,3283447,3313207,206d05a2472f4d484fd64348f625b8d53cc8381a2712b9c3a4f31e10e998255b,f7ad449a80c2d233d7d4a6591e1ed2fd0a2b9d10c0a2aae6c207f6ee30c6deee,715809,0,0,104778,109.84625244140625,50.5115852355957,736.1587524414062,142.18687438964844,17,dataset/masks_binary/green_immature/20260430_112141.png,374184,17,3.1182000000000003,1,dataset/masks_binary/pale_pink/20260430_112141.png,65666,1,0.5472166666666667,1,dataset/masks_binary/pink_turns_purple/20260430_112141.png,31644,1,0.2637,9,dataset/masks_binary/fully_ripe/20260430_112141.png,244315,9,2.0359583333333333,0,dataset/masks_binary/over_ripe/20260430_112141.png,0,0,0.0
20260430_112152,20260430_112152.jpg,train,dataset/images/20260430_112152.jpg,dataset/masks_semantic/20260430_112152.png,dataset/masks_overall/20260430_112152.png,3000,4000,17,4000,3000,6,samsung,Galaxy S24 Ultra,2026:04:30 11:21:53,3341184,3444185,32dc603d43b9baf131506524b64024dd47659a014fb82a27628d4ae9018cf7bf,f101d7b4dc4dd0e38b70ced0b1355d7bfd334ecf3b83c1c2d0a388af49ea4163,322010,17,0,51817,106.39456176757812,47.68892288208008,1167.4263916015625,127.58599090576172,11,dataset/masks_binary/green_immature/20260430_112152.png,187707,11,1.564225,1,dataset/masks_binary/pale_pink/20260430_112152.png,45589,1,0.3799083333333333,0,dataset/masks_binary/pink_turns_purple/20260430_112152.png,0,0,0.0,5,dataset/masks_binary/fully_ripe/20260430_112152.png,88731,7,0.739425,0,dataset/masks_binary/over_ripe/20260430_112152.png,0,0,0.0
20260430_112205,20260430_112205.jpg,train,dataset/images/20260430_112205.jpg,dataset/masks_semantic/20260430_112205.png,dataset/masks_overall/20260430_112205.png,3000,4000,31,4000,3000,6,samsung,Galaxy S24 Ultra,2026:04:30 11:22:05,3416452,3428809,d1f241671bf475788149cfecf909fc0255eedffde7fc7531cda33da3fd624ac6,6970b397d03b8510b48064306da6c9463648875466024389b62eb2326e0d898f,574784,0,0,92084,107.2257308959961,47.403133392333984,1000.2859497070312,139.91331481933594,25,dataset/masks_binary/green_immature/20260430_112205.png,412150,25,3.4345833333333333,0,dataset/masks_binary/pale_pink/20260430_112205.png,0,0,0.0,0,dataset/masks_binary/pink_turns_purple/20260430_112205.png,0,0,0.0,6,dataset/masks_binary/fully_ripe/20260430_112205.png,162634,6,1.3552833333333334,0,dataset/masks_binary/over_ripe/20260430_112205.png,0,0,0.0
20260430_112209,20260430_112209.jpg,val,dataset/images/20260430_112209.jpg,dataset/masks_semantic/20260430_112209.png,dataset/masks_overall/20260430_112209.png,3000,4000,16,4000,3000,6,samsung,Galaxy S24 Ultra,2026:04:30 11:22:09,3433811,3385942,6339360f85f20deb78b8fe577ea1079a39bb02cb9fc90f5ed923e26c79fce142,d4d5d374ed1e991c8d56f7b61463279ab545a3987bc409c7fbec14d8078ff7cd,254330,5,0,47553,124.1527099609375,51.153709411621094,629.4729614257812,133.05322265625,7,dataset/masks_binary/green_immature/20260430_112209.png,103190,7,0.8599166666666667,3,dataset/masks_binary/pale_pink/20260430_112209.png,34574,4,0.2881166666666667,0,dataset/masks_binary/pink_turns_purple/20260430_112209.png,0,0,0.0,6,dataset/masks_binary/fully_ripe/20260430_112209.png,116571,6,0.9714250000000001,0,dataset/masks_binary/over_ripe/20260430_112209.png,0,0,0.0
20260430_112217,20260430_112217.jpg,train,dataset/images/20260430_112217.jpg,dataset/masks_semantic/20260430_112217.png,dataset/masks_overall/20260430_112217.png,3000,4000,38,4000,3000,6,samsung,Galaxy S24 Ultra,2026:04:30 11:22:17,4561179,4710316,b6b634838edcc881767ad8849686db39f18f71da26d20713f9fcfd35747a437a,cb8205244a65e937331c1eb02add26ddd6b462be9cbb808527d5c934555e4f8c,213835,0,0,66947,104.08267211914062,45.03196334838867,2105.443359375,146.24391174316406,20,dataset/masks_binary/green_immature/20260430_112217.png,104587,20,0.8715583333333334,2,dataset/masks_binary/pale_pink/20260430_112217.png,9562,2,0.07968333333333333,4,dataset/masks_binary/pink_turns_purple/20260430_112217.png,42290,6,0.35241666666666666,12,dataset/masks_binary/fully_ripe/20260430_112217.png,57396,15,0.4783,0,dataset/masks_binary/over_ripe/20260430_112217.png,0,0,0.0
20260430_112229,20260430_112229.jpg,train,dataset/images/20260430_112229.jpg,dataset/masks_semantic/20260430_112229.png,dataset/masks_overall/20260430_112229.png,3000,4000,24,4000,3000,6,samsung,Galaxy S24 Ultra,2026:04:30 11:22:29,4310888,4464596,980272eae55a0e645c0c7eda96062244160b55b2c7e72c21a350d6abffeba763,6adb73ccff1a722183b3eefdce8c1782fe04dba812f36baf2d4a499feeb7f8b5,246968,0,0,52863,108.02352905273438,47.69659423828125,1983.2711181640625,146.3405303955078,15,dataset/masks_binary/green_immature/20260430_112229.png,81149,16,0.6762416666666666,0,dataset/masks_binary/pale_pink/20260430_112229.png,0,0,0.0,0,dataset/masks_binary/pink_turns_purple/20260430_112229.png,0,0,0.0,9,dataset/masks_binary/fully_ripe/20260430_112229.png,165819,9,1.381825,0,dataset/masks_binary/over_ripe/20260430_112229.png,0,0,0.0
20260430_112235,20260430_112235.jpg,train,dataset/images/20260430_112235.jpg,dataset/masks_semantic/20260430_112235.png,dataset/masks_overall/20260430_112235.png,3000,4000,67,4000,3000,6,samsung,Galaxy S24 Ultra,2026:04:30 11:22:35,3665867,3726826,3820d14f8ebe8f4d08a0834d185835445a907720433de405b30132f983fa670f,7a827433d4b545b22d149b9a0ae638e2a7f5fcd4ced65e6d522797812e739c34,408906,14,0,115326,108.38053131103516,52.0904541015625,1346.6480712890625,140.3217010498047,60,dataset/masks_binary/green_immature/20260430_112235.png,343647,63,2.863725,1,dataset/masks_binary/pale_pink/20260430_112235.png,2525,1,0.021041666666666667,1,dataset/masks_binary/pink_turns_purple/20260430_112235.png,46125,1,0.384375,5,dataset/masks_binary/fully_ripe/20260430_112235.png,16623,7,0.138525,0,dataset/masks_binary/over_ripe/20260430_112235.png,0,0,0.0
20260430_112241,20260430_112241.jpg,train,dataset/images/20260430_112241.jpg,dataset/masks_semantic/20260430_112241.png,dataset/masks_overall/20260430_112241.png,3000,4000,40,4000,3000,6,samsung,Galaxy S24 Ultra,2026:04:30 11:22:41,4296754,4457906,f5b4db9abe28b47043f7891075349a8a6817939e7d1bccb9ffdecc10293bfc32,b036165101e77f27e23776e66134998204b579e22ea257098af750a78be9e9a7,116289,0,0,47911,103.83480834960938,48.4596061706543,2704.849365234375,145.9674530029297,33,dataset/masks_binary/green_immature/20260430_112241.png,73362,33,0.61135,1,dataset/masks_binary/pale_pink/20260430_112241.png,11958,1,0.09965,0,dataset/masks_binary/pink_turns_purple/20260430_112241.png,0,0,0.0,6,dataset/masks_binary/fully_ripe/20260430_112241.png,30969,6,0.258075,0,dataset/masks_binary/over_ripe/20260430_112241.png,0,0,0.0
20260430_112251,20260430_112251.jpg,val,dataset/images/20260430_112251.jpg,dataset/masks_semantic/20260430_112251.png,dataset/masks_overall/20260430_112251.png,3000,4000,21,4000,3000,6,samsung,Galaxy S24 Ultra,2026:04:30 11:22:51,3321563,3340482,1ef7e1678cc78b6abfa3587a1869b6b6d810db1945022a294f3d874df4a390e3,3f49bdccf95ca3fa0810c83c205cec77028a18394809ffbb5ca778fcab43b428,124360,0,0,33738,85.88309478759766,57.66559600830078,1296.30908203125,136.2344207763672,21,dataset/masks_binary/green_immature/20260430_112251.png,124360,22,1.0363333333333333,0,dataset/masks_binary/pale_pink/20260430_112251.png,0,0,0.0,0,dataset/masks_binary/pink_turns_purple/20260430_112251.png,0,0,0.0,0,dataset/masks_binary/fully_ripe/20260430_112251.png,0,0,0.0,0,dataset/masks_binary/over_ripe/20260430_112251.png,0,0,0.0
20260430_112314,20260430_112314.jpg,train,dataset/images/20260430_112314.jpg,dataset/masks_semantic/20260430_112314.png,dataset/masks_overall/20260430_112314.png,3000,4000,61,4000,3000,6,samsung,Galaxy S24 Ultra,2026:04:30 11:23:13,3987431,4108426,98e24c564ddd0772c7fde80f1ca987a0ce6a0b36d6a91419f827e875b79b00ea,95f32ba62e806007c59d3da1689e588eecd27172199fe546acf49a891a57de80,481809,4,0,120187,106.87235260009766,48.49665832519531,1867.3834228515625,124.74408721923828,55,dataset/masks_binary/green_immature/20260430_112314.png,426265,73,3.5522083333333336,0,dataset/masks_binary/pale_pink/20260430_112314.png,0,0,0.0,1,dataset/masks_binary/pink_turns_purple/20260430_112314.png,32453,1,0.27044166666666664,5,dataset/masks_binary/fully_ripe/20260430_112314.png,23095,5,0.19245833333333331,0,dataset/masks_binary/over_ripe/20260430_112314.png,0,0,0.0
20260430_112322,20260430_112322.jpg,train,dataset/images/20260430_112322.jpg,dataset/masks_semantic/20260430_112322.png,dataset/masks_overall/20260430_112322.png,3000,4000,29,4000,3000,6,samsung,Galaxy S24 Ultra,2026:04:30 11:23:21,3460636,3428398,20942073b3f2366981155b908129dfa6970595f9fb2504f75d92018916f9141d,6b56e52ac251b3ed5a6326869292f410894d4aa0a4ad0e829082da81ff808ed5,627444,0,0,93494,104.00577545166016,43.40081024169922,562.0089721679688,152.22039794921875,19,dataset/masks_binary/green_immature/20260430_112322.png,445170,20,3.7097499999999997,0,dataset/masks_binary/pale_pink/20260430_112322.png,0,0,0.0,1,dataset/masks_binary/pink_turns_purple/20260430_112322.png,66696,2,0.5558,9,dataset/masks_binary/fully_ripe/20260430_112322.png,115578,9,0.96315,0,dataset/masks_binary/over_ripe/20260430_112322.png,0,0,0.0
20260430_112350,20260430_112350.jpg,train,dataset/images/20260430_112350.jpg,dataset/masks_semantic/20260430_112350.png,dataset/masks_overall/20260430_112350.png,3000,4000,51,4000,3000,6,samsung,Galaxy S24 Ultra,2026:04:30 11:23:50,3611401,3691544,2a5d1ed1665f4de6ed58f0481538cf32971522bc3df267e86117d69f7f6fdb98,681c576924e77373279f6679475967566ecf2b9618debe90435c7bb0fe8e8c1d,304439,6,0,87415,104.53018951416016,55.5350456237793,1277.2425537109375,118.26986694335938,37,dataset/masks_binary/green_immature/20260430_112350.png,147523,39,1.2293583333333333,2,dataset/masks_binary/pale_pink/20260430_112350.png,44347,2,0.3695583333333333,0,dataset/masks_binary/pink_turns_purple/20260430_112350.png,0,0,0.0,12,dataset/masks_binary/fully_ripe/20260430_112350.png,112575,12,0.9381250000000001,0,dataset/masks_binary/over_ripe/20260430_112350.png,0,0,0.0
20260430_112407,20260430_112407.jpg,test,dataset/images/20260430_112407.jpg,dataset/masks_semantic/20260430_112407.png,dataset/masks_overall/20260430_112407.png,3000,4000,22,4000,3000,6,samsung,Galaxy S24 Ultra,2026:04:30 11:24:07,3271712,3342449,f96a1897134449ef584898115377e920a8b7b44424e3cc7b2a9f9ef30646684a,cf61832fb218919440bbc1cd44308e1fbf31af2eb443003d0e1b85cac24b1593,201892,2,0,48309,117.0970687866211,48.300113677978516,1594.857421875,142.0687255859375,14,dataset/masks_binary/green_immature/20260430_112407.png,113130,14,0.94275,0,dataset/masks_binary/pale_pink/20260430_112407.png,0,0,0.0,1,dataset/masks_binary/pink_turns_purple/20260430_112407.png,17509,1,0.14590833333333333,7,dataset/masks_binary/fully_ripe/20260430_112407.png,71255,7,0.5937916666666667,0,dataset/masks_binary/over_ripe/20260430_112407.png,0,0,0.0
20260430_112417,20260430_112417.jpg,train,dataset/images/20260430_112417.jpg,dataset/masks_semantic/20260430_112417.png,dataset/masks_overall/20260430_112417.png,3000,4000,65,4000,3000,6,samsung,Galaxy S24 Ultra,2026:04:30 11:24:17,4058337,4208490,7178cf685214a7c79938a979a3dcd5abe40793f36e8f2076dd9162021abb0bb4,e05db5ab4a35ea977d230a08e6a8f56c0edc39f55d5ed10476d0f4f32855b72e,205092,0,0,79393,104.2243423461914,56.58503341674805,2762.966796875,112.1443099975586,44,dataset/masks_binary/green_immature/20260430_112417.png,111120,48,0.9259999999999999,1,dataset/masks_binary/pale_pink/20260430_112417.png,5527,1,0.04605833333333333,1,dataset/masks_binary/pink_turns_purple/20260430_112417.png,1296,1,0.010799999999999999,19,dataset/masks_binary/fully_ripe/20260430_112417.png,87149,19,0.7262416666666667,0,dataset/masks_binary/over_ripe/20260430_112417.png,0,0,0.0
20260430_112440,20260430_112440.jpg,train,dataset/images/20260430_112440.jpg,dataset/masks_semantic/20260430_112440.png,dataset/masks_overall/20260430_112440.png,3000,4000,29,4000,3000,6,samsung,Galaxy S24 Ultra,2026:04:30 11:24:40,3443639,3423131,4c74a8eeedd854aba753d438522eea39258864babe4b8d9bb0f0d7fc20af4eff,ebccc803dd4eeef7fa72ade373ae247447f078e44aa837fc2a6cfefca7914e86,260956,2,0,60839,106.17305755615234,52.03837585449219,653.9262084960938,118.59627532958984,17,dataset/masks_binary/green_immature/20260430_112440.png,109192,17,0.9099333333333333,0,dataset/masks_binary/pale_pink/20260430_112440.png,0,0,0.0,3,dataset/masks_binary/pink_turns_purple/20260430_112440.png,47549,3,0.3962416666666667,9,dataset/masks_binary/fully_ripe/20260430_112440.png,104217,9,0.868475,0,dataset/masks_binary/over_ripe/20260430_112440.png,0,0,0.0
20260430_112442,20260430_112442.jpg,train,dataset/images/20260430_112442.jpg,dataset/masks_semantic/20260430_112442.png,dataset/masks_overall/20260430_112442.png,3000,4000,10,4000,3000,6,samsung,Galaxy S24 Ultra,2026:04:30 11:24:42,3308969,3275373,803cdc4518fea78ec53bc3fac7ae160639430f8b439441f64eb2f0bc222632f4,f8c16ee86c0d8109aaaf8b63f56cb05b69eeeb91514550b52cb165500d79d044,153600,10,0,26523,108.47679901123047,58.29824447631836,792.3872680664062,112.23162078857422,6,dataset/masks_binary/green_immature/20260430_112442.png,52755,6,0.439625,0,dataset/masks_binary/pale_pink/20260430_112442.png,0,0,0.0,2,dataset/masks_binary/pink_turns_purple/20260430_112442.png,73903,2,0.6158583333333334,2,dataset/masks_binary/fully_ripe/20260430_112442.png,26952,2,0.22460000000000002,0,dataset/masks_binary/over_ripe/20260430_112442.png,0,0,0.0
20260430_112446,20260430_112446.jpg,val,dataset/images/20260430_112446.jpg,dataset/masks_semantic/20260430_112446.png,dataset/masks_overall/20260430_112446.png,3000,4000,49,4000,3000,6,samsung,Galaxy S24 Ultra,2026:04:30 11:24:46,3376149,3320386,0cffb2c63b60cd95efc5701d959a1f7c7eeb38288cf443ec6ab8a0cfc8b9805a,8a95121ac274672623ee0b72948c73794964d4ce4321fb98b496dfc69b07446f,663290,37,0,123411,115.82698822021484,51.97235870361328,688.9049682617188,135.58050537109375,17,dataset/masks_binary/green_immature/20260430_112446.png,94001,17,0.7833416666666667,3,dataset/masks_binary/pale_pink/20260430_112446.png,46991,4,0.39159166666666667,3,dataset/masks_binary/pink_turns_purple/20260430_112446.png,29421,3,0.245175,25,dataset/masks_binary/fully_ripe/20260430_112446.png,467808,25,3.8983999999999996,1,dataset/masks_binary/over_ripe/20260430_112446.png,25082,1,0.20901666666666668
20260430_112502,20260430_112502.jpg,train,dataset/images/20260430_112502.jpg,dataset/masks_semantic/20260430_112502.png,dataset/masks_overall/20260430_112502.png,3000,4000,142,4000,3000,6,samsung,Galaxy S24 Ultra,2026:04:30 11:25:02,3876455,3974473,ddeadf00a8a831229574e4cc7fa8a334ad4820200c69de312f455fbeb689642c,c51e79b15bbfda99ebffb324971465abed70613e0d3c0f2b0d262bc39d0cbf83,279301,7,0,121728,110.9124755859375,57.02962112426758,2079.6416015625,85.83316802978516,98,dataset/masks_binary/green_immature/20260430_112502.png,155240,101,1.2936666666666667,0,dataset/masks_binary/pale_pink/20260430_112502.png,0,0,0.0,0,dataset/masks_binary/pink_turns_purple/20260430_112502.png,0,0,0.0,44,dataset/masks_binary/fully_ripe/20260430_112502.png,124066,45,1.0338833333333333,0,dataset/masks_binary/over_ripe/20260430_112502.png,0,0,0.0
20260430_112512,20260430_112512.jpg,train,dataset/images/20260430_112512.jpg,dataset/masks_semantic/20260430_112512.png,dataset/masks_overall/20260430_112512.png,3000,4000,52,4000,3000,6,samsung,Galaxy S24 Ultra,2026:04:30 11:25:12,3401519,3407861,3b94cf621a5f0100afb8d0bf41458139cc09c44ca820682144fb6825780b0a68,6fb309f2815c6c843b084f45c9a89c45ecf72c01e3bbd933022f4d9820cffc11,378225,7,0,88043,109.06778717041016,59.28055953979492,963.418701171875,110.04476165771484,35,dataset/masks_binary/green_immature/20260430_112512.png,132561,36,1.1046749999999999,1,dataset/masks_binary/pale_pink/20260430_112512.png,1537,1,0.012808333333333331,1,dataset/masks_binary/pink_turns_purple/20260430_112512.png,17735,1,0.14779166666666665,15,dataset/masks_binary/fully_ripe/20260430_112512.png,226399,15,1.8866583333333333,0,dataset/masks_binary/over_ripe/20260430_112512.png,0,0,0.0
20260430_112536,20260430_112536.jpg,test,dataset/images/20260430_112536.jpg,dataset/masks_semantic/20260430_112536.png,dataset/masks_overall/20260430_112536.png,3000,4000,13,4000,3000,6,samsung,Galaxy S24 Ultra,2026:04:30 11:25:36,3362444,3299860,904a4374efca04a2a395a26dbf9d72c7f3792446d738f0c58295bc6a18007869,0e8f95dda1ec209ffbab8cb9a8bf68b942cde30b9caf4128e5ed6313460e041c,210268,0,0,41780,109.4393539428711,48.24204635620117,593.81982421875,112.66788482666016,7,dataset/masks_binary/green_immature/20260430_112536.png,107450,7,0.8954166666666665,0,dataset/masks_binary/pale_pink/20260430_112536.png,0,0,0.0,1,dataset/masks_binary/pink_turns_purple/20260430_112536.png,26635,1,0.22195833333333334,5,dataset/masks_binary/fully_ripe/20260430_112536.png,76183,5,0.6348583333333334,0,dataset/masks_binary/over_ripe/20260430_112536.png,0,0,0.0
20260430_112541,20260430_112541.jpg,val,dataset/images/20260430_112541.jpg,dataset/masks_semantic/20260430_112541.png,dataset/masks_overall/20260430_112541.png,3000,4000,38,4000,3000,6,samsung,Galaxy S24 Ultra,2026:04:30 11:25:40,3672988,3733939,01cee05e0513a7c56effae6185845e19f7ececb02cf617b2f48c6e92f5d7a32a,4fa43ae64001ca25167457c4d190268b0e1d1b4f7b1e5394b0491fb8c57b2718,250125,0,0,64206,113.64823150634766,48.58363723754883,1403.8291015625,110.7616958618164,27,dataset/masks_binary/green_immature/20260430_112541.png,132607,27,1.1050583333333335,0,dataset/masks_binary/pale_pink/20260430_112541.png,0,0,0.0,1,dataset/masks_binary/pink_turns_purple/20260430_112541.png,24421,1,0.20350833333333332,10,dataset/masks_binary/fully_ripe/20260430_112541.png,93097,10,0.7758083333333333,0,dataset/masks_binary/over_ripe/20260430_112541.png,0,0,0.0
20260430_112550,20260430_112550.jpg,train,dataset/images/20260430_112550.jpg,dataset/masks_semantic/20260430_112550.png,dataset/masks_overall/20260430_112550.png,3000,4000,40,4000,3000,6,samsung,Galaxy S24 Ultra,2026:04:30 11:25:50,3578390,3599630,afa0350feaf120ce60f71b6519c876446066b3dabbd0641728f8fedf1ec118fe,21c141704e8ade71a092b2650e5f7a96a57f45735a7fc98760957c4a6d76e82e,509621,0,0,94984,108.64495086669922,50.717960357666016,715.168701171875,128.79718017578125,35,dataset/masks_binary/green_immature/20260430_112550.png,348798,35,2.90665,0,dataset/masks_binary/pale_pink/20260430_112550.png,0,0,0.0,1,dataset/masks_binary/pink_turns_purple/20260430_112550.png,17823,1,0.148525,4,dataset/masks_binary/fully_ripe/20260430_112550.png,143000,4,1.1916666666666667,0,dataset/masks_binary/over_ripe/20260430_112550.png,0,0,0.0
20260430_112556,20260430_112556.jpg,train,dataset/images/20260430_112556.jpg,dataset/masks_semantic/20260430_112556.png,dataset/masks_overall/20260430_112556.png,3000,4000,42,4000,3000,6,samsung,Galaxy S24 Ultra,2026:04:30 11:25:56,3663391,3705982,8e4006f78454304c0cf33f2bf1319f3eb6f324562763699be5f9d4e1ceee8902,84fd514632496eecacee617959fa8cb35fbe29e4aeba35355fb1594b4218f586,559544,142,0,104066,100.5592041015625,50.64792251586914,950.1115112304688,127.46988677978516,29,dataset/masks_binary/green_immature/20260430_112556.png,332525,31,2.7710416666666666,1,dataset/masks_binary/pale_pink/20260430_112556.png,7842,1,0.06535,1,dataset/masks_binary/pink_turns_purple/20260430_112556.png,43153,1,0.35960833333333336,11,dataset/masks_binary/fully_ripe/20260430_112556.png,176166,12,1.46805,0,dataset/masks_binary/over_ripe/20260430_112556.png,0,0,0.0
20260430_112608,20260430_112608.jpg,train,dataset/images/20260430_112608.jpg,dataset/masks_semantic/20260430_112608.png,dataset/masks_overall/20260430_112608.png,3000,4000,38,4000,3000,6,samsung,Galaxy S24 Ultra,2026:04:30 11:26:08,3909414,4021527,7710c03d38ee0acf2dea76e79b27827f06ebb85eac1c54bbe544855ee5b870e2,fa31f4d57a19a5704aac56e6ee05b2df61ba9895085782a7823194f88668bd4c,649113,3,0,96880,105.2813949584961,47.691253662109375,1707.8291015625,138.89642333984375,24,dataset/masks_binary/green_immature/20260430_112608.png,352651,24,2.9387583333333334,0,dataset/masks_binary/pale_pink/20260430_112608.png,0,0,0.0,2,dataset/masks_binary/pink_turns_purple/20260430_112608.png,28024,2,0.23353333333333334,12,dataset/masks_binary/fully_ripe/20260430_112608.png,268441,13,2.2370083333333333,0,dataset/masks_binary/over_ripe/20260430_112608.png,0,0,0.0
20260430_112620,20260430_112620.jpg,train,dataset/images/20260430_112620.jpg,dataset/masks_semantic/20260430_112620.png,dataset/masks_overall/20260430_112620.png,3000,4000,24,4000,3000,6,samsung,Galaxy S24 Ultra,2026:04:30 11:26:20,3459499,3382289,c7656955455bea69d99294fa2d0eda798153824a6f258f14edf4349578c98208,09a1510d5e3de7403a39efc32398d6341a6e4349c752ec536afdce430a3f5feb,440139,0,0,72534,109.12432098388672,47.690181732177734,477.8027648925781,140.99241638183594,12,dataset/masks_binary/green_immature/20260430_112620.png,120766,12,1.0063833333333332,0,dataset/masks_binary/pale_pink/20260430_112620.png,0,0,0.0,1,dataset/masks_binary/pink_turns_purple/20260430_112620.png,6447,1,0.053724999999999995,11,dataset/masks_binary/fully_ripe/20260430_112620.png,312926,16,2.6077166666666667,0,dataset/masks_binary/over_ripe/20260430_112620.png,0,0,0.0
20260430_112629,20260430_112629.jpg,train,dataset/images/20260430_112629.jpg,dataset/masks_semantic/20260430_112629.png,dataset/masks_overall/20260430_112629.png,3000,4000,72,4000,3000,6,samsung,Galaxy S24 Ultra,2026:04:30 11:26:29,3996662,4143100,e285698bbfd9ac2146668e712db95c3d6f1a9e5c7259d3a7582cfaa1ff00d311,d28889ef254f890aef7ab61c7d8d396b7188572186e762920fef3924359e7bb4,600802,6,0,138207,107.0025634765625,49.29359436035156,1684.3609619140625,143.85691833496094,59,dataset/masks_binary/green_immature/20260430_112629.png,520301,59,4.335841666666667,0,dataset/masks_binary/pale_pink/20260430_112629.png,0,0,0.0,0,dataset/masks_binary/pink_turns_purple/20260430_112629.png,0,0,0.0,13,dataset/masks_binary/fully_ripe/20260430_112629.png,80507,13,0.6708916666666667,0,dataset/masks_binary/over_ripe/20260430_112629.png,0,0,0.0
20260430_112636,20260430_112636.jpg,train,dataset/images/20260430_112636.jpg,dataset/masks_semantic/20260430_112636.png,dataset/masks_overall/20260430_112636.png,3000,4000,26,4000,3000,6,samsung,Galaxy S24 Ultra,2026:04:30 11:26:36,3377114,3325249,1e82d960cb443c6c8f4cf7ab2bad3e8e8c18b6353afffc0e337b389b39ebbc46,4b850f7a7e95e31a023a7a3eb9ceab46d97fe1dcd9602527c4c51d4be7069b72,699180,3,0,95754,102.9324722290039,51.790679931640625,526.7597045898438,124.84259033203125,12,dataset/masks_binary/green_immature/20260430_112636.png,179767,12,1.4980583333333333,0,dataset/masks_binary/pale_pink/20260430_112636.png,0,0,0.0,2,dataset/masks_binary/pink_turns_purple/20260430_112636.png,56730,2,0.47275,12,dataset/masks_binary/fully_ripe/20260430_112636.png,462684,12,3.8557,0,dataset/masks_binary/over_ripe/20260430_112636.png,0,0,0.0
20260430_112652,20260430_112652.jpg,train,dataset/images/20260430_112652.jpg,dataset/masks_semantic/20260430_112652.png,dataset/masks_overall/20260430_112652.png,3000,4000,46,4000,3000,6,samsung,Galaxy S24 Ultra,2026:04:30 11:26:52,3918660,4044118,1a0d3db321830fbc9d3612295cfd582dd52e3d8e58b3933f06b30abaf10ba946,2b311f7fa80c59af143d294b72d478bbeb73cd7b4829be1cb9002df43caaf1bc,276362,6,0,75192,109.58829498291016,49.77303695678711,1637.5655517578125,113.25350189208984,40,dataset/masks_binary/green_immature/20260430_112652.png,191652,40,1.5971,2,dataset/masks_binary/pale_pink/20260430_112652.png,44750,2,0.3729166666666667,0,dataset/masks_binary/pink_turns_purple/20260430_112652.png,0,0,0.0,4,dataset/masks_binary/fully_ripe/20260430_112652.png,39966,4,0.33305,0,dataset/masks_binary/over_ripe/20260430_112652.png,0,0,0.0
20260430_112656,20260430_112656.jpg,train,dataset/images/20260430_112656.jpg,dataset/masks_semantic/20260430_112656.png,dataset/masks_overall/20260430_112656.png,3000,4000,14,4000,3000,6,samsung,Galaxy S24 Ultra,2026:04:30 11:26:56,3905479,3975461,706f376f0affe9e6a4164ea92c8a7c70408842d851bf75038eed472c9d6f6099,f9656eb156d7ac9c6772b3dc5c109ce876a32cbbc63a9e12e34e45e849f00ebc,139647,0,0,30823,107.072998046875,38.76592254638672,1086.9337158203125,131.44638061523438,8,dataset/masks_binary/green_immature/20260430_112656.png,42721,10,0.35600833333333337,0,dataset/masks_binary/pale_pink/20260430_112656.png,0,0,0.0,1,dataset/masks_binary/pink_turns_purple/20260430_112656.png,32459,1,0.2704916666666667,5,dataset/masks_binary/fully_ripe/20260430_112656.png,64467,5,0.5372250000000001,0,dataset/masks_binary/over_ripe/20260430_112656.png,0,0,0.0
20260430_112705,20260430_112705.jpg,train,dataset/images/20260430_112705.jpg,dataset/masks_semantic/20260430_112705.png,dataset/masks_overall/20260430_112705.png,3000,4000,46,4000,3000,6,samsung,Galaxy S24 Ultra,2026:04:30 11:27:04,3222117,3119696,ec831cd2a6416b7c798476be1977e0adc83c2a77f80af6bf020ae12b34cf498e,521ad72cdeae4f8020af8150af786d87d953f47881f8955eae40fd7f3e570847,728606,2,0,129217,102.4207992553711,55.202335357666016,494.292236328125,99.293701171875,23,dataset/masks_binary/green_immature/20260430_112705.png,281650,23,2.3470833333333334,5,dataset/masks_binary/pale_pink/20260430_112705.png,69688,5,0.5807333333333333,1,dataset/masks_binary/pink_turns_purple/20260430_112705.png,19060,2,0.15883333333333333,17,dataset/masks_binary/fully_ripe/20260430_112705.png,358210,18,2.9850833333333333,0,dataset/masks_binary/over_ripe/20260430_112705.png,0,0,0.0
20260430_112710,20260430_112710.jpg,val,dataset/images/20260430_112710.jpg,dataset/masks_semantic/20260430_112710.png,dataset/masks_overall/20260430_112710.png,3000,4000,57,4000,3000,6,samsung,Galaxy S24 Ultra,2026:04:30 11:27:10,4355011,4483093,788af52da98756a49e217e10ee3d92bddeb1602de8d6edebbdd341d1d063ff7e,ee7a988c444ee9b2da9d5f5b7b6e4d22400e7ea7963ac44744f6b334fa806a8e,282407,2,0,83723,119.14131927490234,47.077980041503906,2388.857666015625,149.7852020263672,44,dataset/masks_binary/green_immature/20260430_112710.png,200699,46,1.6724916666666665,1,dataset/masks_binary/pale_pink/20260430_112710.png,18946,1,0.15788333333333335,0,dataset/masks_binary/pink_turns_purple/20260430_112710.png,0,0,0.0,12,dataset/masks_binary/fully_ripe/20260430_112710.png,62764,13,0.5230333333333334,0,dataset/masks_binary/over_ripe/20260430_112710.png,0,0,0.0
20260430_112718,20260430_112718.jpg,train,dataset/images/20260430_112718.jpg,dataset/masks_semantic/20260430_112718.png,dataset/masks_overall/20260430_112718.png,3000,4000,37,4000,3000,6,samsung,Galaxy S24 Ultra,2026:04:30 11:27:18,3101485,2969319,925d4e7ef9361a59800a2c8d235495b434867c16b73abf21767c3f55a79e0217,708c33a368a76d7452b66f3faaff7d2a942a1644470ef9a07a87292395a47916,1043144,4,0,144419,107.60332489013672,54.91928482055664,336.1321105957031,89.58319091796875,31,dataset/masks_binary/green_immature/20260430_112718.png,699451,31,5.828758333333333,1,dataset/masks_binary/pale_pink/20260430_112718.png,50462,1,0.4205166666666667,0,dataset/masks_binary/pink_turns_purple/20260430_112718.png,0,0,0.0,5,dataset/masks_binary/fully_ripe/20260430_112718.png,293235,5,2.443625,0,dataset/masks_binary/over_ripe/20260430_112718.png,0,0,0.0
20260430_112726,20260430_112726.jpg,val,dataset/images/20260430_112726.jpg,dataset/masks_semantic/20260430_112726.png,dataset/masks_overall/20260430_112726.png,3000,4000,22,4000,3000,6,samsung,Galaxy S24 Ultra,2026:04:30 11:27:26,3602797,3619535,055d1249b188c94dd45cc7097ec362cf863c91d631875c4263c7c39b80a0c692,33d2fc8748ba765e9d9b55f7797291f5cd195dcccea2116b3dd5238950643552,349288,0,0,59063,96.8702163696289,47.908870697021484,903.5238647460938,118.8348159790039,15,dataset/masks_binary/green_immature/20260430_112726.png,176055,15,1.467125,1,dataset/masks_binary/pale_pink/20260430_112726.png,23251,1,0.19375833333333334,0,dataset/masks_binary/pink_turns_purple/20260430_112726.png,0,0,0.0,6,dataset/masks_binary/fully_ripe/20260430_112726.png,149982,6,1.24985,0,dataset/masks_binary/over_ripe/20260430_112726.png,0,0,0.0
20260430_112735,20260430_112735.jpg,train,dataset/images/20260430_112735.jpg,dataset/masks_semantic/20260430_112735.png,dataset/masks_overall/20260430_112735.png,3000,4000,23,4000,3000,6,samsung,Galaxy S24 Ultra,2026:04:30 11:27:35,4374418,4489194,edb33596ca086cb9516b9568acdfec9569c119a10e8ee82fc9b3b967f3beee32,05793e8f1b5fb3669781dfc60d5cce8b50e5ca7c4464ec6b71885e350a0aac08,307049,2,0,58285,110.16365814208984,45.24340057373047,1387.3310546875,170.45443725585938,13,dataset/masks_binary/green_immature/20260430_112735.png,121820,13,1.0151666666666666,3,dataset/masks_binary/pale_pink/20260430_112735.png,59222,3,0.49351666666666666,0,dataset/masks_binary/pink_turns_purple/20260430_112735.png,0,0,0.0,7,dataset/masks_binary/fully_ripe/20260430_112735.png,126009,7,1.0500749999999999,0,dataset/masks_binary/over_ripe/20260430_112735.png,0,0,0.0
20260430_112749,20260430_112749.jpg,test,dataset/images/20260430_112749.jpg,dataset/masks_semantic/20260430_112749.png,dataset/masks_overall/20260430_112749.png,3000,4000,86,4000,3000,6,samsung,Galaxy S24 Ultra,2026:04:30 11:27:49,3645914,3711677,ff106e630b3726e3993f86e880d7beb4ee9c96ba8f14eb2038e2347b11d13e39,7fc0a3e488769b0642f61352d8c97fc9ade8a99e1d85afc9abad097de54f545e,632737,0,0,157298,114.55419921875,54.65788650512695,1557.7081298828125,139.76380920410156,55,dataset/masks_binary/green_immature/20260430_112749.png,247530,55,2.06275,2,dataset/masks_binary/pale_pink/20260430_112749.png,14374,2,0.11978333333333332,0,dataset/masks_binary/pink_turns_purple/20260430_112749.png,0,0,0.0,29,dataset/masks_binary/fully_ripe/20260430_112749.png,370833,29,3.090275,0,dataset/masks_binary/over_ripe/20260430_112749.png,0,0,0.0
20260430_112759,20260430_112759.jpg,val,dataset/images/20260430_112759.jpg,dataset/masks_semantic/20260430_112759.png,dataset/masks_overall/20260430_112759.png,3000,4000,44,4000,3000,6,samsung,Galaxy S24 Ultra,2026:04:30 11:27:59,3442565,3489583,2096fd4b3f99a11a68eef857e5510e59e02a8ab6bd1e525abf3f7db8cc8e9a1e,2745270c9bd61546c2cc4b77f477d2b0a93eed166af43d39526f4ba3c092598a,979674,21,0,137378,100.30631256103516,55.24125289916992,1145.0008544921875,114.7611312866211,28,dataset/masks_binary/green_immature/20260430_112759.png,434378,28,3.6198166666666665,2,dataset/masks_binary/pale_pink/20260430_112759.png,70117,2,0.5843083333333333,2,dataset/masks_binary/pink_turns_purple/20260430_112759.png,73702,2,0.6141833333333333,12,dataset/masks_binary/fully_ripe/20260430_112759.png,401498,12,3.3458166666666664,0,dataset/masks_binary/over_ripe/20260430_112759.png,0,0,0.0
20260430_112857,20260430_112857.jpg,train,dataset/images/20260430_112857.jpg,dataset/masks_semantic/20260430_112857.png,dataset/masks_overall/20260430_112857.png,3000,4000,17,4000,3000,6,samsung,Galaxy S24 Ultra,2026:04:30 11:28:57,3487234,3490653,cc35c4b87cbe5c7521719460959071371a44db3ca60a9669ce65ca1314ea843d,cdfc892599347f99f27051a2234eba31080ff899ed970e8b3e82495cd5952334,178690,0,0,40853,103.01313018798828,51.31795883178711,916.7538452148438,121.00911712646484,8,dataset/masks_binary/green_immature/20260430_112857.png,71486,8,0.5957166666666667,1,dataset/masks_binary/pale_pink/20260430_112857.png,42677,1,0.35564166666666663,0,dataset/masks_binary/pink_turns_purple/20260430_112857.png,0,0,0.0,8,dataset/masks_binary/fully_ripe/20260430_112857.png,64527,9,0.537725,0,dataset/masks_binary/over_ripe/20260430_112857.png,0,0,0.0
20260430_112911,20260430_112911.jpg,train,dataset/images/20260430_112911.jpg,dataset/masks_semantic/20260430_112911.png,dataset/masks_overall/20260430_112911.png,3000,4000,26,4000,3000,6,samsung,Galaxy S24 Ultra,2026:04:30 11:29:11,3962924,4010182,b261d5a63619ec5e5b74304a54c7a2773aa8f99d102c97093935c61c5c20d045,0bf272399cc42ced33bba9752a16feec4acac7b2ed8ab0a73b9471f14701f311,391318,16,0,70845,110.79046630859375,46.31728744506836,1026.4910888671875,153.1905975341797,13,dataset/masks_binary/green_immature/20260430_112911.png,118046,13,0.9837166666666666,2,dataset/masks_binary/pale_pink/20260430_112911.png,33348,2,0.2779,2,dataset/masks_binary/pink_turns_purple/20260430_112911.png,31121,2,0.25934166666666664,9,dataset/masks_binary/fully_ripe/20260430_112911.png,208819,9,1.7401583333333335,0,dataset/masks_binary/over_ripe/20260430_112911.png,0,0,0.0
20260430_112919,20260430_112919.jpg,train,dataset/images/20260430_112919.jpg,dataset/masks_semantic/20260430_112919.png,dataset/masks_overall/20260430_112919.png,3000,4000,45,4000,3000,6,samsung,Galaxy S24 Ultra,2026:04:30 11:29:19,3549450,3650401,46fe147a263dc57e9263051e24540ef4f4f9ad106c0f246c8d212e074a7435dc,dfe23c51be1bbfa98139aeb3df00e274c8f8be011b9e761cb1a6e0a361a9c06a,447354,1,0,84891,105.1605224609375,56.36275863647461,1647.66845703125,103.20427703857422,22,dataset/masks_binary/green_immature/20260430_112919.png,141693,24,1.1807750000000001,2,dataset/masks_binary/pale_pink/20260430_112919.png,63524,2,0.5293666666666667,4,dataset/masks_binary/pink_turns_purple/20260430_112919.png,64472,4,0.5372666666666667,17,dataset/masks_binary/fully_ripe/20260430_112919.png,177666,17,1.48055,0,dataset/masks_binary/over_ripe/20260430_112919.png,0,0,0.0
20260430_112924,20260430_112924.jpg,train,dataset/images/20260430_112924.jpg,dataset/masks_semantic/20260430_112924.png,dataset/masks_overall/20260430_112924.png,3000,4000,63,4000,3000,6,samsung,Galaxy S24 Ultra,2026:04:30 11:29:24,3585491,3663244,047a224b79c85f05ee246a33f872eef00da3798f4651ca4a614efa1a276f8698,1069982afd4543251038b245e0a85b3f051cc3e7a4cab6b4e51e355a38848b41,493066,0,0,106523,102.76763916015625,56.63176727294922,1557.5302734375,133.62570190429688,51,dataset/masks_binary/green_immature/20260430_112924.png,212161,55,1.7680083333333332,0,dataset/masks_binary/pale_pink/20260430_112924.png,0,0,0.0,0,dataset/masks_binary/pink_turns_purple/20260430_112924.png,0,0,0.0,12,dataset/masks_binary/fully_ripe/20260430_112924.png,280905,14,2.340875,0,dataset/masks_binary/over_ripe/20260430_112924.png,0,0,0.0
20260430_112937,20260430_112937.jpg,train,dataset/images/20260430_112937.jpg,dataset/masks_semantic/20260430_112937.png,dataset/masks_overall/20260430_112937.png,3000,4000,58,4000,3000,6,samsung,Galaxy S24 Ultra,2026:04:30 11:29:37,3581627,3601237,9bc436e9cd7cf0015502f13fbce14c38afea062c9870bb7d73aaee4458e5c2f8,cce96d4bfa2759a7133bb687635e8dce9f6bddaa4bad34a1dda72cf4b172fd6d,647378,1,0,132109,107.09103393554688,50.32987976074219,881.7128295898438,125.94791412353516,29,dataset/masks_binary/green_immature/20260430_112937.png,247207,32,2.060058333333333,2,dataset/masks_binary/pale_pink/20260430_112937.png,23340,2,0.19449999999999998,2,dataset/masks_binary/pink_turns_purple/20260430_112937.png,23970,2,0.19975,25,dataset/masks_binary/fully_ripe/20260430_112937.png,352862,28,2.9405166666666664,0,dataset/masks_binary/over_ripe/20260430_112937.png,0,0,0.0
20260430_112940,20260430_112940.jpg,test,dataset/images/20260430_112940.jpg,dataset/masks_semantic/20260430_112940.png,dataset/masks_overall/20260430_112940.png,3000,4000,39,4000,3000,6,samsung,Galaxy S24 Ultra,2026:04:30 11:29:40,3773817,3878209,aa47e971b7e8367bba76152f07b0acc38eea7f6b1a39a0c309709c82727d6762,ed88d37f496b9e5fcb6fb85293e16e6b42388d266e0d4ae6e2d75c5914f641f6,261275,0,0,64670,107.18819427490234,50.0241813659668,1575.3284912109375,129.76731872558594,31,dataset/masks_binary/green_immature/20260430_112940.png,130578,32,1.08815,1,dataset/masks_binary/pale_pink/20260430_112940.png,3058,1,0.02548333333333333,0,dataset/masks_binary/pink_turns_purple/20260430_112940.png,0,0,0.0,7,dataset/masks_binary/fully_ripe/20260430_112940.png,127639,7,1.0636583333333334,0,dataset/masks_binary/over_ripe/20260430_112940.png,0,0,0.0
20260430_112951,20260430_112951.jpg,train,dataset/images/20260430_112951.jpg,dataset/masks_semantic/20260430_112951.png,dataset/masks_overall/20260430_112951.png,3000,4000,30,4000,3000,6,samsung,Galaxy S24 Ultra,2026:04:30 11:29:51,3301190,3313752,2649af945bc773295d88227cef0a15e3543766738f6e0ecae3f30b65a4ac8a69,5e5a22bc7569117cbba589ce16ae936a4dab3b9440a4d562cc9def2e4885eae6,436055,2,0,75715,112.95111083984375,58.34089279174805,871.0728149414062,116.23453521728516,20,dataset/masks_binary/green_immature/20260430_112951.png,153894,20,1.28245,1,dataset/masks_binary/pale_pink/20260430_112951.png,38638,1,0.32198333333333334,1,dataset/masks_binary/pink_turns_purple/20260430_112951.png,22137,3,0.184475,8,dataset/masks_binary/fully_ripe/20260430_112951.png,221388,8,1.8449,0,dataset/masks_binary/over_ripe/20260430_112951.png,0,0,0.0
20260430_112956,20260430_112956.jpg,train,dataset/images/20260430_112956.jpg,dataset/masks_semantic/20260430_112956.png,dataset/masks_overall/20260430_112956.png,3000,4000,43,4000,3000,6,samsung,Galaxy S24 Ultra,2026:04:30 11:29:55,4029442,4149962,c131eb879336824c67ec92cad6c51b02bfbed31c5750d4ac8b5b5d8af518b6ab,ca9dab4b460b5cf7cb79c326fc60719a1a76fefe6b2076a240f4f19d4a95dc1d,375947,0,0,74330,109.33285522460938,51.0908203125,2338.946044921875,142.9161834716797,31,dataset/masks_binary/green_immature/20260430_112956.png,100338,32,0.83615,0,dataset/masks_binary/pale_pink/20260430_112956.png,0,0,0.0,1,dataset/masks_binary/pink_turns_purple/20260430_112956.png,36030,1,0.30025,11,dataset/masks_binary/fully_ripe/20260430_112956.png,239579,12,1.9964916666666666,0,dataset/masks_binary/over_ripe/20260430_112956.png,0,0,0.0
20260430_113001,20260430_113001.jpg,train,dataset/images/20260430_113001.jpg,dataset/masks_semantic/20260430_113001.png,dataset/masks_overall/20260430_113001.png,3000,4000,57,4000,3000,6,samsung,Galaxy S24 Ultra,2026:04:30 11:30:01,3506080,3566494,570cc773351bc8d92d0884ccde007ee433652285f58140df372b5f049b29afae,aa58fd7b58ca48dcb7ef09864e9b58b30d2447536b94f0217e7ab8f91b7511cf,698289,11,0,117361,115.826416015625,55.02547836303711,1347.6640625,89.55054473876953,31,dataset/masks_binary/green_immature/20260430_113001.png,125354,31,1.0446166666666665,1,dataset/masks_binary/pale_pink/20260430_113001.png,29056,1,0.24213333333333334,3,dataset/masks_binary/pink_turns_purple/20260430_113001.png,79211,3,0.6600916666666666,22,dataset/masks_binary/fully_ripe/20260430_113001.png,464679,22,3.872325,0,dataset/masks_binary/over_ripe/20260430_113001.png,0,0,0.0
20260430_113006,20260430_113006.jpg,val,dataset/images/20260430_113006.jpg,dataset/masks_semantic/20260430_113006.png,dataset/masks_overall/20260430_113006.png,3000,4000,15,4000,3000,6,samsung,Galaxy S24 Ultra,2026:04:30 11:30:06,3500160,3477030,cfe76f98561f7e83aec4d3b4ae741409827008b6e75fbb8a631d911157ed21d8,63f345d98a1b59cf7c3bb4399e383635e9767eeeddc2c7f4df35fea27761743e,266725,0,0,42770,110.9848403930664,47.700504302978516,713.0526733398438,143.55751037597656,9,dataset/masks_binary/green_immature/20260430_113006.png,142553,9,1.1879416666666667,1,dataset/masks_binary/pale_pink/20260430_113006.png,45101,1,0.3758416666666667,0,dataset/masks_binary/pink_turns_purple/20260430_113006.png,0,0,0.0,5,dataset/masks_binary/fully_ripe/20260430_113006.png,79071,5,0.658925,0,dataset/masks_binary/over_ripe/20260430_113006.png,0,0,0.0
20260430_113011,20260430_113011.jpg,train,dataset/images/20260430_113011.jpg,dataset/masks_semantic/20260430_113011.png,dataset/masks_overall/20260430_113011.png,3000,4000,34,4000,3000,6,samsung,Galaxy S24 Ultra,2026:04:30 11:30:11,3476275,3457075,7a74f47b59124d9427194f016d953fb3901235c2b5a9158b69f9a9d00333231b,eeb38713d012f38acf36197902d6539703dad6a1d0d00f9370aa0ec0aa7f416e,271076,0,0,64462,101.03882598876953,46.805206298828125,755.5856323242188,167.56190490722656,24,dataset/masks_binary/green_immature/20260430_113011.png,225744,25,1.8812,2,dataset/masks_binary/pale_pink/20260430_113011.png,11981,2,0.09984166666666668,0,dataset/masks_binary/pink_turns_purple/20260430_113011.png,0,0,0.0,6,dataset/masks_binary/fully_ripe/20260430_113011.png,32056,6,0.26713333333333333,2,dataset/masks_binary/over_ripe/20260430_113011.png,1295,2,0.010791666666666666
20260430_113017,20260430_113017.jpg,train,dataset/images/20260430_113017.jpg,dataset/masks_semantic/20260430_113017.png,dataset/masks_overall/20260430_113017.png,3000,4000,21,4000,3000,6,samsung,Galaxy S24 Ultra,2026:04:30 11:30:17,3369338,3271942,4d6c5600dfcbfd8669a838bf7b33f3f280047495c8c96441e87950fd80a74732,84c10095403f459a068dd133f60b165d1927ea7bd1de0ce18085d29cb31fd4c7,343779,2,0,51970,113.19549560546875,47.80289840698242,399.06298828125,151.63406372070312,16,dataset/masks_binary/green_immature/20260430_113017.png,111290,17,0.9274166666666667,0,dataset/masks_binary/pale_pink/20260430_113017.png,0,0,0.0,1,dataset/masks_binary/pink_turns_purple/20260430_113017.png,48513,1,0.40427500000000005,4,dataset/masks_binary/fully_ripe/20260430_113017.png,183978,4,1.53315,0,dataset/masks_binary/over_ripe/20260430_113017.png,0,0,0.0
20260430_113027,20260430_113027.jpg,train,dataset/images/20260430_113027.jpg,dataset/masks_semantic/20260430_113027.png,dataset/masks_overall/20260430_113027.png,3000,4000,56,4000,3000,6,samsung,Galaxy S24 Ultra,2026:04:30 11:30:27,3883991,4003738,57e5bd8524d9ba452206687ea773e6d19afc47892958f4e56f062b8056bc92d7,889eb49f42240590981cace76d8c62826ca7bce06250e167d23c82c329f7d1a7,575128,1,0,124339,111.3180160522461,48.79135513305664,1366.7337646484375,123.43231201171875,31,dataset/masks_binary/green_immature/20260430_113027.png,164990,31,1.3749166666666666,1,dataset/masks_binary/pale_pink/20260430_113027.png,12905,1,0.10754166666666666,4,dataset/masks_binary/pink_turns_purple/20260430_113027.png,44934,4,0.37445,19,dataset/masks_binary/fully_ripe/20260430_113027.png,333089,20,2.7757416666666668,1,dataset/masks_binary/over_ripe/20260430_113027.png,19211,1,0.16009166666666666
20260430_113032,20260430_113032.jpg,train,dataset/images/20260430_113032.jpg,dataset/masks_semantic/20260430_113032.png,dataset/masks_overall/20260430_113032.png,3000,4000,18,4000,3000,6,samsung,Galaxy S24 Ultra,2026:04:30 11:30:32,3332229,3244010,6020fdb129fa83da523453a509a57c48415c47903d3cb5a12ea114924b17c8ec,e8bb3c40f81f2ae49d54ae0682f801c0a124a6ae53cc12453090db82700b107b,257608,0,0,48790,110.1400146484375,47.7279167175293,583.6897583007812,134.69039916992188,14,dataset/masks_binary/green_immature/20260430_113032.png,159033,14,1.325275,2,dataset/masks_binary/pale_pink/20260430_113032.png,56634,2,0.47195,1,dataset/masks_binary/pink_turns_purple/20260430_113032.png,29874,1,0.24895,1,dataset/masks_binary/fully_ripe/20260430_113032.png,12067,1,0.10055833333333333,0,dataset/masks_binary/over_ripe/20260430_113032.png,0,0,0.0
20260430_113036,20260430_113036.jpg,val,dataset/images/20260430_113036.jpg,dataset/masks_semantic/20260430_113036.png,dataset/masks_overall/20260430_113036.png,3000,4000,64,4000,3000,6,samsung,Galaxy S24 Ultra,2026:04:30 11:30:36,3472780,3475366,250c8382ca32af832f5720a4da6a6ee67b6726a26505cd512b22f920d3bc066d,c5fbe2ae3223bf1e18072ae72a6a9d0d4afd27383e61a3f9e5255bb6219e76fb,566972,19,0,129976,105.94881439208984,59.393653869628906,1123.0086669921875,114.9183120727539,50,dataset/masks_binary/green_immature/20260430_113036.png,312099,51,2.600825,0,dataset/masks_binary/pale_pink/20260430_113036.png,0,0,0.0,6,dataset/masks_binary/pink_turns_purple/20260430_113036.png,120952,6,1.0079333333333333,8,dataset/masks_binary/fully_ripe/20260430_113036.png,133940,12,1.1161666666666668,0,dataset/masks_binary/over_ripe/20260430_113036.png,0,0,0.0
20260430_113041,20260430_113041.jpg,train,dataset/images/20260430_113041.jpg,dataset/masks_semantic/20260430_113041.png,dataset/masks_overall/20260430_113041.png,3000,4000,28,4000,3000,6,samsung,Galaxy S24 Ultra,2026:04:30 11:30:40,3748679,3820225,44bd69dcd95925951cd831ceac80e83145c40798c72453aba4ce67602bd15972,5219d5f8c9780be90a7bc4a3be274e8cc572ef6b018eef063fd5f712698d622c,249930,2,0,56359,100.42120361328125,44.08143997192383,1135.4365234375,146.81004333496094,20,dataset/masks_binary/green_immature/20260430_113041.png,108708,22,0.9058999999999999,0,dataset/masks_binary/pale_pink/20260430_113041.png,0,0,0.0,1,dataset/masks_binary/pink_turns_purple/20260430_113041.png,11000,1,0.09166666666666666,7,dataset/masks_binary/fully_ripe/20260430_113041.png,130224,7,1.0852,0,dataset/masks_binary/over_ripe/20260430_113041.png,0,0,0.0
20260430_113050,20260430_113050.jpg,test,dataset/images/20260430_113050.jpg,dataset/masks_semantic/20260430_113050.png,dataset/masks_overall/20260430_113050.png,3000,4000,22,4000,3000,6,samsung,Galaxy S24 Ultra,2026:04:30 11:30:50,2870906,3067701,30a8400c3d42591f7dde9204e6147d59fd407b9720dd4777e456f8e7618525b9,5ca4aa82fe54d92d1d5c9cecde9a578fcc0fdff7b7f1408bca4b9dbdf8f4b32e,686766,1,0,77552,103.23519134521484,49.29225540161133,963.2282104492188,101.88799285888672,13,dataset/masks_binary/green_immature/20260430_113050.png,253772,13,2.1147666666666667,3,dataset/masks_binary/pale_pink/20260430_113050.png,234888,3,1.9574,3,dataset/masks_binary/pink_turns_purple/20260430_113050.png,48017,4,0.40014166666666673,3,dataset/masks_binary/fully_ripe/20260430_113050.png,150090,3,1.25075,0,dataset/masks_binary/over_ripe/20260430_113050.png,0,0,0.0
20260430_113059,20260430_113059.jpg,train,dataset/images/20260430_113059.jpg,dataset/masks_semantic/20260430_113059.png,dataset/masks_overall/20260430_113059.png,3000,4000,23,4000,3000,6,samsung,Galaxy S24 Ultra,2026:04:30 11:30:58,3105625,3016970,c7f2b6ab1a53d62f0c97e302fa929f7b1162c2dfaeacc915874d05060fb6a956,7cd2834d6509e37213d2eb9f967cf6bd0cd4cdbe7f1682df979c68b93e420390,378734,0,0,62289,107.62589263916016,58.17682647705078,490.3732604980469,92.9393539428711,16,dataset/masks_binary/green_immature/20260430_113059.png,169956,16,1.4163000000000001,0,dataset/masks_binary/pale_pink/20260430_113059.png,0,0,0.0,2,dataset/masks_binary/pink_turns_purple/20260430_113059.png,83133,2,0.692775,5,dataset/masks_binary/fully_ripe/20260430_113059.png,125645,8,1.0470416666666666,0,dataset/masks_binary/over_ripe/20260430_113059.png,0,0,0.0
20260430_113107,20260430_113107.jpg,train,dataset/images/20260430_113107.jpg,dataset/masks_semantic/20260430_113107.png,dataset/masks_overall/20260430_113107.png,3000,4000,37,4000,3000,6,samsung,Galaxy S24 Ultra,2026:04:30 11:31:07,3949372,4076238,06dd58c4642d6142cbaac4e0d426af33088951bf24ad192b37d9f7fe0124ef15,3be8c1cce6c804a4e5f2c6364e3bb261a299dff0c49fe6d61508c695fc04b1e9,463974,0,0,86730,113.41000366210938,51.59258270263672,1448.4832763671875,93.40898895263672,30,dataset/masks_binary/green_immature/20260430_113107.png,396012,30,3.3001000000000005,1,dataset/masks_binary/pale_pink/20260430_113107.png,13006,1,0.10838333333333333,0,dataset/masks_binary/pink_turns_purple/20260430_113107.png,0,0,0.0,6,dataset/masks_binary/fully_ripe/20260430_113107.png,54956,6,0.4579666666666667,0,dataset/masks_binary/over_ripe/20260430_113107.png,0,0,0.0
20260430_113116,20260430_113116.jpg,train,dataset/images/20260430_113116.jpg,dataset/masks_semantic/20260430_113116.png,dataset/masks_overall/20260430_113116.png,3000,4000,20,4000,3000,6,samsung,Galaxy S24 Ultra,2026:04:30 11:31:16,3598079,3655788,f044927cb5ea78146465e2407237628eccca418cd761b64b5c85b3112d190d13,f0ace29216358ddead759b0e64dc763f1f8e573950544bfbff0b8c3baceef9f7,242602,5,0,48669,113.6314468383789,43.92999267578125,1052.84228515625,151.78269958496094,15,dataset/masks_binary/green_immature/20260430_113116.png,160980,15,1.3415,0,dataset/masks_binary/pale_pink/20260430_113116.png,0,0,0.0,1,dataset/masks_binary/pink_turns_purple/20260430_113116.png,26260,1,0.21883333333333332,2,dataset/masks_binary/fully_ripe/20260430_113116.png,13721,2,0.11434166666666667,2,dataset/masks_binary/over_ripe/20260430_113116.png,41646,3,0.34705
20260430_113123,20260430_113123.jpg,train,dataset/images/20260430_113123.jpg,dataset/masks_semantic/20260430_113123.png,dataset/masks_overall/20260430_113123.png,3000,4000,51,4000,3000,6,samsung,Galaxy S24 Ultra,2026:04:30 11:31:23,3668790,3744526,b01c72997d5374f143bf027ed6015b8166682ee8c6efbf535d15345f0c2d10a7,0bcc9a9547026b7eb78deb5f6977d0656503a7871221716ee3661affa2450c19,561460,35,0,124818,102.81423950195312,56.655860900878906,1299.7996826171875,116.15967559814453,19,dataset/masks_binary/green_immature/20260430_113123.png,116000,21,0.9666666666666667,3,dataset/masks_binary/pale_pink/20260430_113123.png,28378,3,0.23648333333333332,1,dataset/masks_binary/pink_turns_purple/20260430_113123.png,13322,1,0.11101666666666667,26,dataset/masks_binary/fully_ripe/20260430_113123.png,390016,31,3.2501333333333333,2,dataset/masks_binary/over_ripe/20260430_113123.png,13773,2,0.11477499999999999
20260430_113132,20260430_113132.jpg,test,dataset/images/20260430_113132.jpg,dataset/masks_semantic/20260430_113132.png,dataset/masks_overall/20260430_113132.png,3000,4000,9,4000,3000,6,samsung,Galaxy S24 Ultra,2026:04:30 11:31:32,3511246,3581929,33293b25bc96f55d529c29fbdffdf2fdf553085b99a482466aaf3bfc907b03f1,f210e0372946b6965d9f76236e79d75f188de0e0dbb7dff007b9f0ab34b7623f,159249,0,0,27470,112.94007110595703,45.34748840332031,827.2924194335938,145.58297729492188,6,dataset/masks_binary/green_immature/20260430_113132.png,86076,6,0.7172999999999999,1,dataset/masks_binary/pale_pink/20260430_113132.png,44641,1,0.37200833333333333,2,dataset/masks_binary/pink_turns_purple/20260430_113132.png,28532,2,0.23776666666666668,0,dataset/masks_binary/fully_ripe/20260430_113132.png,0,0,0.0,0,dataset/masks_binary/over_ripe/20260430_113132.png,0,0,0.0
20260430_113137,20260430_113137.jpg,val,dataset/images/20260430_113137.jpg,dataset/masks_semantic/20260430_113137.png,dataset/masks_overall/20260430_113137.png,3000,4000,9,4000,3000,6,samsung,Galaxy S24 Ultra,2026:04:30 11:31:37,3896301,3853476,089ed5d43a4a8a6c14dd1a8f74e885ae5cc5f5f45dd237fcb926a30ce314fbe1,33e3a45674e908e94a73e5bcf26e90c0dc97d8c23f4dc696c02540064bf655b9,225364,0,0,30035,116.10791015625,49.752220153808594,614.1002197265625,146.19749450683594,7,dataset/masks_binary/green_immature/20260430_113137.png,145178,8,1.2098166666666668,2,dataset/masks_binary/pale_pink/20260430_113137.png,80186,2,0.6682166666666667,0,dataset/masks_binary/pink_turns_purple/20260430_113137.png,0,0,0.0,0,dataset/masks_binary/fully_ripe/20260430_113137.png,0,0,0.0,0,dataset/masks_binary/over_ripe/20260430_113137.png,0,0,0.0
20260430_113145,20260430_113145.jpg,train,dataset/images/20260430_113145.jpg,dataset/masks_semantic/20260430_113145.png,dataset/masks_overall/20260430_113145.png,3000,4000,25,4000,3000,6,samsung,Galaxy S24 Ultra,2026:04:30 11:31:45,3941862,4088025,1117267f50023829119060360739eab2e8c509ef069570031b7245a4cb32031d,2d2bb3291e1ac84ee44c646fb88a5b49f10dfece7fcf7fb86da9ab774239dcff,228272,0,0,55534,105.45111083984375,49.23836135864258,2032.703125,113.76293182373047,23,dataset/masks_binary/green_immature/20260430_113145.png,203663,25,1.6971916666666667,0,dataset/masks_binary/pale_pink/20260430_113145.png,0,0,0.0,1,dataset/masks_binary/pink_turns_purple/20260430_113145.png,10004,1,0.08336666666666667,1,dataset/masks_binary/fully_ripe/20260430_113145.png,14605,1,0.12170833333333332,0,dataset/masks_binary/over_ripe/20260430_113145.png,0,0,0.0
20260430_113156,20260430_113156.jpg,train,dataset/images/20260430_113156.jpg,dataset/masks_semantic/20260430_113156.png,dataset/masks_overall/20260430_113156.png,3000,4000,35,4000,3000,6,samsung,Galaxy S24 Ultra,2026:04:30 11:31:56,4339907,4490111,7c427847e79a243164f7b8bcbf21f36ef8cdc8e8a80c00824fd4eb2ae07ef8b5,db99b7f72d75ab76e3c710fdc3a31a37b3acb07d8dc65b68c52c537737782a2d,274724,0,0,72640,112.95983123779297,50.082801818847656,2400.072265625,124.84908294677734,26,dataset/masks_binary/green_immature/20260430_113156.png,190960,40,1.5913333333333335,0,dataset/masks_binary/pale_pink/20260430_113156.png,0,0,0.0,1,dataset/masks_binary/pink_turns_purple/20260430_113156.png,14474,1,0.12061666666666666,8,dataset/masks_binary/fully_ripe/20260430_113156.png,69290,8,0.5774166666666667,0,dataset/masks_binary/over_ripe/20260430_113156.png,0,0,0.0
20260430_113204,20260430_113204.jpg,train,dataset/images/20260430_113204.jpg,dataset/masks_semantic/20260430_113204.png,dataset/masks_overall/20260430_113204.png,3000,4000,36,4000,3000,6,samsung,Galaxy S24 Ultra,2026:04:30 11:32:04,3947509,4081060,73ed8690be1c663315dcc15d9b16b9cb47027ac1df952f186181cc8a766b9069,5110910202b8312450ab88f124184d2dd078e597c416d4aa3ebe8dfb03c550ab,418825,0,0,89574,115.5482177734375,51.200931549072266,1370.2313232421875,132.82774353027344,25,dataset/masks_binary/green_immature/20260430_113204.png,278296,25,2.3191333333333333,2,dataset/masks_binary/pale_pink/20260430_113204.png,23520,2,0.196,1,dataset/masks_binary/pink_turns_purple/20260430_113204.png,26925,1,0.22437500000000002,4,dataset/masks_binary/fully_ripe/20260430_113204.png,56212,4,0.46843333333333337,4,dataset/masks_binary/over_ripe/20260430_113204.png,33872,4,0.28226666666666667
20260430_113208,20260430_113208.jpg,train,dataset/images/20260430_113208.jpg,dataset/masks_semantic/20260430_113208.png,dataset/masks_overall/20260430_113208.png,3000,4000,7,4000,3000,6,samsung,Galaxy S24 Ultra,2026:04:30 11:32:08,3250173,3150153,2cc31fed7c59b448c7c34483523b6333b4fe4d11c516abb0e9f5b84c4b91203d,ff0d35c42158c86da9a5b26e9d60f3c75e29841d765db91b5a66b724a7a5dd83,132473,0,0,21997,120.330810546875,59.120506286621094,402.1630859375,116.6864242553711,1,dataset/masks_binary/green_immature/20260430_113208.png,11254,1,0.09378333333333334,0,dataset/masks_binary/pale_pink/20260430_113208.png,0,0,0.0,1,dataset/masks_binary/pink_turns_purple/20260430_113208.png,40240,1,0.3353333333333333,5,dataset/masks_binary/fully_ripe/20260430_113208.png,80979,5,0.674825,0,dataset/masks_binary/over_ripe/20260430_113208.png,0,0,0.0
20260430_113215,20260430_113215.jpg,train,dataset/images/20260430_113215.jpg,dataset/masks_semantic/20260430_113215.png,dataset/masks_overall/20260430_113215.png,3000,4000,18,4000,3000,6,samsung,Galaxy S24 Ultra,2026:04:30 11:32:14,3789531,3864265,d5c247824943dea6619d588fb3f6c5030ab2a813c921565f158f4855963f5e89,9fa9dc84cbd91af726ea4f46c14ff3c1c2107959df86cce2fe865304e16ea80c,223866,3,0,45995,112.79137420654297,48.935951232910156,1386.4500732421875,134.11419677734375,16,dataset/masks_binary/green_immature/20260430_113215.png,144239,18,1.2019916666666666,0,dataset/masks_binary/pale_pink/20260430_113215.png,0,0,0.0,1,dataset/masks_binary/pink_turns_purple/20260430_113215.png,40313,1,0.3359416666666667,0,dataset/masks_binary/fully_ripe/20260430_113215.png,0,0,0.0,1,dataset/masks_binary/over_ripe/20260430_113215.png,39317,1,0.32764166666666666
20260430_113220,20260430_113220.jpg,train,dataset/images/20260430_113220.jpg,dataset/masks_semantic/20260430_113220.png,dataset/masks_overall/20260430_113220.png,3000,4000,34,4000,3000,6,samsung,Galaxy S24 Ultra,2026:04:30 11:32:20,4216027,4353706,aa5ac03bd2886117811346a35b14c8f2210145a931d94bfe5270140baad61032,972df95f594971d2469332442a0d2ae0d2c7345bc35a73ac36d8b85126a2978e,328657,4,0,72621,114.2194595336914,45.13056182861328,1447.5123291015625,141.09329223632812,17,dataset/masks_binary/green_immature/20260430_113220.png,144939,16,1.2078250000000001,0,dataset/masks_binary/pale_pink/20260430_113220.png,0,0,0.0,3,dataset/masks_binary/pink_turns_purple/20260430_113220.png,47409,3,0.395075,11,dataset/masks_binary/fully_ripe/20260430_113220.png,114326,11,0.9527166666666667,3,dataset/masks_binary/over_ripe/20260430_113220.png,21987,3,0.183225
20260430_113229,20260430_113229.jpg,train,dataset/images/20260430_113229.jpg,dataset/masks_semantic/20260430_113229.png,dataset/masks_overall/20260430_113229.png,3000,4000,56,4000,3000,6,samsung,Galaxy S24 Ultra,2026:04:30 11:32:28,3617752,3717283,a5dbf5f0638ce3e511cc06f308ce616d2721c3131c52afe0877d1b627883faeb,5691a15869abb257621efde984320c9e21b0132705f24d7d2eeececf142278ad,699575,9,0,137402,104.2579345703125,46.731834411621094,1044.79052734375,148.06378173828125,28,dataset/masks_binary/green_immature/20260430_113229.png,258481,28,2.1540083333333335,1,dataset/masks_binary/pale_pink/20260430_113229.png,13288,1,0.11073333333333335,5,dataset/masks_binary/pink_turns_purple/20260430_113229.png,138864,5,1.1572,4,dataset/masks_binary/fully_ripe/20260430_113229.png,91686,4,0.76405,18,dataset/masks_binary/over_ripe/20260430_113229.png,197265,17,1.6438749999999998
20260430_113241,20260430_113241.jpg,train,dataset/images/20260430_113241.jpg,dataset/masks_semantic/20260430_113241.png,dataset/masks_overall/20260430_113241.png,3000,4000,21,4000,3000,6,samsung,Galaxy S24 Ultra,2026:04:30 11:32:41,3435055,3476261,37db9591e60f065c5df6dcd7e8c4b86531c042d08349e427bffe5dc543af98bc,389d417e674b934f68709b108fcd3b0ad6432fbdee9947838b23324cd442efed,657740,5,0,81703,100.27071380615234,53.97764205932617,1031.7506103515625,113.85468292236328,9,dataset/masks_binary/green_immature/20260430_113241.png,180574,10,1.5047833333333334,0,dataset/masks_binary/pale_pink/20260430_113241.png,0,0,0.0,1,dataset/masks_binary/pink_turns_purple/20260430_113241.png,26129,1,0.21774166666666664,10,dataset/masks_binary/fully_ripe/20260430_113241.png,442409,10,3.686741666666667,1,dataset/masks_binary/over_ripe/20260430_113241.png,8633,1,0.07194166666666667
20260430_113247,20260430_113247.jpg,val,dataset/images/20260430_113247.jpg,dataset/masks_semantic/20260430_113247.png,dataset/masks_overall/20260430_113247.png,3000,4000,19,4000,3000,6,samsung,Galaxy S24 Ultra,2026:04:30 11:32:46,3573705,3570362,9f23e1e1846623ec770586ad79776eb7a7373d540cbfa0a4d49ea8c30b8352d6,db58920a478a50295ba576977b7b2f1055b5f5cc180d055911bafa0ebb066d72,379429,3,0,61430,106.342529296875,47.10647964477539,704.011474609375,117.17679595947266,10,dataset/masks_binary/green_immature/20260430_113247.png,120656,10,1.0054666666666667,1,dataset/masks_binary/pale_pink/20260430_113247.png,20906,1,0.17421666666666666,1,dataset/masks_binary/pink_turns_purple/20260430_113247.png,39448,1,0.3287333333333334,7,dataset/masks_binary/fully_ripe/20260430_113247.png,198422,7,1.6535166666666667,0,dataset/masks_binary/over_ripe/20260430_113247.png,0,0,0.0
20260430_113251,20260430_113251.jpg,test,dataset/images/20260430_113251.jpg,dataset/masks_semantic/20260430_113251.png,dataset/masks_overall/20260430_113251.png,3000,4000,13,4000,3000,6,samsung,Galaxy S24 Ultra,2026:04:30 11:32:51,3382933,3369555,ad31f360f3216c24fe35d5a62bb4973573fa92263770823e0e00adb309544626,e35ca741d8ab09adae906d4b4eb9595298abedeaeb650f6426ad53cd357f8d88,160940,0,0,34960,103.16028594970703,47.44329071044922,746.641357421875,146.3529815673828,7,dataset/masks_binary/green_immature/20260430_113251.png,97136,8,0.8094666666666667,0,dataset/masks_binary/pale_pink/20260430_113251.png,0,0,0.0,1,dataset/masks_binary/pink_turns_purple/20260430_113251.png,33152,1,0.27626666666666666,0,dataset/masks_binary/fully_ripe/20260430_113251.png,0,0,0.0,5,dataset/masks_binary/over_ripe/20260430_113251.png,30652,5,0.25543333333333335
20260430_113303,20260430_113303.jpg,train,dataset/images/20260430_113303.jpg,dataset/masks_semantic/20260430_113303.png,dataset/masks_overall/20260430_113303.png,3000,4000,38,4000,3000,6,samsung,Galaxy S24 Ultra,2026:04:30 11:33:03,3776951,3830610,21d17690890b723551b1dec71f34b60673529aea1ec3be6c7b8452dc2a380765,f3851a6785131ad6e2e145e84257227c85fa52fe61a83de3f39f1a71118c7a48,347547,0,0,83204,116.38815307617188,47.562522888183594,1131.8955078125,158.3700408935547,23,dataset/masks_binary/green_immature/20260430_113303.png,204011,22,1.7000916666666668,0,dataset/masks_binary/pale_pink/20260430_113303.png,0,0,0.0,4,dataset/masks_binary/pink_turns_purple/20260430_113303.png,35820,4,0.2985,2,dataset/masks_binary/fully_ripe/20260430_113303.png,20630,2,0.17191666666666666,9,dataset/masks_binary/over_ripe/20260430_113303.png,87086,9,0.7257166666666667
20260430_113312,20260430_113312.jpg,train,dataset/images/20260430_113312.jpg,dataset/masks_semantic/20260430_113312.png,dataset/masks_overall/20260430_113312.png,3000,4000,22,4000,3000,6,samsung,Galaxy S24 Ultra,2026:04:30 11:33:12,3970045,4025729,536ab2dd01dfec3dd0ecd35c8fedd1cd8b49c6db8361d0e7741276a7c464083b,dae4a4ded3d4a6db505f86552362d2e5cfe47e5a695f2e94730cd175ded71179,297640,5,0,54268,115.11588287353516,47.20756530761719,1049.8153076171875,158.1769561767578,17,dataset/masks_binary/green_immature/20260430_113312.png,154178,19,1.2848166666666667,0,dataset/masks_binary/pale_pink/20260430_113312.png,0,0,0.0,1,dataset/masks_binary/pink_turns_purple/20260430_113312.png,23517,1,0.195975,0,dataset/masks_binary/fully_ripe/20260430_113312.png,0,0,0.0,4,dataset/masks_binary/over_ripe/20260430_113312.png,119950,4,0.9995833333333334
20260430_113322,20260430_113322.jpg,val,dataset/images/20260430_113322.jpg,dataset/masks_semantic/20260430_113322.png,dataset/masks_overall/20260430_113322.png,3000,4000,29,4000,3000,6,samsung,Galaxy S24 Ultra,2026:04:30 11:33:22,3346910,3314206,9ae91748ee1cc0eebbf9c4fabb2a738037ecd729bce13fd55fb1e44b1d88c07d,ccdd812ec4582693e3211548ab60a3c2c44cdb3e61ac65fac44323b656665dc4,572806,434,12732,87271,104.1987075805664,50.54158020019531,574.083740234375,132.1949005126953,9,dataset/masks_binary/green_immature/20260430_113322.png,168079,9,1.4006583333333333,4,dataset/masks_binary/pale_pink/20260430_113322.png,99758,4,0.8313166666666667,0,dataset/masks_binary/pink_turns_purple/20260430_113322.png,0,0,0.0,0,dataset/masks_binary/fully_ripe/20260430_113322.png,0,0,0.0,16,dataset/masks_binary/over_ripe/20260430_113322.png,318135,15,2.651125
20260430_113329,20260430_113329.jpg,train,dataset/images/20260430_113329.jpg,dataset/masks_semantic/20260430_113329.png,dataset/masks_overall/20260430_113329.png,3000,4000,66,4000,3000,6,samsung,Galaxy S24 Ultra,2026:04:30 11:33:28,3732541,3804668,e125cae3a529d89090a99e7232d842ebbbe41493cd8251f7610c00bd83516a50,1d7b31bf3426db2c73e5f63382475439df20dbb85b0c0458cc8111842c44cf41,648728,0,0,149619,111.50203704833984,52.85779571533203,1241.97900390625,139.74728393554688,29,dataset/masks_binary/green_immature/20260430_113329.png,194053,30,1.6171083333333331,7,dataset/masks_binary/pale_pink/20260430_113329.png,101373,9,0.844775,6,dataset/masks_binary/pink_turns_purple/20260430_113329.png,83175,5,0.693125,2,dataset/masks_binary/fully_ripe/20260430_113329.png,27672,2,0.2306,22,dataset/masks_binary/over_ripe/20260430_113329.png,242455,23,2.0204583333333335
20260430_113338,20260430_113338.jpg,train,dataset/images/20260430_113338.jpg,dataset/masks_semantic/20260430_113338.png,dataset/masks_overall/20260430_113338.png,3000,4000,23,4000,3000,6,samsung,Galaxy S24 Ultra,2026:04:30 11:33:38,3707145,3726623,13259872fc3266d1c235fa5b68771cf8a6b72fd2cf6cdc5b6cafd0ae85a51156,00e976b69c6427e6f12889a596b7971f680e2704fa68ee40859950324f053743,739716,7,0,84817,115.734130859375,50.17369079589844,841.1835327148438,139.8156280517578,12,dataset/masks_binary/green_immature/20260430_113338.png,314681,12,2.6223416666666663,0,dataset/masks_binary/pale_pink/20260430_113338.png,0,0,0.0,4,dataset/masks_binary/pink_turns_purple/20260430_113338.png,128742,4,1.07285,6,dataset/masks_binary/fully_ripe/20260430_113338.png,124138,6,1.0344833333333332,1,dataset/masks_binary/over_ripe/20260430_113338.png,172162,1,1.4346833333333333
20260430_113345,20260430_113345.jpg,train,dataset/images/20260430_113345.jpg,dataset/masks_semantic/20260430_113345.png,dataset/masks_overall/20260430_113345.png,3000,4000,11,4000,3000,6,samsung,Galaxy S24 Ultra,2026:04:30 11:33:45,3760627,3807900,2b9a0f955be92a7fe9fa1780a65699a94ef4a84f51aa6617e63c4f2ae648e74e,e1536d34133d8748754cabebdf6b43104d36604113764059e05bd0f1b4dfbbf1,191213,0,0,30825,112.91568756103516,47.87814712524414,1172.5750732421875,158.47813415527344,3,dataset/masks_binary/green_immature/20260430_113345.png,43338,3,0.36115,1,dataset/masks_binary/pale_pink/20260430_113345.png,33528,1,0.2794,1,dataset/masks_binary/pink_turns_purple/20260430_113345.png,30066,1,0.25055,6,dataset/masks_binary/fully_ripe/20260430_113345.png,84281,6,0.7023416666666666,0,dataset/masks_binary/over_ripe/20260430_113345.png,0,0,0.0
20260430_113355,20260430_113355.jpg,train,dataset/images/20260430_113355.jpg,dataset/masks_semantic/20260430_113355.png,dataset/masks_overall/20260430_113355.png,3000,4000,11,4000,3000,6,samsung,Galaxy S24 Ultra,2026:04:30 11:33:55,2699220,2586546,64b9b514dd64436d32d2b2e633336ecdb78bf62af66304b577a28769013af929,a87c734662ea4ace87c81e39c6a0dee6c03aecea60917b8bf57fbf167b85bcd0,396044,13,0,45478,123.84508514404297,50.18904495239258,381.24267578125,166.27874755859375,5,dataset/masks_binary/green_immature/20260430_113355.png,90880,5,0.7573333333333333,0,dataset/masks_binary/pale_pink/20260430_113355.png,0,0,0.0,3,dataset/masks_binary/pink_turns_purple/20260430_113355.png,209950,3,1.7495833333333333,3,dataset/masks_binary/fully_ripe/20260430_113355.png,95227,4,0.7935583333333333,0,dataset/masks_binary/over_ripe/20260430_113355.png,0,0,0.0
20260430_113403,20260430_113403.jpg,test,dataset/images/20260430_113403.jpg,dataset/masks_semantic/20260430_113403.png,dataset/masks_overall/20260430_113403.png,3000,4000,14,4000,3000,6,samsung,Galaxy S24 Ultra,2026:04:30 11:34:03,4296386,4362125,7fed6cfa72de9bef8f2615545dc12280ea6f937d226b1a512b5ad8caa890e249,2a6c0449dc3455c3d8d50a16b735c72f4d2ef007d51bc47f6ddc8bb28a0da9bb,232560,0,0,42152,115.57027435302734,49.49458312988281,1025.5018310546875,163.57313537597656,9,dataset/masks_binary/green_immature/20260430_113403.png,116301,9,0.9691750000000001,1,dataset/masks_binary/pale_pink/20260430_113403.png,26600,1,0.22166666666666668,3,dataset/masks_binary/pink_turns_purple/20260430_113403.png,54000,3,0.44999999999999996,1,dataset/masks_binary/fully_ripe/20260430_113403.png,35659,1,0.29715833333333336,0,dataset/masks_binary/over_ripe/20260430_113403.png,0,0,0.0
20260430_113422,20260430_113422.jpg,val,dataset/images/20260430_113422.jpg,dataset/masks_semantic/20260430_113422.png,dataset/masks_overall/20260430_113422.png,3000,4000,27,4000,3000,6,samsung,Galaxy S24 Ultra,2026:04:30 11:34:22,3624099,3682274,2cbe2c94c5210ee0c493e005309128b746a890b5d7156a64180e14c3474e730e,633f3d206e0b189108df5a2d558e7bc3738ae2ed5db9ffe76c056a8425097967,203300,1,0,53701,117.48821258544922,58.05870819091797,990.3232421875,118.6341323852539,20,dataset/masks_binary/green_immature/20260430_113422.png,113833,20,0.9486083333333333,0,dataset/masks_binary/pale_pink/20260430_113422.png,0,0,0.0,2,dataset/masks_binary/pink_turns_purple/20260430_113422.png,25624,2,0.21353333333333332,5,dataset/masks_binary/fully_ripe/20260430_113422.png,63844,5,0.5320333333333334,0,dataset/masks_binary/over_ripe/20260430_113422.png,0,0,0.0
20260430_113430,20260430_113430.jpg,test,dataset/images/20260430_113430.jpg,dataset/masks_semantic/20260430_113430.png,dataset/masks_overall/20260430_113430.png,3000,4000,15,4000,3000,6,samsung,Galaxy S24 Ultra,2026:04:30 11:34:30,3143903,3078187,00488447474e71bca6c48e85f71126cbb9f036b152904c4d33d90a8f8b957da6,c7b6efd92366e8fd82937ebd8895d82c7fd240476f385f401380646b7cbf86a3,174080,4,0,36135,113.55560302734375,56.232940673828125,491.0269775390625,114.0721435546875,7,dataset/masks_binary/green_immature/20260430_113430.png,48105,7,0.40087500000000004,1,dataset/masks_binary/pale_pink/20260430_113430.png,10796,1,0.08996666666666667,2,dataset/masks_binary/pink_turns_purple/20260430_113430.png,54097,2,0.45080833333333337,5,dataset/masks_binary/fully_ripe/20260430_113430.png,61086,5,0.50905,0,dataset/masks_binary/over_ripe/20260430_113430.png,0,0,0.0
20260430_113433,20260430_113433.jpg,train,dataset/images/20260430_113433.jpg,dataset/masks_semantic/20260430_113433.png,dataset/masks_overall/20260430_113433.png,3000,4000,3,4000,3000,6,samsung,Galaxy S24 Ultra,2026:04:30 11:34:33,3070293,2968965,7ebe7037581abf1fd3c9c40897b1b7ed840baa0c8ebfd8d90aaf617091238014,2f903ab8a9fc52a3831f947b96dc522764bda74550e1d96078f4a543de8c1177,60086,0,0,9806,101.3329849243164,52.426780700683594,392.2356872558594,137.08433532714844,2,dataset/masks_binary/green_immature/20260430_113433.png,24338,2,0.20281666666666667,1,dataset/masks_binary/pale_pink/20260430_113433.png,35748,1,0.2979,0,dataset/masks_binary/pink_turns_purple/20260430_113433.png,0,0,0.0,0,dataset/masks_binary/fully_ripe/20260430_113433.png,0,0,0.0,0,dataset/masks_binary/over_ripe/20260430_113433.png,0,0,0.0
20260430_113450,20260430_113450.jpg,train,dataset/images/20260430_113450.jpg,dataset/masks_semantic/20260430_113450.png,dataset/masks_overall/20260430_113450.png,3000,4000,7,4000,3000,6,samsung,Galaxy S24 Ultra,2026:04:30 11:34:50,2359935,2302148,8810c898934528895b9d724c300c1dcd140d43b8b149f73632434604b3678eb0,7788b0bbc36a25e7d0185e02eccfdd9f7a51fcbb475c7a238af6a774e0bd3b0f,173347,0,0,23024,111.7647933959961,53.915733337402344,336.7013854980469,114.2518539428711,4,dataset/masks_binary/green_immature/20260430_113450.png,73881,4,0.615675,2,dataset/masks_binary/pale_pink/20260430_113450.png,92656,2,0.7721333333333333,0,dataset/masks_binary/pink_turns_purple/20260430_113450.png,0,0,0.0,1,dataset/masks_binary/fully_ripe/20260430_113450.png,6810,1,0.056749999999999995,0,dataset/masks_binary/over_ripe/20260430_113450.png,0,0,0.0
20260430_113459,20260430_113459.jpg,test,dataset/images/20260430_113459.jpg,dataset/masks_semantic/20260430_113459.png,dataset/masks_overall/20260430_113459.png,3000,4000,19,4000,3000,6,samsung,Galaxy S24 Ultra,2026:04:30 11:34:59,3598316,3559879,8124d57b4a9a01ffdc799d8a65a9dae80ea5015afbaf71c58f2c360d824c9de8,362638b2647365e710cb382ba239302db5417b27dbccc71dddb93f0c55452312,202176,2,0,41670,105.69732666015625,53.23152160644531,676.8546752929688,126.49970245361328,4,dataset/masks_binary/green_immature/20260430_113459.png,93192,4,0.7766000000000001,1,dataset/masks_binary/pale_pink/20260430_113459.png,27008,1,0.2250666666666667,0,dataset/masks_binary/pink_turns_purple/20260430_113459.png,0,0,0.0,14,dataset/masks_binary/fully_ripe/20260430_113459.png,81978,18,0.68315,0,dataset/masks_binary/over_ripe/20260430_113459.png,0,0,0.0
20260430_113507,20260430_113507.jpg,train,dataset/images/20260430_113507.jpg,dataset/masks_semantic/20260430_113507.png,dataset/masks_overall/20260430_113507.png,3000,4000,16,4000,3000,6,samsung,Galaxy S24 Ultra,2026:04:30 11:35:07,3161966,3198169,97dffcea8eb390813ae37754711cabbf6df1e9626387ab0dac2f66a74a9a9e2a,695cc34c88f7e81955f0a132c7af4314d03067f1f7707e94920ed5e1a1fbbd88,207163,0,0,45464,107.5476303100586,47.46744918823242,659.0535278320312,130.36451721191406,10,dataset/masks_binary/green_immature/20260430_113507.png,95754,10,0.79795,0,dataset/masks_binary/pale_pink/20260430_113507.png,0,0,0.0,1,dataset/masks_binary/pink_turns_purple/20260430_113507.png,52528,1,0.4377333333333333,5,dataset/masks_binary/fully_ripe/20260430_113507.png,58881,5,0.490675,0,dataset/masks_binary/over_ripe/20260430_113507.png,0,0,0.0
20260430_113520,20260430_113520.jpg,train,dataset/images/20260430_113520.jpg,dataset/masks_semantic/20260430_113520.png,dataset/masks_overall/20260430_113520.png,3000,4000,79,4000,3000,6,samsung,Galaxy S24 Ultra,2026:04:30 11:35:20,3544478,3620432,6b8fa612a7ad4f8ccc816dd2d130fef49a1b931f9807c8a97f6f15038c837faa,76dca877d6907eb4dc673c26368c5e119e3072eccfe7e001a7890afdc4349c0f,506196,0,0,134520,107.24251556396484,57.28202438354492,1383.5843505859375,95.44198608398438,29,dataset/masks_binary/green_immature/20260430_113520.png,130409,31,1.0867416666666665,4,dataset/masks_binary/pale_pink/20260430_113520.png,52445,4,0.43704166666666666,2,dataset/masks_binary/pink_turns_purple/20260430_113520.png,25263,2,0.210525,44,dataset/masks_binary/fully_ripe/20260430_113520.png,298079,51,2.483991666666667,0,dataset/masks_binary/over_ripe/20260430_113520.png,0,0,0.0
20260430_113531,20260430_113531.jpg,train,dataset/images/20260430_113531.jpg,dataset/masks_semantic/20260430_113531.png,dataset/masks_overall/20260430_113531.png,3000,4000,18,4000,3000,6,samsung,Galaxy S24 Ultra,2026:04:30 11:35:31,3457761,3408381,6eb6c528d0b231fcdea2e4c69963fceb8bd1a6afd73d7c2a0d469c99dd7ef2ef,95eb79b9a19cd6b21607612f04ecc26bf3b2651a1ac465b84a73cc2a2b01827f,261833,0,0,52794,105.40189361572266,47.33622360229492,552.3966674804688,138.78282165527344,9,dataset/masks_binary/green_immature/20260430_113531.png,78479,9,0.6539916666666667,1,dataset/masks_binary/pale_pink/20260430_113531.png,7487,1,0.06239166666666667,2,dataset/masks_binary/pink_turns_purple/20260430_113531.png,54467,2,0.4538916666666667,6,dataset/masks_binary/fully_ripe/20260430_113531.png,121400,6,1.0116666666666667,0,dataset/masks_binary/over_ripe/20260430_113531.png,0,0,0.0
20260430_113540,20260430_113540.jpg,train,dataset/images/20260430_113540.jpg,dataset/masks_semantic/20260430_113540.png,dataset/masks_overall/20260430_113540.png,3000,4000,89,4000,3000,6,samsung,Galaxy S24 Ultra,2026:04:30 11:35:40,3985697,4102970,d0c41d5c2b41c842298dcb3c6aaf4d281c3b1d10b0b690aa2957bfec9a24240d,2df1c6ac88fa56ea5d8abaf6148c6685d2f6fdd8ea63be6e73dedec5e3fc2f7e,588134,3,0,169417,105.93819427490234,49.826786041259766,2220.25390625,140.27740478515625,61,dataset/masks_binary/green_immature/20260430_113540.png,349816,78,2.9151333333333334,0,dataset/masks_binary/pale_pink/20260430_113540.png,0,0,0.0,2,dataset/masks_binary/pink_turns_purple/20260430_113540.png,19309,2,0.16090833333333332,26,dataset/masks_binary/fully_ripe/20260430_113540.png,219012,33,1.8251,0,dataset/masks_binary/over_ripe/20260430_113540.png,0,0,0.0
20260430_113552,20260430_113552.jpg,train,dataset/images/20260430_113552.jpg,dataset/masks_semantic/20260430_113552.png,dataset/masks_overall/20260430_113552.png,3000,4000,86,4000,3000,6,samsung,Galaxy S24 Ultra,2026:04:30 11:35:52,4054843,4180403,518ce354e7fb2af98aa12bf8b0d21a821f7c86dd890c06347181526ce21c552b,f8b7dbf91a72f7da3bb75ad92ae833dccf159aa834070b8cf3f6553fac01dabd,454381,0,0,136325,111.95169830322266,50.642616271972656,2001.2646484375,132.201171875,72,dataset/masks_binary/green_immature/20260430_113552.png,352784,81,2.9398666666666666,2,dataset/masks_binary/pale_pink/20260430_113552.png,14415,2,0.12012500000000001,0,dataset/masks_binary/pink_turns_purple/20260430_113552.png,0,0,0.0,12,dataset/masks_binary/fully_ripe/20260430_113552.png,87182,12,0.7265166666666666,0,dataset/masks_binary/over_ripe/20260430_113552.png,0,0,0.0
20260430_113555,20260430_113555.jpg,train,dataset/images/20260430_113555.jpg,dataset/masks_semantic/20260430_113555.png,dataset/masks_overall/20260430_113555.png,3000,4000,143,4000,3000,6,samsung,Galaxy S24 Ultra,2026:04:30 11:35:55,3975134,4061887,ca6c949adf030ca4da20ba829f4a93c1c1faad5dfd2ce8d260920c4aeb73f574,876e8acf181e1f95382acd0b2d1f06b21e86842f7020cf942937f8db54fd91d4,357601,0,0,125728,109.05239868164062,44.69350814819336,3087.499267578125,142.5673065185547,126,dataset/masks_binary/green_immature/20260430_113555.png,291571,136,2.4297583333333335,0,dataset/masks_binary/pale_pink/20260430_113555.png,0,0,0.0,1,dataset/masks_binary/pink_turns_purple/20260430_113555.png,20900,1,0.17416666666666666,16,dataset/masks_binary/fully_ripe/20260430_113555.png,45130,16,0.3760833333333333,0,dataset/masks_binary/over_ripe/20260430_113555.png,0,0,0.0
20260430_113601,20260430_113601.jpg,train,dataset/images/20260430_113601.jpg,dataset/masks_semantic/20260430_113601.png,dataset/masks_overall/20260430_113601.png,3000,4000,12,4000,3000,6,samsung,Galaxy S24 Ultra,2026:04:30 11:36:01,3465288,3405460,2e699753c682fe2e174037e637ad56032fecc364ca8f3ee3b47f013a8c54a539,ea5f28dd840a9604dfa9810cd635fc4340db61769e6166adaf20fc7ef00d1c67,237440,0,0,36756,106.64620208740234,43.89088439941406,673.8240356445312,142.89505004882812,4,dataset/masks_binary/green_immature/20260430_113601.png,40395,4,0.336625,1,dataset/masks_binary/pale_pink/20260430_113601.png,29405,1,0.24504166666666666,0,dataset/masks_binary/pink_turns_purple/20260430_113601.png,0,0,0.0,7,dataset/masks_binary/fully_ripe/20260430_113601.png,167640,7,1.397,0,dataset/masks_binary/over_ripe/20260430_113601.png,0,0,0.0
20260430_113610,20260430_113610.jpg,test,dataset/images/20260430_113610.jpg,dataset/masks_semantic/20260430_113610.png,dataset/masks_overall/20260430_113610.png,3000,4000,30,4000,3000,6,samsung,Galaxy S24 Ultra,2026:04:30 11:36:09,3545648,3566886,0027b425294d2582aba3484ca486032d4429f6c303732226e596c5c789fb11eb,08291b218bc6cde4683767af262ea4171c270e5a1f4716510b4c8dad553961d6,478872,1,0,89154,112.8515853881836,58.97843551635742,962.8035278320312,101.24273681640625,14,dataset/masks_binary/green_immature/20260430_113610.png,128857,15,1.0738083333333335,1,dataset/masks_binary/pale_pink/20260430_113610.png,23260,1,0.19383333333333333,0,dataset/masks_binary/pink_turns_purple/20260430_113610.png,0,0,0.0,15,dataset/masks_binary/fully_ripe/20260430_113610.png,326756,17,2.7229666666666668,0,dataset/masks_binary/over_ripe/20260430_113610.png,0,0,0.0
20260430_113615,20260430_113615.jpg,train,dataset/images/20260430_113615.jpg,dataset/masks_semantic/20260430_113615.png,dataset/masks_overall/20260430_113615.png,3000,4000,20,4000,3000,6,samsung,Galaxy S24 Ultra,2026:04:30 11:36:15,3187905,3143516,dba858b454e2eaa37d2a9c94de7388184a7ffb85cde29c7956369b79fcc1531a,9ae97513328deeb256097b2ca9a70db450f69fb512943958392e1da410249fec,312748,0,0,53530,107.52310943603516,55.78353500366211,584.3640747070312,138.23692321777344,14,dataset/masks_binary/green_immature/20260430_113615.png,109472,14,0.9122666666666666,0,dataset/masks_binary/pale_pink/20260430_113615.png,0,0,0.0,1,dataset/masks_binary/pink_turns_purple/20260430_113615.png,51994,1,0.43328333333333335,5,dataset/masks_binary/fully_ripe/20260430_113615.png,151282,6,1.2606833333333334,0,dataset/masks_binary/over_ripe/20260430_113615.png,0,0,0.0
20260430_113623,20260430_113623.jpg,train,dataset/images/20260430_113623.jpg,dataset/masks_semantic/20260430_113623.png,dataset/masks_overall/20260430_113623.png,3000,4000,25,4000,3000,6,samsung,Galaxy S24 Ultra,2026:04:30 11:36:23,3507161,3520783,8479251121218d93b4f77b6a159be0a32c915e0f1cb5ea3646b5c3078805f86c,719e45f454fe01b6879e22f6824ed57307af42bddfda80f7aad74f5bf79b349d,273241,0,0,60917,112.9400634765625,51.68284606933594,1116.6788330078125,143.64271545410156,22,dataset/masks_binary/green_immature/20260430_113623.png,167146,22,1.3928833333333333,0,dataset/masks_binary/pale_pink/20260430_113623.png,0,0,0.0,2,dataset/masks_binary/pink_turns_purple/20260430_113623.png,94240,2,0.7853333333333333,1,dataset/masks_binary/fully_ripe/20260430_113623.png,11855,1,0.09879166666666667,0,dataset/masks_binary/over_ripe/20260430_113623.png,0,0,0.0
20260430_113627,20260430_113627.jpg,test,dataset/images/20260430_113627.jpg,dataset/masks_semantic/20260430_113627.png,dataset/masks_overall/20260430_113627.png,3000,4000,44,4000,3000,6,samsung,Galaxy S24 Ultra,2026:04:30 11:36:26,3393512,3363680,455cb855518970d1b192ff225b16ba7c8c269b1b413a5ad7ae5e611b00fa6280,9333a4dc4bbb7bf3bdd2e0b9b805b403ec4e918f249f4fb09334611c5538c8e0,601993,5,0,109370,105.85394287109375,56.19979476928711,851.1930541992188,118.555908203125,26,dataset/masks_binary/green_immature/20260430_113627.png,232993,29,1.9416083333333334,0,dataset/masks_binary/pale_pink/20260430_113627.png,0,0,0.0,2,dataset/masks_binary/pink_turns_purple/20260430_113627.png,6800,2,0.05666666666666667,16,dataset/masks_binary/fully_ripe/20260430_113627.png,362201,20,3.0183416666666667,0,dataset/masks_binary/over_ripe/20260430_113627.png,0,0,0.0
20260430_113639,20260430_113639.jpg,train,dataset/images/20260430_113639.jpg,dataset/masks_semantic/20260430_113639.png,dataset/masks_overall/20260430_113639.png,3000,4000,91,4000,3000,6,samsung,Galaxy S24 Ultra,2026:04:30 11:36:39,3683443,3783994,51dbf7b799f7578de3f1c61113722213d0ca56276d9cbf64e93af21da7c91279,35524fbbab0204e05e3fe1f2368561ab07e7f113fd571f7d5b697f0862aa79cc,801004,920,8305,200659,123.85958099365234,61.252864837646484,1884.4007568359375,91.71544647216797,28,dataset/masks_binary/green_immature/20260430_113639.png,132533,32,1.1044416666666665,3,dataset/masks_binary/pale_pink/20260430_113639.png,25206,3,0.21005,1,dataset/masks_binary/pink_turns_purple/20260430_113639.png,7844,1,0.06536666666666667,59,dataset/masks_binary/fully_ripe/20260430_113639.png,644640,69,5.372,0,dataset/masks_binary/over_ripe/20260430_113639.png,0,0,0.0
20260430_113648,20260430_113648.jpg,train,dataset/images/20260430_113648.jpg,dataset/masks_semantic/20260430_113648.png,dataset/masks_overall/20260430_113648.png,3000,4000,62,4000,3000,6,samsung,Galaxy S24 Ultra,2026:04:30 11:36:48,3801813,3906742,105ebfae85e0f4c3783949ef160e5c10128c620cc51dccbe5898de004dd61661,4a4f792b7a5442f7328e7db3e6324a66696935f0f8a54002f848f69257250573,593450,2,0,139417,106.90182495117188,50.409759521484375,1507.9066162109375,120.16326141357422,28,dataset/masks_binary/green_immature/20260430_113648.png,198144,29,1.6511999999999998,2,dataset/masks_binary/pale_pink/20260430_113648.png,12087,2,0.100725,4,dataset/masks_binary/pink_turns_purple/20260430_113648.png,48215,4,0.4017916666666667,28,dataset/masks_binary/fully_ripe/20260430_113648.png,335006,29,2.791716666666667,0,dataset/masks_binary/over_ripe/20260430_113648.png,0,0,0.0
20260430_113652,20260430_113652.jpg,train,dataset/images/20260430_113652.jpg,dataset/masks_semantic/20260430_113652.png,dataset/masks_overall/20260430_113652.png,3000,4000,63,4000,3000,6,samsung,Galaxy S24 Ultra,2026:04:30 11:36:52,3718415,3830556,030eada25a081b4bc8b0005858c6095ca7008c149169b1fef3310572944d387e,3e4cbb3bdf0fb73b0e1dc0bd9bcf3d586d93822e540f4d3341150eb682f09db0,339183,4,0,89356,109.5474624633789,57.869964599609375,2254.9345703125,97.53607940673828,37,dataset/masks_binary/green_immature/20260430_113652.png,76952,39,0.6412666666666667,0,dataset/masks_binary/pale_pink/20260430_113652.png,0,0,0.0,2,dataset/masks_binary/pink_turns_purple/20260430_113652.png,3765,2,0.031375,24,dataset/masks_binary/fully_ripe/20260430_113652.png,258470,25,2.153916666666667,0,dataset/masks_binary/over_ripe/20260430_113652.png,0,0,0.0
20260430_113659,20260430_113659.jpg,train,dataset/images/20260430_113659.jpg,dataset/masks_semantic/20260430_113659.png,dataset/masks_overall/20260430_113659.png,3000,4000,11,4000,3000,6,samsung,Galaxy S24 Ultra,2026:04:30 11:36:59,3319526,3236046,6a669d95242fb0b00eb12122cdb6eb376a45d848a87b96ec2486027118998d57,292727690799f9555e7eb9fc065c940353e1b58fff509a77caba9669ee2b7577,160548,2,0,26925,108.1234359741211,43.92704391479492,448.822265625,138.09959411621094,6,dataset/masks_binary/green_immature/20260430_113659.png,48183,6,0.40152499999999997,1,dataset/masks_binary/pale_pink/20260430_113659.png,11672,1,0.09726666666666667,1,dataset/masks_binary/pink_turns_purple/20260430_113659.png,69144,1,0.5761999999999999,3,dataset/masks_binary/fully_ripe/20260430_113659.png,31551,3,0.262925,0,dataset/masks_binary/over_ripe/20260430_113659.png,0,0,0.0
20260430_113708,20260430_113708.jpg,train,dataset/images/20260430_113708.jpg,dataset/masks_semantic/20260430_113708.png,dataset/masks_overall/20260430_113708.png,3000,4000,17,4000,3000,6,samsung,Galaxy S24 Ultra,2026:04:30 11:37:08,3407143,3328662,10dda51b77e6311ceee4c4034758babb589f40d59362170da38da670544c9e09,d935cdbafd5a14bb1820467aef5de7e6bd3fedc80c4c43c07be341c68f789175,397760,0,0,56790,109.644775390625,45.20547866821289,458.0828552246094,130.2771759033203,6,dataset/masks_binary/green_immature/20260430_113708.png,109958,7,0.9163166666666667,1,dataset/masks_binary/pale_pink/20260430_113708.png,35018,2,0.29181666666666667,0,dataset/masks_binary/pink_turns_purple/20260430_113708.png,0,0,0.0,10,dataset/masks_binary/fully_ripe/20260430_113708.png,252784,10,2.106533333333333,0,dataset/masks_binary/over_ripe/20260430_113708.png,0,0,0.0
20260430_113713,20260430_113713.jpg,train,dataset/images/20260430_113713.jpg,dataset/masks_semantic/20260430_113713.png,dataset/masks_overall/20260430_113713.png,3000,4000,20,4000,3000,6,samsung,Galaxy S24 Ultra,2026:04:30 11:37:13,3034038,2983182,c0a8f8525b3a76c755de643fd754060778bc94caa9d92fa9439211c0303e3b13,8076bc5ce2fd0814e1edb0c7162580cb1136ccb23fe2d145df4d527154c5d540,121299,0,0,31606,119.50030517578125,54.93585968017578,725.4926147460938,135.97532653808594,17,dataset/masks_binary/green_immature/20260430_113713.png,100593,17,0.838275,2,dataset/masks_binary/pale_pink/20260430_113713.png,18768,2,0.1564,0,dataset/masks_binary/pink_turns_purple/20260430_113713.png,0,0,0.0,1,dataset/masks_binary/fully_ripe/20260430_113713.png,1938,2,0.01615,0,dataset/masks_binary/over_ripe/20260430_113713.png,0,0,0.0
20260430_113718,20260430_113718.jpg,train,dataset/images/20260430_113718.jpg,dataset/masks_semantic/20260430_113718.png,dataset/masks_overall/20260430_113718.png,3000,4000,25,4000,3000,6,samsung,Galaxy S24 Ultra,2026:04:30 11:37:17,3658999,3665057,abc79978fd34e4c8ad0c3512905fe2760c00ddc40374f2a2fb66b333fe89903d,d74c4c6abf05d8473b5c0940ce2170459309f9bed0e1a8ae0b61d83075e022a3,517630,20,0,85518,114.20791625976562,45.690189361572266,970.7998046875,139.7081756591797,12,dataset/masks_binary/green_immature/20260430_113718.png,173729,13,1.4477416666666667,1,dataset/masks_binary/pale_pink/20260430_113718.png,35802,1,0.29835,0,dataset/masks_binary/pink_turns_purple/20260430_113718.png,0,0,0.0,11,dataset/masks_binary/fully_ripe/20260430_113718.png,285770,12,2.381416666666667,1,dataset/masks_binary/over_ripe/20260430_113718.png,22335,2,0.186125
20260430_113730,20260430_113730.jpg,test,dataset/images/20260430_113730.jpg,dataset/masks_semantic/20260430_113730.png,dataset/masks_overall/20260430_113730.png,3000,4000,51,4000,3000,6,samsung,Galaxy S24 Ultra,2026:04:30 11:37:30,3348352,3290592,fcc593aa9335598d12ab309ded0d3b48cc444b6d5ea3a5ac47e73a626eb8be5e,490aae8ed24c6bf21c491fcdff937576c30123c036fe9860015863e49c614bc5,436704,6,0,106014,108.6136703491211,54.71000671386719,687.2288208007812,115.15289306640625,34,dataset/masks_binary/green_immature/20260430_113730.png,229731,39,1.914425,2,dataset/masks_binary/pale_pink/20260430_113730.png,26586,2,0.22155,1,dataset/masks_binary/pink_turns_purple/20260430_113730.png,35439,1,0.295325,14,dataset/masks_binary/fully_ripe/20260430_113730.png,144954,15,1.20795,0,dataset/masks_binary/over_ripe/20260430_113730.png,0,0,0.0
20260430_113736,20260430_113736.jpg,train,dataset/images/20260430_113736.jpg,dataset/masks_semantic/20260430_113736.png,dataset/masks_overall/20260430_113736.png,3000,4000,44,4000,3000,6,samsung,Galaxy S24 Ultra,2026:04:30 11:37:36,4075182,4245039,de18318ac1087621a72d4ea78f82901e926f0d833bbedc86451db95a2e04b2ee,8f08eab0c19bc96b8e42bcf4b5c88d3329ecb8f486414e2bf76ddb13c4549e86,303961,0,0,84535,100.18771362304688,48.90492630004883,2272.97265625,145.49855041503906,20,dataset/masks_binary/green_immature/20260430_113736.png,63890,20,0.5324166666666666,1,dataset/masks_binary/pale_pink/20260430_113736.png,8859,1,0.073825,0,dataset/masks_binary/pink_turns_purple/20260430_113736.png,0,0,0.0,23,dataset/masks_binary/fully_ripe/20260430_113736.png,231212,27,1.9267666666666665,0,dataset/masks_binary/over_ripe/20260430_113736.png,0,0,0.0
20260430_113740,20260430_113740.jpg,test,dataset/images/20260430_113740.jpg,dataset/masks_semantic/20260430_113740.png,dataset/masks_overall/20260430_113740.png,3000,4000,38,4000,3000,6,samsung,Galaxy S24 Ultra,2026:04:30 11:37:40,3201119,3097895,b58722716ecb4f0b52df76e208a3ba5727086f66ce278545d917a02e6e06fce9,af931f0b6bbd8c6907661ba937a6ff4081f679d7a1c74703f696e26d5303b3dd,591918,23,0,104904,106.58447265625,56.90330123901367,479.2455749511719,128.28797912597656,17,dataset/masks_binary/green_immature/20260430_113740.png,163479,18,1.362325,2,dataset/masks_binary/pale_pink/20260430_113740.png,87592,2,0.7299333333333333,0,dataset/masks_binary/pink_turns_purple/20260430_113740.png,0,0,0.0,19,dataset/masks_binary/fully_ripe/20260430_113740.png,340868,26,2.8405666666666667,0,dataset/masks_binary/over_ripe/20260430_113740.png,0,0,0.0
20260430_113746,20260430_113746.jpg,train,dataset/images/20260430_113746.jpg,dataset/masks_semantic/20260430_113746.png,dataset/masks_overall/20260430_113746.png,3000,4000,34,4000,3000,6,samsung,Galaxy S24 Ultra,2026:04:30 11:37:46,3226150,3170067,8ed6648446db9481416fcb6c054068fb774171a22dc4e88ea13cc961c0175281,c3b1cdf699d37ff75e897922d3a9e45a14b7906d7146343c04f72b0d3b48c9a8,732854,8,0,104327,108.8633804321289,56.941410064697266,571.5933227539062,122.3434829711914,21,dataset/masks_binary/green_immature/20260430_113746.png,336063,21,2.800525,0,dataset/masks_binary/pale_pink/20260430_113746.png,0,0,0.0,4,dataset/masks_binary/pink_turns_purple/20260430_113746.png,145204,4,1.2100333333333333,9,dataset/masks_binary/fully_ripe/20260430_113746.png,251595,9,2.096625,0,dataset/masks_binary/over_ripe/20260430_113746.png,0,0,0.0
20260430_113756,20260430_113756.jpg,val,dataset/images/20260430_113756.jpg,dataset/masks_semantic/20260430_113756.png,dataset/masks_overall/20260430_113756.png,3000,4000,60,4000,3000,6,samsung,Galaxy S24 Ultra,2026:04:30 11:37:56,3705096,3808449,fe8879ce0e82396324decaefd4be335f131e0aeeedb65ba3b0131c0c8b2558aa,a1e0632fb4c6d9087514855c3f4936fb344dbaddd924b2950f20dff146a157ef,670298,8,0,141110,95.96903228759766,43.9268684387207,1569.1612548828125,140.7123260498047,51,dataset/masks_binary/green_immature/20260430_113756.png,514203,53,4.285025,1,dataset/masks_binary/pale_pink/20260430_113756.png,18384,1,0.1532,0,dataset/masks_binary/pink_turns_purple/20260430_113756.png,0,0,0.0,8,dataset/masks_binary/fully_ripe/20260430_113756.png,137719,10,1.1476583333333334,0,dataset/masks_binary/over_ripe/20260430_113756.png,0,0,0.0
20260430_113803,20260430_113803.jpg,train,dataset/images/20260430_113803.jpg,dataset/masks_semantic/20260430_113803.png,dataset/masks_overall/20260430_113803.png,3000,4000,37,4000,3000,6,samsung,Galaxy S24 Ultra,2026:04:30 11:38:03,3541653,3546560,cf2d24a4efed774ad5bf748a32ac6ca882266a12e5cbadfc26f44484e177d39d,f194d06911c63e1e31c8eb75626a33380de6347d8328e61fc44f1c8cb96932cd,801874,0,0,118158,111.46588897705078,48.83323287963867,875.3682250976562,137.0826416015625,27,dataset/masks_binary/green_immature/20260430_113803.png,451148,29,3.7595666666666667,1,dataset/masks_binary/pale_pink/20260430_113803.png,47270,1,0.39391666666666664,0,dataset/masks_binary/pink_turns_purple/20260430_113803.png,0,0,0.0,9,dataset/masks_binary/fully_ripe/20260430_113803.png,303456,9,2.5288,0,dataset/masks_binary/over_ripe/20260430_113803.png,0,0,0.0
20260430_113810,20260430_113810.jpg,train,dataset/images/20260430_113810.jpg,dataset/masks_semantic/20260430_113810.png,dataset/masks_overall/20260430_113810.png,3000,4000,44,4000,3000,6,samsung,Galaxy S24 Ultra,2026:04:30 11:38:10,3561093,3598813,4fdd9a382c2a91c1d700e73c553fef178a67f8df2680382ea588e76c16dfeafb,b191952a900c09f1f6eab0234d2c0937f783ca5c6a96c64bd5e999ed328bb8b3,423685,1,0,100134,111.8205337524414,52.59202194213867,1323.0257568359375,117.72899627685547,25,dataset/masks_binary/green_immature/20260430_113810.png,145139,28,1.2094916666666666,6,dataset/masks_binary/pale_pink/20260430_113810.png,111821,7,0.9318416666666666,2,dataset/masks_binary/pink_turns_purple/20260430_113810.png,8666,2,0.07221666666666667,11,dataset/masks_binary/fully_ripe/20260430_113810.png,158060,12,1.3171666666666666,0,dataset/masks_binary/over_ripe/20260430_113810.png,0,0,0.0
20260430_113818,20260430_113818.jpg,train,dataset/images/20260430_113818.jpg,dataset/masks_semantic/20260430_113818.png,dataset/masks_overall/20260430_113818.png,3000,4000,33,4000,3000,6,samsung,Galaxy S24 Ultra,2026:04:30 11:38:18,3752577,3849585,b98da4c631ea6626d0dbb76d9f586fe1540b727903466b5fabc59c66807b139b,94901678a87f3e40bc9798e4431a51b41458a14d3f3abb1a9c6c643aaf886469,213866,0,0,63580,103.13592529296875,49.68574523925781,1629.7154541015625,142.5552520751953,29,dataset/masks_binary/green_immature/20260430_113818.png,159167,33,1.3263916666666666,2,dataset/masks_binary/pale_pink/20260430_113818.png,30325,3,0.25270833333333337,0,dataset/masks_binary/pink_turns_purple/20260430_113818.png,0,0,0.0,2,dataset/masks_binary/fully_ripe/20260430_113818.png,24374,3,0.20311666666666667,0,dataset/masks_binary/over_ripe/20260430_113818.png,0,0,0.0
20260430_113824,20260430_113824.jpg,train,dataset/images/20260430_113824.jpg,dataset/masks_semantic/20260430_113824.png,dataset/masks_overall/20260430_113824.png,3000,4000,40,4000,3000,6,samsung,Galaxy S24 Ultra,2026:04:30 11:38:24,3664521,3721031,deefde8cc2f09a916839077faaadd57f53682c7d3b4859b2356aa22a6cd8bd43,9963f90e29798ef41877e537447cdc544487e469f570a743e29e9ee9c46adfef,237069,0,0,64937,108.2748794555664,47.9432373046875,1251.9345703125,134.2939453125,32,dataset/masks_binary/green_immature/20260430_113824.png,129433,32,1.0786083333333334,2,dataset/masks_binary/pale_pink/20260430_113824.png,59909,2,0.4992416666666667,0,dataset/masks_binary/pink_turns_purple/20260430_113824.png,0,0,0.0,6,dataset/masks_binary/fully_ripe/20260430_113824.png,47727,8,0.397725,0,dataset/masks_binary/over_ripe/20260430_113824.png,0,0,0.0
20260430_113830,20260430_113830.jpg,train,dataset/images/20260430_113830.jpg,dataset/masks_semantic/20260430_113830.png,dataset/masks_overall/20260430_113830.png,3000,4000,78,4000,3000,6,samsung,Galaxy S24 Ultra,2026:04:30 11:38:30,3951229,4083609,b81e4ad60000d3f2abe5c11404acca19edbf2fadc5b8c34b068245cc61959015,e4dfc2219c3bfad3541236ea4cd45a5d016f8d7647ce0e1a75e3383db8ba98a3,406054,0,0,124565,101.33770751953125,45.77693176269531,1953.8197021484375,134.74847412109375,34,dataset/masks_binary/green_immature/20260430_113830.png,112932,36,0.9410999999999999,2,dataset/masks_binary/pale_pink/20260430_113830.png,627,2,0.0052250000000000005,1,dataset/masks_binary/pink_turns_purple/20260430_113830.png,7216,1,0.06013333333333334,40,dataset/masks_binary/fully_ripe/20260430_113830.png,282433,45,2.3536083333333333,1,dataset/masks_binary/over_ripe/20260430_113830.png,2846,1,0.023716666666666667
20260430_113836,20260430_113836.jpg,val,dataset/images/20260430_113836.jpg,dataset/masks_semantic/20260430_113836.png,dataset/masks_overall/20260430_113836.png,3000,4000,30,4000,3000,6,samsung,Galaxy S24 Ultra,2026:04:30 11:38:36,3437231,3469184,b504a9456599532dd03424191dc41fe75da04db1d382db69f0adc264504f3b57,d252de221308f81b3ef650e90e9e405b86809f222da15a5c95b787709575c964,177318,0,0,52683,117.16332244873047,52.868896484375,805.8820190429688,99.26363372802734,17,dataset/masks_binary/green_immature/20260430_113836.png,59894,21,0.49911666666666665,1,dataset/masks_binary/pale_pink/20260430_113836.png,853,2,0.007108333333333333,0,dataset/masks_binary/pink_turns_purple/20260430_113836.png,0,0,0.0,12,dataset/masks_binary/fully_ripe/20260430_113836.png,116571,14,0.9714250000000001,0,dataset/masks_binary/over_ripe/20260430_113836.png,0,0,0.0
20260430_113842,20260430_113842.jpg,train,dataset/images/20260430_113842.jpg,dataset/masks_semantic/20260430_113842.png,dataset/masks_overall/20260430_113842.png,3000,4000,4,4000,3000,6,samsung,Galaxy S24 Ultra,2026:04:30 11:38:42,3383248,3303332,b632bb3a4fa2d98ecfc8277d13ff834ff042df913e8fba120f6240a24449121e,405be28d744a06ba487a21b71d5858f14eb427debd3f5e0d1b09fddeaabb7e29,160236,12,0,15550,125.2000503540039,49.389068603515625,472.983642578125,141.71104431152344,2,dataset/masks_binary/green_immature/20260430_113842.png,15751,2,0.13125833333333334,1,dataset/masks_binary/pale_pink/20260430_113842.png,49942,1,0.41618333333333335,0,dataset/masks_binary/pink_turns_purple/20260430_113842.png,0,0,0.0,1,dataset/masks_binary/fully_ripe/20260430_113842.png,94555,1,0.7879583333333334,0,dataset/masks_binary/over_ripe/20260430_113842.png,0,0,0.0
20260430_113846,20260430_113846.jpg,val,dataset/images/20260430_113846.jpg,dataset/masks_semantic/20260430_113846.png,dataset/masks_overall/20260430_113846.png,3000,4000,11,4000,3000,6,samsung,Galaxy S24 Ultra,2026:04:30 11:38:46,3342162,3291882,07f25b5d75bf7f98aa5900d95b86e88d7140d1fae1565d99f9e84a58dd05f8c4,e51e7172fef7e3110df19dcf81f390685f01a78cf0b00755a7cc13eea3999e30,237286,0,0,38032,122.5643081665039,51.28836441040039,521.3764038085938,142.6712188720703,6,dataset/masks_binary/green_immature/20260430_113846.png,72452,6,0.6037666666666667,1,dataset/masks_binary/pale_pink/20260430_113846.png,35077,1,0.29230833333333334,0,dataset/masks_binary/pink_turns_purple/20260430_113846.png,0,0,0.0,4,dataset/masks_binary/fully_ripe/20260430_113846.png,129757,5,1.0813083333333333,0,dataset/masks_binary/over_ripe/20260430_113846.png,0,0,0.0
20260430_113849,20260430_113849.jpg,train,dataset/images/20260430_113849.jpg,dataset/masks_semantic/20260430_113849.png,dataset/masks_overall/20260430_113849.png,3000,4000,23,4000,3000,6,samsung,Galaxy S24 Ultra,2026:04:30 11:38:49,3116394,3039841,4e676238d9d049832045d14e039a12b42b3c03530b249c1538bbd8a2d7526eca,54c0a1efe67a946c646b65f180be1298b7e64b144c50cd70eba637243eb3ec16,414340,0,0,67426,108.5591049194336,60.09516143798828,605.8566284179688,119.2699966430664,19,dataset/masks_binary/green_immature/20260430_113849.png,268983,19,2.241525,0,dataset/masks_binary/pale_pink/20260430_113849.png,0,0,0.0,2,dataset/masks_binary/pink_turns_purple/20260430_113849.png,49586,2,0.4132166666666667,2,dataset/masks_binary/fully_ripe/20260430_113849.png,95771,2,0.7980916666666668,0,dataset/masks_binary/over_ripe/20260430_113849.png,0,0,0.0
20260430_113855,20260430_113855.jpg,train,dataset/images/20260430_113855.jpg,dataset/masks_semantic/20260430_113855.png,dataset/masks_overall/20260430_113855.png,3000,4000,12,4000,3000,6,samsung,Galaxy S24 Ultra,2026:04:30 11:38:55,3490126,3492715,6762e86341b00ab423635d3447cd42f3367292671c8cc4637cbaf9c7483a9f1b,60e4d50a85b7c654c1c79a296be51a8a808e7494c5eb3d1348a159a3b49af248,213095,1,0,34230,109.24163818359375,59.18476486206055,790.037353515625,92.80257415771484,4,dataset/masks_binary/green_immature/20260430_113855.png,69012,4,0.5751000000000001,0,dataset/masks_binary/pale_pink/20260430_113855.png,0,0,0.0,0,dataset/masks_binary/pink_turns_purple/20260430_113855.png,0,0,0.0,8,dataset/masks_binary/fully_ripe/20260430_113855.png,144084,8,1.2007,0,dataset/masks_binary/over_ripe/20260430_113855.png,0,0,0.0
20260430_113902,20260430_113902.jpg,train,dataset/images/20260430_113902.jpg,dataset/masks_semantic/20260430_113902.png,dataset/masks_overall/20260430_113902.png,3000,4000,9,4000,3000,6,samsung,Galaxy S24 Ultra,2026:04:30 11:39:02,3073050,2920974,be478ad27871d0bde66c9061e55dd13a579d87278d869f65df0822f45277158b,ed7a32edffe8875fa89abffe6a87579171360aedcc5669360bb8d08570f3aacb,262338,0,0,35282,122.27777099609375,52.100730895996094,299.3635559082031,103.77490234375,3,dataset/masks_binary/green_immature/20260430_113902.png,41359,3,0.34465833333333334,0,dataset/masks_binary/pale_pink/20260430_113902.png,0,0,0.0,2,dataset/masks_binary/pink_turns_purple/20260430_113902.png,73403,2,0.6116916666666666,4,dataset/masks_binary/fully_ripe/20260430_113902.png,147576,4,1.2298,0,dataset/masks_binary/over_ripe/20260430_113902.png,0,0,0.0
20260430_113919,20260430_113919.jpg,train,dataset/images/20260430_113919.jpg,dataset/masks_semantic/20260430_113919.png,dataset/masks_overall/20260430_113919.png,3000,4000,92,4000,3000,6,samsung,Galaxy S24 Ultra,2026:04:30 11:39:18,4050057,4195038,6aa0cacaedf7363e61c598114880269cd03ae154b9f5c13624361ac1469ad3ca,d72546dbdac21dafc4eeb4b5be42514ddb4498f6b7348fd5e6f70cf8a8979cc3,524999,15,0,138993,110.41229248046875,53.36505889892578,1964.6605224609375,142.17333984375,52,dataset/masks_binary/green_immature/20260430_113919.png,230240,55,1.9186666666666667,2,dataset/masks_binary/pale_pink/20260430_113919.png,25477,2,0.21230833333333332,0,dataset/masks_binary/pink_turns_purple/20260430_113919.png,0,0,0.0,36,dataset/masks_binary/fully_ripe/20260430_113919.png,244620,37,2.0385,2,dataset/masks_binary/over_ripe/20260430_113919.png,24673,2,0.20560833333333334
20260430_113927,20260430_113927.jpg,test,dataset/images/20260430_113927.jpg,dataset/masks_semantic/20260430_113927.png,dataset/masks_overall/20260430_113927.png,3000,4000,29,4000,3000,6,samsung,Galaxy S24 Ultra,2026:04:30 11:39:27,3324958,3289087,a5db43146155e3f4e80b779b9ffde3dcf80fda17f52a2e4c5f766003493ab9a2,98006080e7e4beb0731807558a4217e1297638546691bd2a7198df6cf3e42579,188327,0,0,52838,112.07367706298828,57.44903564453125,685.3445434570312,103.36139678955078,16,dataset/masks_binary/green_immature/20260430_113927.png,81540,16,0.6795,0,dataset/masks_binary/pale_pink/20260430_113927.png,0,0,0.0,2,dataset/masks_binary/pink_turns_purple/20260430_113927.png,16386,2,0.13655,10,dataset/masks_binary/fully_ripe/20260430_113927.png,83650,10,0.6970833333333333,1,dataset/masks_binary/over_ripe/20260430_113927.png,6751,1,0.056258333333333334
20260430_113931,20260430_113931.jpg,train,dataset/images/20260430_113931.jpg,dataset/masks_semantic/20260430_113931.png,dataset/masks_overall/20260430_113931.png,3000,4000,16,4000,3000,6,samsung,Galaxy S24 Ultra,2026:04:30 11:39:31,3654918,3718192,e4a6fd8a2567f7afc6b0b439a3d95c52f1635b23ea757c57ae7f9aab4a7b844a,16bddc12d86b6e6b2ba9048dc5d67ecd129a4c8a1bedeb40c359071ed12df8f4,253105,0,0,49196,105.96724700927734,58.08194351196289,1226.0955810546875,109.8798828125,12,dataset/masks_binary/green_immature/20260430_113931.png,190805,13,1.5900416666666666,1,dataset/masks_binary/pale_pink/20260430_113931.png,30749,1,0.2562416666666667,1,dataset/masks_binary/pink_turns_purple/20260430_113931.png,14989,2,0.12490833333333334,2,dataset/masks_binary/fully_ripe/20260430_113931.png,16562,2,0.13801666666666668,0,dataset/masks_binary/over_ripe/20260430_113931.png,0,0,0.0
20260430_113937,20260430_113937.jpg,train,dataset/images/20260430_113937.jpg,dataset/masks_semantic/20260430_113937.png,dataset/masks_overall/20260430_113937.png,3000,4000,11,4000,3000,6,samsung,Galaxy S24 Ultra,2026:04:30 11:39:37,3373010,3304691,f6da0f12b4c85c48534e193a5aa4d0778aa46d1925dd25388f91346ac58a4df6,b15623094a9aad151c3828286a88868709ff1879ff48c096e782aeed57f5e0b3,303090,1,0,45402,102.8685531616211,58.047462463378906,545.9979248046875,112.74356842041016,4,dataset/masks_binary/green_immature/20260430_113937.png,83850,4,0.69875,2,dataset/masks_binary/pale_pink/20260430_113937.png,92284,2,0.7690333333333333,0,dataset/masks_binary/pink_turns_purple/20260430_113937.png,0,0,0.0,5,dataset/masks_binary/fully_ripe/20260430_113937.png,126957,6,1.057975,0,dataset/masks_binary/over_ripe/20260430_113937.png,0,0,0.0
20260430_113945,20260430_113945.jpg,train,dataset/images/20260430_113945.jpg,dataset/masks_semantic/20260430_113945.png,dataset/masks_overall/20260430_113945.png,3000,4000,85,4000,3000,6,samsung,Galaxy S24 Ultra,2026:04:30 11:39:45,4294873,4446219,d18b70596f44e6af489c9ea1a36005ea98052c6e035b06b40fa5553f8d96a3b2,3718cd85e59f8f5d9f8b0a8c5e8f28b1decee17d01f2f1cf966078d4d8b8eca7,321550,2,0,104012,102.76824951171875,60.79023361206055,3370.479248046875,113.3948974609375,55,dataset/masks_binary/green_immature/20260430_113945.png,114295,56,0.9524583333333333,2,dataset/masks_binary/pale_pink/20260430_113945.png,15356,2,0.12796666666666665,3,dataset/masks_binary/pink_turns_purple/20260430_113945.png,9877,3,0.08230833333333333,25,dataset/masks_binary/fully_ripe/20260430_113945.png,182024,26,1.5168666666666668,0,dataset/masks_binary/over_ripe/20260430_113945.png,0,0,0.0
20260430_114008,20260430_114008.jpg,train,dataset/images/20260430_114008.jpg,dataset/masks_semantic/20260430_114008.png,dataset/masks_overall/20260430_114008.png,3000,4000,34,4000,3000,6,samsung,Galaxy S24 Ultra,2026:04:30 11:40:08,3928819,3995685,e2ac7eb2ea367d7be7197757d5e651d0e30d44d912929cb896a2bbc74979e13b,bcf7ab169fc3c81748ebf8ab4fd181ea601f00579789fea92512aef21bede507,337886,2,0,80164,115.28646087646484,55.0913200378418,1079.0325927734375,143.17242431640625,16,dataset/masks_binary/green_immature/20260430_114008.png,146707,19,1.2225583333333334,4,dataset/masks_binary/pale_pink/20260430_114008.png,66789,5,0.556575,1,dataset/masks_binary/pink_turns_purple/20260430_114008.png,25308,1,0.21090000000000003,13,dataset/masks_binary/fully_ripe/20260430_114008.png,99084,17,0.8257000000000001,0,dataset/masks_binary/over_ripe/20260430_114008.png,0,0,0.0
20260430_114013,20260430_114013.jpg,val,dataset/images/20260430_114013.jpg,dataset/masks_semantic/20260430_114013.png,dataset/masks_overall/20260430_114013.png,3000,4000,8,4000,3000,6,samsung,Galaxy S24 Ultra,2026:04:30 11:40:13,3237591,3174613,1ccc142fd86f3c2478079df1ea0ee6374c8537c80d35bfd54506a8c7713a65ce,dad5674384c55f0c6c2ba8a183875133b688b8699a63390960826efef864b12c,84344,0,0,16313,118.70382690429688,55.93750762939453,615.2885131835938,107.1611557006836,7,dataset/masks_binary/green_immature/20260430_114013.png,52598,7,0.43831666666666663,1,dataset/masks_binary/pale_pink/20260430_114013.png,31746,1,0.26455,0,dataset/masks_binary/pink_turns_purple/20260430_114013.png,0,0,0.0,0,dataset/masks_binary/fully_ripe/20260430_114013.png,0,0,0.0,0,dataset/masks_binary/over_ripe/20260430_114013.png,0,0,0.0
20260430_114028,20260430_114028.jpg,train,dataset/images/20260430_114028.jpg,dataset/masks_semantic/20260430_114028.png,dataset/masks_overall/20260430_114028.png,3000,4000,40,4000,3000,6,samsung,Galaxy S24 Ultra,2026:04:30 11:40:28,3714476,3753711,c689bfc48d934983bfdeda389742002ab3ed234201f07547bdae9338ceb2577f,6b15fba25eddb3e39325089b329ee1dc2c5597f4835b3b92ba53a21597af05dd,507814,5,0,102175,119.33321380615234,47.35611343383789,1124.0380859375,155.4988555908203,21,dataset/masks_binary/green_immature/20260430_114028.png,235614,21,1.96345,3,dataset/masks_binary/pale_pink/20260430_114028.png,39627,3,0.330225,1,dataset/masks_binary/pink_turns_purple/20260430_114028.png,6667,1,0.05555833333333334,15,dataset/masks_binary/fully_ripe/20260430_114028.png,225911,16,1.8825916666666669,0,dataset/masks_binary/over_ripe/20260430_114028.png,0,0,0.0
20260430_114048,20260430_114048.jpg,train,dataset/images/20260430_114048.jpg,dataset/masks_semantic/20260430_114048.png,dataset/masks_overall/20260430_114048.png,3000,4000,24,4000,3000,6,samsung,Galaxy S24 Ultra,2026:04:30 11:40:48,4039086,4107773,00ae758d50349ecd0803253da14daec77de8d7718bf2eecee4a742b9ad1cb056,dd352ac8f8b6b78384f4fb40274827f97ad57cf216896818cee95ae1c94bf4c1,202185,0,0,48885,120.5364990234375,48.94171142578125,1365.3538818359375,130.86766052246094,18,dataset/masks_binary/green_immature/20260430_114048.png,136266,18,1.1355499999999998,1,dataset/masks_binary/pale_pink/20260430_114048.png,17380,1,0.14483333333333334,1,dataset/masks_binary/pink_turns_purple/20260430_114048.png,6181,1,0.05150833333333333,4,dataset/masks_binary/fully_ripe/20260430_114048.png,42358,4,0.3529833333333333,0,dataset/masks_binary/over_ripe/20260430_114048.png,0,0,0.0
20260430_114051,20260430_114051.jpg,train,dataset/images/20260430_114051.jpg,dataset/masks_semantic/20260430_114051.png,dataset/masks_overall/20260430_114051.png,3000,4000,26,4000,3000,6,samsung,Galaxy S24 Ultra,2026:04:30 11:40:51,3247714,3236760,07afa5f7742733ba441f300b66a8767f958ca4692afc43c15ec31bbae36de126,3be596849f297f3fb2eec007f7d5594c6e4e48384dc8c0438e6578f959d8ee7a,276199,10,0,59980,101.8700942993164,53.54769515991211,870.533203125,101.15731048583984,16,dataset/masks_binary/green_immature/20260430_114051.png,125282,16,1.0440166666666668,4,dataset/masks_binary/pale_pink/20260430_114051.png,70594,4,0.5882833333333334,2,dataset/masks_binary/pink_turns_purple/20260430_114051.png,22329,2,0.186075,4,dataset/masks_binary/fully_ripe/20260430_114051.png,58004,4,0.48336666666666667,0,dataset/masks_binary/over_ripe/20260430_114051.png,0,0,0.0
20260430_114058,20260430_114058.jpg,test,dataset/images/20260430_114058.jpg,dataset/masks_semantic/20260430_114058.png,dataset/masks_overall/20260430_114058.png,3000,4000,47,4000,3000,6,samsung,Galaxy S24 Ultra,2026:04:30 11:40:58,3968503,4119193,e6545bf416bfc6de2ed52c6a045125d422cd608e1ec97337e7a9e7e4509c8134,71d38f48512f70f28db77a02f3c42799a33c54685dd34c95036a40da9c632771,256925,1,0,74096,108.4760971069336,50.1899299621582,1868.0677490234375,136.73440551757812,40,dataset/masks_binary/green_immature/20260430_114058.png,190430,40,1.5869166666666668,1,dataset/masks_binary/pale_pink/20260430_114058.png,2735,1,0.022791666666666665,1,dataset/masks_binary/pink_turns_purple/20260430_114058.png,19121,1,0.15934166666666666,5,dataset/masks_binary/fully_ripe/20260430_114058.png,44640,5,0.372,0,dataset/masks_binary/over_ripe/20260430_114058.png,0,0,0.0
20260430_114103,20260430_114103.jpg,val,dataset/images/20260430_114103.jpg,dataset/masks_semantic/20260430_114103.png,dataset/masks_overall/20260430_114103.png,3000,4000,84,4000,3000,6,samsung,Galaxy S24 Ultra,2026:04:30 11:41:03,3719279,3830945,93f70ca7265ca466fe19623cbaaa08aa2f8cd345bd549a9397cc94f16a37f209,bcf7d64c782816edc15dd93b81dab20469116933a15f90dc6897b9b204e1eef0,472480,5,0,134950,110.7376937866211,61.255802154541016,1592.8460693359375,97.2264633178711,53,dataset/masks_binary/green_immature/20260430_114103.png,199072,54,1.6589333333333334,0,dataset/masks_binary/pale_pink/20260430_114103.png,0,0,0.0,0,dataset/masks_binary/pink_turns_purple/20260430_114103.png,0,0,0.0,31,dataset/masks_binary/fully_ripe/20260430_114103.png,273413,32,2.2784416666666667,0,dataset/masks_binary/over_ripe/20260430_114103.png,0,0,0.0
20260430_114106,20260430_114106.jpg,train,dataset/images/20260430_114106.jpg,dataset/masks_semantic/20260430_114106.png,dataset/masks_overall/20260430_114106.png,3000,4000,12,4000,3000,6,samsung,Galaxy S24 Ultra,2026:04:30 11:41:06,3485857,3525199,78acbd787c49df6440fa2f30914c6056cadfad7002809931b42b576dea03a309,53ab0d61ef732a721f33a5f0811660f747088d5c60634a7e9bd9587b4e2e9ec9,162969,0,0,33928,107.63411712646484,54.963294982910156,1192.4635009765625,141.0521240234375,5,dataset/masks_binary/green_immature/20260430_114106.png,24802,6,0.20668333333333333,1,dataset/masks_binary/pale_pink/20260430_114106.png,22773,1,0.189775,2,dataset/masks_binary/pink_turns_purple/20260430_114106.png,28824,3,0.2402,4,dataset/masks_binary/fully_ripe/20260430_114106.png,86570,4,0.7214166666666666,0,dataset/masks_binary/over_ripe/20260430_114106.png,0,0,0.0
20260430_114113,20260430_114113.jpg,train,dataset/images/20260430_114113.jpg,dataset/masks_semantic/20260430_114113.png,dataset/masks_overall/20260430_114113.png,3000,4000,34,4000,3000,6,samsung,Galaxy S24 Ultra,2026:04:30 11:41:13,3675283,3758296,4863f68b343193ead462c344723fd136a562d9d46ebc4e74a27240110477ced7,4d643542bd4bb68744dd5d51e1eeba01a42ad6afbc6c24c23096d23849632edd,532927,0,5318,86717,101.19341278076172,60.87860107421875,2440.931396484375,93.98075103759766,15,dataset/masks_binary/green_immature/20260430_114113.png,186583,15,1.5548583333333332,0,dataset/masks_binary/pale_pink/20260430_114113.png,0,0,0.0,6,dataset/masks_binary/pink_turns_purple/20260430_114113.png,194930,6,1.6244166666666666,13,dataset/masks_binary/fully_ripe/20260430_114113.png,156732,13,1.3061,0,dataset/masks_binary/over_ripe/20260430_114113.png,0,0,0.0
20260430_114124,20260430_114124.jpg,train,dataset/images/20260430_114124.jpg,dataset/masks_semantic/20260430_114124.png,dataset/masks_overall/20260430_114124.png,3000,4000,80,4000,3000,6,samsung,Galaxy S24 Ultra,2026:04:30 11:41:24,3492982,3488930,22a426b77c102fbfc98ba1ab8d3866a9e7d417682069d699805c073ce6bfdff5,557a39b7adf4da5d588e9bcf32593ec659e718ab7ff7d6c418d867daab88f838,1224358,8,0,219300,103.55419921875,56.22907638549805,904.1608276367188,115.22718048095703,62,dataset/masks_binary/green_immature/20260430_114124.png,816397,65,6.803308333333333,3,dataset/masks_binary/pale_pink/20260430_114124.png,38857,3,0.3238083333333333,1,dataset/masks_binary/pink_turns_purple/20260430_114124.png,40121,1,0.3343416666666667,14,dataset/masks_binary/fully_ripe/20260430_114124.png,328991,14,2.741591666666667,0,dataset/masks_binary/over_ripe/20260430_114124.png,0,0,0.0
20260430_114129,20260430_114129.jpg,train,dataset/images/20260430_114129.jpg,dataset/masks_semantic/20260430_114129.png,dataset/masks_overall/20260430_114129.png,3000,4000,21,4000,3000,6,samsung,Galaxy S24 Ultra,2026:04:30 11:41:29,3947261,3945208,35964095928b109f3fe9f6ef37f0ffa06db4ef1ec5f4ef3507a2153aebeb5cb5,ec13f8cbbb6b7e036fe1ee606fa97d1b489d5dbbac4edae650a28d3c7437f6ac,461893,0,0,69984,117.45028686523438,48.27230453491211,943.5403442382812,143.1768341064453,15,dataset/masks_binary/green_immature/20260430_114129.png,180106,15,1.5008833333333333,2,dataset/masks_binary/pale_pink/20260430_114129.png,90801,2,0.756675,1,dataset/masks_binary/pink_turns_purple/20260430_114129.png,24947,1,0.2078916666666667,3,dataset/masks_binary/fully_ripe/20260430_114129.png,166039,3,1.3836583333333332,0,dataset/masks_binary/over_ripe/20260430_114129.png,0,0,0.0
20260430_114143,20260430_114143.jpg,train,dataset/images/20260430_114143.jpg,dataset/masks_semantic/20260430_114143.png,dataset/masks_overall/20260430_114143.png,3000,4000,35,4000,3000,6,samsung,Galaxy S24 Ultra,2026:04:30 11:41:43,3777219,3885864,7f88f660c49facbd48d0140065adab5bb68aa3dcc292297cf074ffca77f111b0,d47ea43c3782fd9cf2c649ba3d51383d7efc1e0a8630001e1425fc3b372369e3,401958,2,0,86205,98.07662963867188,51.4933967590332,1740.60205078125,118.84915924072266,20,dataset/masks_binary/green_immature/20260430_114143.png,175621,20,1.4635083333333334,0,dataset/masks_binary/pale_pink/20260430_114143.png,0,0,0.0,1,dataset/masks_binary/pink_turns_purple/20260430_114143.png,4844,4,0.04036666666666666,14,dataset/masks_binary/fully_ripe/20260430_114143.png,221495,24,1.8457916666666667,0,dataset/masks_binary/over_ripe/20260430_114143.png,0,0,0.0
20260430_114149,20260430_114149.jpg,val,dataset/images/20260430_114149.jpg,dataset/masks_semantic/20260430_114149.png,dataset/masks_overall/20260430_114149.png,3000,4000,80,4000,3000,6,samsung,Galaxy S24 Ultra,2026:04:30 11:41:49,3686590,3750150,12951f337d57fd4a1d46ba04c12f68dc9fb6775300b9b381d825f068c93259ea,8ecf08d75109bb92568d7ad5cd06c44b4fa36cb79b2d9bc9b32b9fe192382293,970692,9,0,194753,108.4503173828125,61.30449295043945,1192.85107421875,105.0254898071289,48,dataset/masks_binary/green_immature/20260430_114149.png,417296,51,3.477466666666667,1,dataset/masks_binary/pale_pink/20260430_114149.png,27566,1,0.22971666666666665,3,dataset/masks_binary/pink_turns_purple/20260430_114149.png,58109,4,0.4842416666666667,28,dataset/masks_binary/fully_ripe/20260430_114149.png,467730,28,3.89775,0,dataset/masks_binary/over_ripe/20260430_114149.png,0,0,0.0
20260430_114200,20260430_114200.jpg,train,dataset/images/20260430_114200.jpg,dataset/masks_semantic/20260430_114200.png,dataset/masks_overall/20260430_114200.png,3000,4000,38,4000,3000,6,samsung,Galaxy S24 Ultra,2026:04:30 11:42:00,3305887,3306828,c29319796148cea5da187678a4efb878024468eb59fb773de097879fd56a538b,657f1c242f662e8251848043360499f0727e0d986c78e256196252f5ae4df4c7,287833,1,0,64623,110.4011459350586,60.15937042236328,1149.95703125,95.3016128540039,26,dataset/masks_binary/green_immature/20260430_114200.png,141215,28,1.1767916666666667,0,dataset/masks_binary/pale_pink/20260430_114200.png,0,0,0.0,9,dataset/masks_binary/pink_turns_purple/20260430_114200.png,114759,12,0.9563250000000001,3,dataset/masks_binary/fully_ripe/20260430_114200.png,31860,3,0.26549999999999996,0,dataset/masks_binary/over_ripe/20260430_114200.png,0,0,0.0
20260430_114206,20260430_114206.jpg,train,dataset/images/20260430_114206.jpg,dataset/masks_semantic/20260430_114206.png,dataset/masks_overall/20260430_114206.png,3000,4000,11,4000,3000,6,samsung,Galaxy S24 Ultra,2026:04:30 11:42:06,3711871,3698267,cc334446d9604cc870acb3aa072e0cf57426efbdf832cefeb8957a6ff66af85a,e9211d7073d06cc8c556f871617867a709da1c26578743f214b38e3893f7f5a3,390200,3,0,48979,104.5390625,49.43845748901367,786.9430541992188,160.45965576171875,3,dataset/masks_binary/green_immature/20260430_114206.png,60150,3,0.50125,1,dataset/masks_binary/pale_pink/20260430_114206.png,41307,1,0.344225,0,dataset/masks_binary/pink_turns_purple/20260430_114206.png,0,0,0.0,6,dataset/masks_binary/fully_ripe/20260430_114206.png,240059,6,2.0004916666666666,1,dataset/masks_binary/over_ripe/20260430_114206.png,48687,1,0.405725
20260430_114222,20260430_114222.jpg,train,dataset/images/20260430_114222.jpg,dataset/masks_semantic/20260430_114222.png,dataset/masks_overall/20260430_114222.png,3000,4000,69,4000,3000,6,samsung,Galaxy S24 Ultra,2026:04:30 11:42:22,3443461,3446753,6c3d217c8085e44ba2ddc8e48a9ca93ea851644e3a4c167db74b09c5544bee32,d003c5ecce6a6bd5766e5227115692e05172bd91831d6e72e456d81266fcf857,470386,0,0,118461,120.47378540039062,60.770442962646484,958.2903442382812,78.07660675048828,44,dataset/masks_binary/green_immature/20260430_114222.png,261820,47,2.181833333333333,0,dataset/masks_binary/pale_pink/20260430_114222.png,0,0,0.0,2,dataset/masks_binary/pink_turns_purple/20260430_114222.png,50216,2,0.41846666666666665,23,dataset/masks_binary/fully_ripe/20260430_114222.png,158350,28,1.3195833333333333,0,dataset/masks_binary/over_ripe/20260430_114222.png,0,0,0.0
20260430_114230,20260430_114230.jpg,train,dataset/images/20260430_114230.jpg,dataset/masks_semantic/20260430_114230.png,dataset/masks_overall/20260430_114230.png,3000,4000,29,4000,3000,6,samsung,Galaxy S24 Ultra,2026:04:30 11:42:30,3353586,3213660,30aa00fcb4bf1729097d445a211dc3d6c54752b707414b7108630b96dbf4d1aa,8c89ba4ebddc24901aa3d04993734ae52ffb8fbc49538c4458066e7d0ee8728b,623955,3,0,91187,107.83013916015625,54.17686080932617,378.2320861816406,96.1696548461914,14,dataset/masks_binary/green_immature/20260430_114230.png,211324,14,1.7610333333333332,1,dataset/masks_binary/pale_pink/20260430_114230.png,50253,1,0.41877499999999995,2,dataset/masks_binary/pink_turns_purple/20260430_114230.png,70909,2,0.5909083333333333,12,dataset/masks_binary/fully_ripe/20260430_114230.png,291472,13,2.428933333333333,0,dataset/masks_binary/over_ripe/20260430_114230.png,0,0,0.0
20260430_114235,20260430_114235.jpg,train,dataset/images/20260430_114235.jpg,dataset/masks_semantic/20260430_114235.png,dataset/masks_overall/20260430_114235.png,3000,4000,10,4000,3000,6,samsung,Galaxy S24 Ultra,2026:04:30 11:42:35,3220025,3115894,2f2d804cbb9403fc88226664f4f0a7453d6edb76e7c980a5cfedf00711ed9ea0,2db09ee6f2364a87b97adc028d6234e926001c005797d7f207aadc86707d299e,202304,0,0,27040,101.58431243896484,53.55073928833008,440.4173278808594,135.17018127441406,8,dataset/masks_binary/green_immature/20260430_114235.png,115407,8,0.961725,2,dataset/masks_binary/pale_pink/20260430_114235.png,86897,2,0.7241416666666667,0,dataset/masks_binary/pink_turns_purple/20260430_114235.png,0,0,0.0,0,dataset/masks_binary/fully_ripe/20260430_114235.png,0,0,0.0,0,dataset/masks_binary/over_ripe/20260430_114235.png,0,0,0.0
20260430_114240,20260430_114240.jpg,train,dataset/images/20260430_114240.jpg,dataset/masks_semantic/20260430_114240.png,dataset/masks_overall/20260430_114240.png,3000,4000,19,4000,3000,6,samsung,Galaxy S24 Ultra,2026:04:30 11:42:40,3315349,3285902,4c6886f5d6ce07a6bba6e48d0045ea299ea33681aeeb83a3022170b3883f5f13,3ff2b7b3866ac6e075820237856995a39bc6c7b789edfe37783f72ddf8dd8657,513469,0,0,65615,107.06256103515625,56.20736312866211,684.0198364257812,139.51023864746094,9,dataset/masks_binary/green_immature/20260430_114240.png,180833,9,1.5069416666666666,4,dataset/masks_binary/pale_pink/20260430_114240.png,137333,4,1.1444416666666668,0,dataset/masks_binary/pink_turns_purple/20260430_114240.png,0,0,0.0,6,dataset/masks_binary/fully_ripe/20260430_114240.png,195303,6,1.627525,0,dataset/masks_binary/over_ripe/20260430_114240.png,0,0,0.0
20260430_114245,20260430_114245.jpg,train,dataset/images/20260430_114245.jpg,dataset/masks_semantic/20260430_114245.png,dataset/masks_overall/20260430_114245.png,3000,4000,43,4000,3000,6,samsung,Galaxy S24 Ultra,2026:04:30 11:42:45,3339438,3344648,b9b8103bb7371fb8cbee1a278041660aa6a3348bd10e17609968868d09a0e575,881dff7fe309a15dc28b32cdd8088e1df045057612ab1cf6babed09163a811c5,787705,1,0,130036,106.85336303710938,57.243934631347656,880.8214721679688,115.4236831665039,36,dataset/masks_binary/green_immature/20260430_114245.png,470694,39,3.9224500000000004,0,dataset/masks_binary/pale_pink/20260430_114245.png,0,0,0.0,1,dataset/masks_binary/pink_turns_purple/20260430_114245.png,58818,1,0.49015,6,dataset/masks_binary/fully_ripe/20260430_114245.png,258194,6,2.1516166666666665,0,dataset/masks_binary/over_ripe/20260430_114245.png,0,0,0.0
20260430_114252,20260430_114252.jpg,train,dataset/images/20260430_114252.jpg,dataset/masks_semantic/20260430_114252.png,dataset/masks_overall/20260430_114252.png,3000,4000,32,4000,3000,6,samsung,Galaxy S24 Ultra,2026:04:30 11:42:52,3532531,3608976,9816d83cd1105ae737887751c0e17c8105d8e22cecb54d49b84257915cb4699f,21607f8c5f56fcf6e45c8434d9ba0a102bede23264dc27e40e9f44b5b5067ba4,404024,12,0,81317,110.3321762084961,56.5053825378418,1369.7227783203125,105.28076171875,14,dataset/masks_binary/green_immature/20260430_114252.png,147409,15,1.2284083333333333,0,dataset/masks_binary/pale_pink/20260430_114252.png,0,0,0.0,2,dataset/masks_binary/pink_turns_purple/20260430_114252.png,32957,2,0.2746416666666667,16,dataset/masks_binary/fully_ripe/20260430_114252.png,223670,16,1.8639166666666664,0,dataset/masks_binary/over_ripe/20260430_114252.png,0,0,0.0
20260430_114258,20260430_114258.jpg,test,dataset/images/20260430_114258.jpg,dataset/masks_semantic/20260430_114258.png,dataset/masks_overall/20260430_114258.png,3000,4000,4,4000,3000,6,samsung,Galaxy S24 Ultra,2026:04:30 11:42:57,3466919,3409916,a29ec434070614e4277c9a6c685a088d058d9d7412a1d250bc88eeab158dc16e,e9a0982f1906c709217c21f62a009eb5756f658f3057f1aaabbffc19274457f3,128529,0,0,19788,110.7708740234375,43.87546157836914,483.9577331542969,148.36940002441406,2,dataset/masks_binary/green_immature/20260430_114258.png,46119,2,0.38432499999999997,1,dataset/masks_binary/pale_pink/20260430_114258.png,20761,1,0.17300833333333332,0,dataset/masks_binary/pink_turns_purple/20260430_114258.png,0,0,0.0,1,dataset/masks_binary/fully_ripe/20260430_114258.png,61649,1,0.5137416666666667,0,dataset/masks_binary/over_ripe/20260430_114258.png,0,0,0.0
20260430_114304,20260430_114304.jpg,test,dataset/images/20260430_114304.jpg,dataset/masks_semantic/20260430_114304.png,dataset/masks_overall/20260430_114304.png,3000,4000,13,4000,3000,6,samsung,Galaxy S24 Ultra,2026:04:30 11:43:04,3861652,3865582,3736c77fbe1f012b7238e18fe3d5f1eceac47dd25ec9d57a1f2cea73eee1decb,392cf69de27ef26cb3694672ab4e00a6c04984689fddcd18ee5e6c2610c8437b,324368,0,0,47260,111.4856185913086,49.935054779052734,780.7029418945312,146.8936767578125,8,dataset/masks_binary/green_immature/20260430_114304.png,157876,8,1.3156333333333334,2,dataset/masks_binary/pale_pink/20260430_114304.png,56937,2,0.474475,1,dataset/masks_binary/pink_turns_purple/20260430_114304.png,20783,2,0.1731916666666667,2,dataset/masks_binary/fully_ripe/20260430_114304.png,88772,2,0.7397666666666667,0,dataset/masks_binary/over_ripe/20260430_114304.png,0,0,0.0
20260430_114320,20260430_114320.jpg,test,dataset/images/20260430_114320.jpg,dataset/masks_semantic/20260430_114320.png,dataset/masks_overall/20260430_114320.png,3000,4000,5,4000,3000,6,samsung,Galaxy S24 Ultra,2026:04:30 11:43:20,3328688,3268315,f96155cfa6159cfd58598a6ed294028aca477e719cb23c2abc268238e97e5a22,d9da49cc6f2345421b1aacb10dd9392e72ee8eb3e585f73934e43731ef1981c6,80137,0,0,12763,120.485595703125,54.17255401611328,513.4255981445312,117.57403564453125,4,dataset/masks_binary/green_immature/20260430_114320.png,39908,4,0.3325666666666667,0,dataset/masks_binary/pale_pink/20260430_114320.png,0,0,0.0,1,dataset/masks_binary/pink_turns_purple/20260430_114320.png,40229,1,0.33524166666666666,0,dataset/masks_binary/fully_ripe/20260430_114320.png,0,0,0.0,0,dataset/masks_binary/over_ripe/20260430_114320.png,0,0,0.0
20260430_114324,20260430_114324.jpg,train,dataset/images/20260430_114324.jpg,dataset/masks_semantic/20260430_114324.png,dataset/masks_overall/20260430_114324.png,3000,4000,21,4000,3000,6,samsung,Galaxy S24 Ultra,2026:04:30 11:43:24,3273996,3211585,5dfd13e7fde58f235c7b216eab97c3e088ea9d5b04343947726774fcbc218958,fbbef77597268275591e2147d7861edab5405654a6e5f01c597a9e9f305517de,402258,1,0,62630,116.4332046508789,61.94658279418945,756.3973999023438,94.40533447265625,10,dataset/masks_binary/green_immature/20260430_114324.png,122011,11,1.0167583333333334,0,dataset/masks_binary/pale_pink/20260430_114324.png,0,0,0.0,0,dataset/masks_binary/pink_turns_purple/20260430_114324.png,0,0,0.0,11,dataset/masks_binary/fully_ripe/20260430_114324.png,280248,14,2.3354,0,dataset/masks_binary/over_ripe/20260430_114324.png,0,0,0.0
20260430_114329,20260430_114329.jpg,train,dataset/images/20260430_114329.jpg,dataset/masks_semantic/20260430_114329.png,dataset/masks_overall/20260430_114329.png,3000,4000,6,4000,3000,6,samsung,Galaxy S24 Ultra,2026:04:30 11:43:29,3711626,3688207,63bde40e1b42789af60ffb3b5fbfba48b50f9a8cd7c083e023ddb994a4b4eeb3,3499986037a07937e0192f8f78c987bd3ec5427c08091870546b3bf16b753d3e,200657,0,0,23780,116.95599365234375,46.058815002441406,693.8652954101562,155.316162109375,1,dataset/masks_binary/green_immature/20260430_114329.png,4830,1,0.04025,2,dataset/masks_binary/pale_pink/20260430_114329.png,76643,2,0.6386916666666667,1,dataset/masks_binary/pink_turns_purple/20260430_114329.png,12914,1,0.10761666666666667,2,dataset/masks_binary/fully_ripe/20260430_114329.png,106270,2,0.8855833333333334,0,dataset/masks_binary/over_ripe/20260430_114329.png,0,0,0.0
20260430_114333,20260430_114333.jpg,train,dataset/images/20260430_114333.jpg,dataset/masks_semantic/20260430_114333.png,dataset/masks_overall/20260430_114333.png,3000,4000,32,4000,3000,6,samsung,Galaxy S24 Ultra,2026:04:30 11:43:33,3485587,3453458,e9419e11b050b9a90aaf19ca5bad32d3d6cc4c0c45935e7952ecd4b1a1f10d13,85ba4779ef80169f20459cd7ad00ac2b17fe9d141d3ca01dd93d31b9476fa0dd,507148,0,0,82769,109.00391387939453,49.26388931274414,764.1521606445312,154.41180419921875,22,dataset/masks_binary/green_immature/20260430_114333.png,210462,22,1.75385,0,dataset/masks_binary/pale_pink/20260430_114333.png,0,0,0.0,0,dataset/masks_binary/pink_turns_purple/20260430_114333.png,0,0,0.0,10,dataset/masks_binary/fully_ripe/20260430_114333.png,296686,10,2.472383333333333,0,dataset/masks_binary/over_ripe/20260430_114333.png,0,0,0.0
20260430_114341,20260430_114341.jpg,test,dataset/images/20260430_114341.jpg,dataset/masks_semantic/20260430_114341.png,dataset/masks_overall/20260430_114341.png,3000,4000,34,4000,3000,6,samsung,Galaxy S24 Ultra,2026:04:30 11:43:41,3708352,3741975,4178d852144c9c945f3e6bfd520d0cc38c857ab5b6bd0512086a0add2d6a745a,4d0951795c5e091aa0727703c6762e27855f8670a68363fb8cea44921cdfce65,441402,3,0,85228,109.75472259521484,47.74235534667969,1199.781982421875,152.00048828125,20,dataset/masks_binary/green_immature/20260430_114341.png,125973,22,1.049775,0,dataset/masks_binary/pale_pink/20260430_114341.png,0,0,0.0,6,dataset/masks_binary/pink_turns_purple/20260430_114341.png,172274,7,1.4356166666666665,8,dataset/masks_binary/fully_ripe/20260430_114341.png,143158,8,1.1929833333333333,0,dataset/masks_binary/over_ripe/20260430_114341.png,0,0,0.0
20260430_114350,20260430_114350.jpg,test,dataset/images/20260430_114350.jpg,dataset/masks_semantic/20260430_114350.png,dataset/masks_overall/20260430_114350.png,3000,4000,24,4000,3000,6,samsung,Galaxy S24 Ultra,2026:04:30 11:43:50,3904310,4028813,807bbcab65191a55fd5209b153d8011e9e7717c2e99c0b5b81e58cb4febbf6c0,0bcf97ea50e6dd7a4173d2514dc8cb727ce9b6af0e83b43b7b2d9b974505dff9,352321,0,0,66985,106.79476165771484,51.97066116333008,1674.8662109375,117.8220443725586,11,dataset/masks_binary/green_immature/20260430_114350.png,180889,13,1.5074083333333332,1,dataset/masks_binary/pale_pink/20260430_114350.png,18059,1,0.1504916666666667,1,dataset/masks_binary/pink_turns_purple/20260430_114350.png,9340,1,0.07783333333333334,11,dataset/masks_binary/fully_ripe/20260430_114350.png,144033,11,1.200275,0,dataset/masks_binary/over_ripe/20260430_114350.png,0,0,0.0
20260430_114354,20260430_114354.jpg,test,dataset/images/20260430_114354.jpg,dataset/masks_semantic/20260430_114354.png,dataset/masks_overall/20260430_114354.png,3000,4000,18,4000,3000,6,samsung,Galaxy S24 Ultra,2026:04:30 11:43:54,3725943,3765024,1ee43936ae87ac01a5880a5e0856ba7c21774d44e93c8cc5c2da299a40707302,81c90476b5a03f7524e63d915760490f2c3c8a0b687f75a4dd601918271492bb,155430,0,0,35674,110.1387939453125,47.56695556640625,975.5833129882812,149.8836212158203,16,dataset/masks_binary/green_immature/20260430_114354.png,111343,16,0.9278583333333333,1,dataset/masks_binary/pale_pink/20260430_114354.png,31408,1,0.2617333333333334,0,dataset/masks_binary/pink_turns_purple/20260430_114354.png,0,0,0.0,1,dataset/masks_binary/fully_ripe/20260430_114354.png,12679,1,0.10565833333333334,0,dataset/masks_binary/over_ripe/20260430_114354.png,0,0,0.0
20260430_114406,20260430_114406.jpg,train,dataset/images/20260430_114406.jpg,dataset/masks_semantic/20260430_114406.png,dataset/masks_overall/20260430_114406.png,3000,4000,10,4000,3000,6,samsung,Galaxy S24 Ultra,2026:04:30 11:44:06,3143523,3040912,76fa1a66317e3c707105be305aa48fac6a3f6e7a961ca75f7c6b4d4533237c49,95e9234c41761ab8b4ecff9ca536b4c0553f0029f91a7971bf53455c8c3fc944,270889,4,0,41002,116.68331146240234,53.232879638671875,455.346923828125,116.13153839111328,4,dataset/masks_binary/green_immature/20260430_114406.png,105217,4,0.8768083333333333,0,dataset/masks_binary/pale_pink/20260430_114406.png,0,0,0.0,1,dataset/masks_binary/pink_turns_purple/20260430_114406.png,34860,1,0.2905,5,dataset/masks_binary/fully_ripe/20260430_114406.png,130816,5,1.0901333333333334,0,dataset/masks_binary/over_ripe/20260430_114406.png,0,0,0.0
20260430_114412,20260430_114412.jpg,train,dataset/images/20260430_114412.jpg,dataset/masks_semantic/20260430_114412.png,dataset/masks_overall/20260430_114412.png,3000,4000,8,4000,3000,6,samsung,Galaxy S24 Ultra,2026:04:30 11:44:12,3515338,3512986,5b7dd23e886b5f2ae2b4244fb28003d011558841df70cdc20294a053bf6f1f48,bc2421ae71e50e3233977ab87cebe338ab5fa1b40c92b2e171e41b0c90aa7ac0,167740,0,0,25866,107.82793426513672,60.19870376586914,995.6559448242188,88.58722686767578,2,dataset/masks_binary/green_immature/20260430_114412.png,15198,2,0.12665,0,dataset/masks_binary/pale_pink/20260430_114412.png,0,0,0.0,1,dataset/masks_binary/pink_turns_purple/20260430_114412.png,25317,1,0.210975,5,dataset/masks_binary/fully_ripe/20260430_114412.png,127225,5,1.0602083333333334,0,dataset/masks_binary/over_ripe/20260430_114412.png,0,0,0.0
20260430_114426,20260430_114426.jpg,train,dataset/images/20260430_114426.jpg,dataset/masks_semantic/20260430_114426.png,dataset/masks_overall/20260430_114426.png,3000,4000,55,4000,3000,6,samsung,Galaxy S24 Ultra,2026:04:30 11:44:26,4042908,4159858,a13e52c93cb4a722699fa8513c337feece5961573aa69f01c2b54d48aa0aa2ff,8551e662ce7f098b38e90a81ee24e3733433f07d03921b27674b68f993f30a72,932406,7,0,164103,112.13650512695312,51.437313079833984,1407.10986328125,139.47035217285156,28,dataset/masks_binary/green_immature/20260430_114426.png,375767,29,3.1313916666666666,1,dataset/masks_binary/pale_pink/20260430_114426.png,16619,1,0.13849166666666668,5,dataset/masks_binary/pink_turns_purple/20260430_114426.png,112672,5,0.9389333333333333,21,dataset/masks_binary/fully_ripe/20260430_114426.png,427355,24,3.561291666666667,0,dataset/masks_binary/over_ripe/20260430_114426.png,0,0,0.0
20260430_114431,20260430_114431.jpg,train,dataset/images/20260430_114431.jpg,dataset/masks_semantic/20260430_114431.png,dataset/masks_overall/20260430_114431.png,3000,4000,26,4000,3000,6,samsung,Galaxy S24 Ultra,2026:04:30 11:44:31,3491822,3422761,13d346ead7246058ad4f2ffd0729cdddc2044a1d5a7423ee89addd17a6634bf8,6beb18af69748d188b17f9919d1f57d421699c7a5ca41b6a3020fc54723e590e,486410,6,0,78906,106.6550521850586,44.76300811767578,488.3691101074219,153.3833770751953,13,dataset/masks_binary/green_immature/20260430_114431.png,197375,13,1.6447916666666667,0,dataset/masks_binary/pale_pink/20260430_114431.png,0,0,0.0,2,dataset/masks_binary/pink_turns_purple/20260430_114431.png,59505,3,0.49587499999999995,11,dataset/masks_binary/fully_ripe/20260430_114431.png,229536,12,1.9127999999999998,0,dataset/masks_binary/over_ripe/20260430_114431.png,0,0,0.0
20260430_114436,20260430_114436.jpg,train,dataset/images/20260430_114436.jpg,dataset/masks_semantic/20260430_114436.png,dataset/masks_overall/20260430_114436.png,3000,4000,29,4000,3000,6,samsung,Galaxy S24 Ultra,2026:04:30 11:44:36,3382870,3324829,644b22a0e025f39de755fea79d2fa3c9ea5aa7b036f0bf0a1cf3b15a26f1513a,9fe7f5735aaebf1c824dbe0e366f50ca680e8e4699d78afbf9a170bdf5d0e59d,634886,6,0,85560,114.75732421875,46.97956466674805,492.7333068847656,145.4217529296875,12,dataset/masks_binary/green_immature/20260430_114436.png,203813,12,1.6984416666666664,1,dataset/masks_binary/pale_pink/20260430_114436.png,19597,1,0.16330833333333333,1,dataset/masks_binary/pink_turns_purple/20260430_114436.png,5072,1,0.04226666666666667,15,dataset/masks_binary/fully_ripe/20260430_114436.png,406410,16,3.38675,0,dataset/masks_binary/over_ripe/20260430_114436.png,0,0,0.0
20260430_114443,20260430_114443.jpg,train,dataset/images/20260430_114443.jpg,dataset/masks_semantic/20260430_114443.png,dataset/masks_overall/20260430_114443.png,3000,4000,36,4000,3000,6,samsung,Galaxy S24 Ultra,2026:04:30 11:44:43,4429463,4594196,6479c9307d1fbfc43ddf97fe21c2ab0cdefe03a0d9be7c86e6da78f8e640d39f,47ae0129385ee2e84de5f33f078c573ab5a9918b026d472dbdfebe0506c27457,238934,8,0,63408,115.8515853881836,46.84005355834961,1988.671875,161.5936279296875,34,dataset/masks_binary/green_immature/20260430_114443.png,187477,34,1.5623083333333332,0,dataset/masks_binary/pale_pink/20260430_114443.png,0,0,0.0,1,dataset/masks_binary/pink_turns_purple/20260430_114443.png,20764,1,0.17303333333333332,1,dataset/masks_binary/fully_ripe/20260430_114443.png,30691,1,0.2557583333333333,0,dataset/masks_binary/over_ripe/20260430_114443.png,0,0,0.0
20260430_114450,20260430_114450.jpg,train,dataset/images/20260430_114450.jpg,dataset/masks_semantic/20260430_114450.png,dataset/masks_overall/20260430_114450.png,3000,4000,62,4000,3000,6,samsung,Galaxy S24 Ultra,2026:04:30 11:44:50,3778542,3887945,5ce17fe61ac2c65e4d3bbed68434239d78d89c01bc72e396c18f66076f3b6116,9e54592553d8cf77b9c475d85346e14e6615967fd4b00371c2f3c9e1a19fb979,309694,3,0,93171,111.7476577758789,57.0200309753418,1750.3536376953125,81.81891632080078,37,dataset/masks_binary/green_immature/20260430_114450.png,130128,38,1.0844,1,dataset/masks_binary/pale_pink/20260430_114450.png,9539,1,0.07949166666666667,3,dataset/masks_binary/pink_turns_purple/20260430_114450.png,23956,3,0.19963333333333336,21,dataset/masks_binary/fully_ripe/20260430_114450.png,146070,27,1.21725,0,dataset/masks_binary/over_ripe/20260430_114450.png,0,0,0.0
20260430_114500,20260430_114500.jpg,train,dataset/images/20260430_114500.jpg,dataset/masks_semantic/20260430_114500.png,dataset/masks_overall/20260430_114500.png,3000,4000,19,4000,3000,6,samsung,Galaxy S24 Ultra,2026:04:30 11:45:01,3904787,4017530,183dd16d9b348f37b1fb1b9b1c446377c911aecb4d8e15439bee3b40406ae7fe,049be2b74f94d427308492e58a248aa66c6da71a271916b8f34c3b17b0a9124f,336738,11,0,55397,105.0560531616211,52.1796875,1227.3040771484375,148.18505859375,9,dataset/masks_binary/green_immature/20260430_114500.png,117406,10,0.9783833333333334,1,dataset/masks_binary/pale_pink/20260430_114500.png,15633,1,0.130275,1,dataset/masks_binary/pink_turns_purple/20260430_114500.png,13138,1,0.10948333333333334,8,dataset/masks_binary/fully_ripe/20260430_114500.png,190560,8,1.5879999999999999,0,dataset/masks_binary/over_ripe/20260430_114500.png,0,0,0.0
20260430_114504,20260430_114504.jpg,train,dataset/images/20260430_114504.jpg,dataset/masks_semantic/20260430_114504.png,dataset/masks_overall/20260430_114504.png,3000,4000,23,4000,3000,6,samsung,Galaxy S24 Ultra,2026:04:30 11:45:04,4155854,4268893,b488ce2eddfd9e5273bbf7561e100a60247ade07b9ebcfe77ccf2bb2a3b102c0,c8590653664509e34bdeff9dce6b2700358dde354b3d12e93a0bf3d07e2ede90,143066,10,0,37818,112.7352066040039,47.03125762939453,1889.9945068359375,175.98512268066406,18,dataset/masks_binary/green_immature/20260430_114504.png,95044,18,0.7920333333333333,0,dataset/masks_binary/pale_pink/20260430_114504.png,0,0,0.0,1,dataset/masks_binary/pink_turns_purple/20260430_114504.png,39177,1,0.32647499999999996,4,dataset/masks_binary/fully_ripe/20260430_114504.png,8855,5,0.07379166666666667,0,dataset/masks_binary/over_ripe/20260430_114504.png,0,0,0.0
20260430_114511,20260430_114511.jpg,val,dataset/images/20260430_114511.jpg,dataset/masks_semantic/20260430_114511.png,dataset/masks_overall/20260430_114511.png,3000,4000,8,4000,3000,6,samsung,Galaxy S24 Ultra,2026:04:30 11:45:11,3071351,2924786,5476add3b465afe174f23d5b42513207bcd49031d263a4dac0d30d724adfbc39,211439777bfd6e71a1974f8516998890310f293b3a64e28c35219fb1d94b8221,351845,0,0,35883,111.67496490478516,54.25110626220703,162.557861328125,134.1111297607422,4,dataset/masks_binary/green_immature/20260430_114511.png,177327,4,1.477725,0,dataset/masks_binary/pale_pink/20260430_114511.png,0,0,0.0,1,dataset/masks_binary/pink_turns_purple/20260430_114511.png,66468,1,0.5539,3,dataset/masks_binary/fully_ripe/20260430_114511.png,108050,3,0.9004166666666668,0,dataset/masks_binary/over_ripe/20260430_114511.png,0,0,0.0
20260430_114514,20260430_114514.jpg,train,dataset/images/20260430_114514.jpg,dataset/masks_semantic/20260430_114514.png,dataset/masks_overall/20260430_114514.png,3000,4000,18,4000,3000,6,samsung,Galaxy S24 Ultra,2026:04:30 11:45:14,3450194,3442380,3a1ffc597a4126c8235a81edbdde71536594809f2139e98a1916120ac95f0a7c,81d4226d87034a0bb751d2e0131a7de71d36c141c99ac8ba3efd235acfe8f688,268454,0,0,48238,119.90032958984375,59.50143814086914,684.8682250976562,120.50357818603516,10,dataset/masks_binary/green_immature/20260430_114514.png,152003,10,1.2666916666666665,0,dataset/masks_binary/pale_pink/20260430_114514.png,0,0,0.0,1,dataset/masks_binary/pink_turns_purple/20260430_114514.png,37194,1,0.30995,7,dataset/masks_binary/fully_ripe/20260430_114514.png,79257,7,0.660475,0,dataset/masks_binary/over_ripe/20260430_114514.png,0,0,0.0
20260430_114516,20260430_114516.jpg,train,dataset/images/20260430_114516.jpg,dataset/masks_semantic/20260430_114516.png,dataset/masks_overall/20260430_114516.png,3000,4000,29,4000,3000,6,samsung,Galaxy S24 Ultra,2026:04:30 11:45:16,3646266,3593276,43fc7f250b421b476696571297d5930f553dfdd703fa3dbcb582e0b53ec5f70b,41585aadccd09f4c20cebd44ac262317496772ff2c92c4ea3549965413d84157,491670,8,0,82263,116.46231842041016,51.07024383544922,655.392333984375,158.811767578125,14,dataset/masks_binary/green_immature/20260430_114516.png,159102,14,1.32585,0,dataset/masks_binary/pale_pink/20260430_114516.png,0,0,0.0,2,dataset/masks_binary/pink_turns_purple/20260430_114516.png,69488,2,0.5790666666666667,13,dataset/masks_binary/fully_ripe/20260430_114516.png,263088,13,2.1924,0,dataset/masks_binary/over_ripe/20260430_114516.png,0,0,0.0
20260430_114527,20260430_114527.jpg,train,dataset/images/20260430_114527.jpg,dataset/masks_semantic/20260430_114527.png,dataset/masks_overall/20260430_114527.png,3000,4000,23,4000,3000,6,samsung,Galaxy S24 Ultra,2026:04:30 11:45:27,3429985,3435996,55d611dd83e73a3bb3de8951b3945503e3b3a626a94209ed588c0bb0150a5c25,19b960b8c14d54fdfb6179168dfb298dcd3ff30a8f7b69dc2522449595b1ddf1,393879,36,0,65442,104.6388931274414,50.224586486816406,930.8408203125,142.3622283935547,17,dataset/masks_binary/green_immature/20260430_114527.png,268081,17,2.234008333333333,0,dataset/masks_binary/pale_pink/20260430_114527.png,0,0,0.0,1,dataset/masks_binary/pink_turns_purple/20260430_114527.png,37869,1,0.315575,5,dataset/masks_binary/fully_ripe/20260430_114527.png,87931,5,0.7327583333333334,0,dataset/masks_binary/over_ripe/20260430_114527.png,0,0,0.0
20260430_114534,20260430_114534.jpg,val,dataset/images/20260430_114534.jpg,dataset/masks_semantic/20260430_114534.png,dataset/masks_overall/20260430_114534.png,3000,4000,29,4000,3000,6,samsung,Galaxy S24 Ultra,2026:04:30 11:45:34,3580569,3635089,8ba470b0ffc1b220a32d91b1b598e47cddf9ed699391671e29ad2e5d3588fa25,39bc46fd17e9b63f80d4a8537249f9f3369cf632d423c8f1ec55861bbd1a979b,375133,10,0,66765,101.20382690429688,56.21687316894531,1469.24853515625,135.74444580078125,21,dataset/masks_binary/green_immature/20260430_114534.png,202870,21,1.690583333333333,0,dataset/masks_binary/pale_pink/20260430_114534.png,0,0,0.0,3,dataset/masks_binary/pink_turns_purple/20260430_114534.png,105558,3,0.87965,5,dataset/masks_binary/fully_ripe/20260430_114534.png,66713,5,0.5559416666666667,0,dataset/masks_binary/over_ripe/20260430_114534.png,0,0,0.0
20260430_114540,20260430_114540.jpg,test,dataset/images/20260430_114540.jpg,dataset/masks_semantic/20260430_114540.png,dataset/masks_overall/20260430_114540.png,3000,4000,6,4000,3000,6,samsung,Galaxy S24 Ultra,2026:04:30 11:45:40,3629757,3662933,20fcc1c6e8298ff80c3befa57ac3a1c046dfc1629bcb4980597fe0e6719d17be,f7a3219c411f5f70846cc170a86052fca88642ec069aaee833e5d6c7f4376ab9,173336,0,0,22450,117.24190521240234,47.020179748535156,800.8862915039062,146.02273559570312,5,dataset/masks_binary/green_immature/20260430_114540.png,109081,5,0.9090083333333334,1,dataset/masks_binary/pale_pink/20260430_114540.png,64255,1,0.5354583333333334,0,dataset/masks_binary/pink_turns_purple/20260430_114540.png,0,0,0.0,0,dataset/masks_binary/fully_ripe/20260430_114540.png,0,0,0.0,0,dataset/masks_binary/over_ripe/20260430_114540.png,0,0,0.0
20260430_114546,20260430_114546.jpg,val,dataset/images/20260430_114546.jpg,dataset/masks_semantic/20260430_114546.png,dataset/masks_overall/20260430_114546.png,3000,4000,140,4000,3000,6,samsung,Galaxy S24 Ultra,2026:04:30 11:45:46,4009174,4181741,4c5f318c1838e0bbd9b6bfa2f7bd6f13f7ade88a9e7da4db84e3f75426d16a80,f11accdfa63cfc424645f0df8715cca6a7d7a6795bd32af4ac6335f8f51d561c,220181,3,0,64136,113.35614013671875,58.4560546875,2193.20703125,84.13024139404297,70,dataset/masks_binary/green_immature/20260430_114546.png,34999,72,0.29165833333333335,3,dataset/masks_binary/pale_pink/20260430_114546.png,1604,3,0.013366666666666667,5,dataset/masks_binary/pink_turns_purple/20260430_114546.png,16059,5,0.133825,62,dataset/masks_binary/fully_ripe/20260430_114546.png,167520,62,1.396,0,dataset/masks_binary/over_ripe/20260430_114546.png,0,0,0.0
20260430_114601,20260430_114601.jpg,train,dataset/images/20260430_114601.jpg,dataset/masks_semantic/20260430_114601.png,dataset/masks_overall/20260430_114601.png,3000,4000,41,4000,3000,6,samsung,Galaxy S24 Ultra,2026:04:30 11:46:01,3626465,3689709,bc340c8ebb7b1f761f7e187e010c0ba11d64ce9962b158fd0a864b5be94871f0,f0e09eea896175edc4ce510dd9faa05cce14f3c09ed4fa5ce484f07f673801dc,262755,2,0,69505,100.30364990234375,55.05177688598633,1265.7896728515625,126.2538833618164,26,dataset/masks_binary/green_immature/20260430_114601.png,165864,26,1.3821999999999999,2,dataset/masks_binary/pale_pink/20260430_114601.png,36691,3,0.3057583333333333,0,dataset/masks_binary/pink_turns_purple/20260430_114601.png,0,0,0.0,13,dataset/masks_binary/fully_ripe/20260430_114601.png,60200,13,0.5016666666666667,0,dataset/masks_binary/over_ripe/20260430_114601.png,0,0,0.0
20260430_114650,20260430_114650.jpg,train,dataset/images/20260430_114650.jpg,dataset/masks_semantic/20260430_114650.png,dataset/masks_overall/20260430_114650.png,3000,4000,19,4000,3000,6,samsung,Galaxy S24 Ultra,2026:04:30 11:46:50,3855578,3990040,a5467eae0e2dd1b0f4f141403ab71f2d1ed7683cb69b8518ccf1e566366d0f0d,f7b798ebbfd05eb66338d72020f5824c5c09f58acd81d8ae50fd526c9ed3f0fc,100297,0,0,31518,103.56974029541016,47.942649841308594,2050.841796875,131.0773468017578,15,dataset/masks_binary/green_immature/20260430_114650.png,68484,16,0.5707,1,dataset/masks_binary/pale_pink/20260430_114650.png,19375,1,0.16145833333333334,0,dataset/masks_binary/pink_turns_purple/20260430_114650.png,0,0,0.0,3,dataset/masks_binary/fully_ripe/20260430_114650.png,12438,3,0.10365,0,dataset/masks_binary/over_ripe/20260430_114650.png,0,0,0.0
20260430_114700,20260430_114700.jpg,test,dataset/images/20260430_114700.jpg,dataset/masks_semantic/20260430_114700.png,dataset/masks_overall/20260430_114700.png,3000,4000,142,4000,3000,6,samsung,Galaxy S24 Ultra,2026:04:30 11:47:00,3544005,3599350,34d1280458acae6e25d8b91bd52f4997edd924d302b07bab203d2a78a9db385f,072a06288d6c64e99e757fce31f532b14eb1f25006f6d7c7ae41d0e9fc9ca895,519786,7,0,167229,109.15348052978516,58.909507751464844,1371.3580322265625,88.61026763916016,119,dataset/masks_binary/green_immature/20260430_114700.png,348260,125,2.902166666666667,0,dataset/masks_binary/pale_pink/20260430_114700.png,0,0,0.0,2,dataset/masks_binary/pink_turns_purple/20260430_114700.png,46993,2,0.3916083333333333,21,dataset/masks_binary/fully_ripe/20260430_114700.png,124540,23,1.0378333333333334,0,dataset/masks_binary/over_ripe/20260430_114700.png,0,0,0.0
20260430_114706,20260430_114706.jpg,train,dataset/images/20260430_114706.jpg,dataset/masks_semantic/20260430_114706.png,dataset/masks_overall/20260430_114706.png,3000,4000,47,4000,3000,6,samsung,Galaxy S24 Ultra,2026:04:30 11:47:06,3392544,3424579,0516262f69c6468b730042ac2d849868b1c63e2c2171c4270386a5d40695a322,5b5155dc757f3155ec7736e1a043b76506ee105fba342c73c58cf1fef2b5056e,570341,1108,10953,112792,107.0911636352539,60.00109100341797,1107.6387939453125,113.27767181396484,19,dataset/masks_binary/green_immature/20260430_114706.png,88150,19,0.7345833333333334,2,dataset/masks_binary/pale_pink/20260430_114706.png,36465,2,0.303875,3,dataset/masks_binary/pink_turns_purple/20260430_114706.png,53667,3,0.447225,23,dataset/masks_binary/fully_ripe/20260430_114706.png,404120,26,3.3676666666666666,0,dataset/masks_binary/over_ripe/20260430_114706.png,0,0,0.0
20260430_114715,20260430_114715.jpg,test,dataset/images/20260430_114715.jpg,dataset/masks_semantic/20260430_114715.png,dataset/masks_overall/20260430_114715.png,3000,4000,35,4000,3000,6,samsung,Galaxy S24 Ultra,2026:04:30 11:47:15,3232845,3122827,f8cade143dc97c534b24012605096abb624718ffc4060d4a3d9843f0a9d2353e,2b3c3feb2dd4733d7a6f8c9c2fd5d913ba483131d783aedbd908bc5c827c7eb4,584119,0,0,97942,101.95938110351562,53.90690994262695,449.3451232910156,136.0189666748047,17,dataset/masks_binary/green_immature/20260430_114715.png,152968,19,1.2747333333333333,1,dataset/masks_binary/pale_pink/20260430_114715.png,45958,1,0.38298333333333334,0,dataset/masks_binary/pink_turns_purple/20260430_114715.png,0,0,0.0,17,dataset/masks_binary/fully_ripe/20260430_114715.png,385193,18,3.2099416666666665,0,dataset/masks_binary/over_ripe/20260430_114715.png,0,0,0.0
20260430_114725,20260430_114725.jpg,val,dataset/images/20260430_114725.jpg,dataset/masks_semantic/20260430_114725.png,dataset/masks_overall/20260430_114725.png,3000,4000,14,4000,3000,6,samsung,Galaxy S24 Ultra,2026:04:30 11:47:25,3583201,3587281,d8745216d30c2834ca2d5458384ee6e9ded8ac8d9b4744bbfa73f485c8cc4815,be917477fe06c4c9c184aecee4b59d6bb6ffc4709872d1c4cc3436c917b6081a,160049,2,0,32895,108.2842788696289,48.576515197753906,760.9650268554688,139.2708282470703,7,dataset/masks_binary/green_immature/20260430_114725.png,76744,7,0.6395333333333334,0,dataset/masks_binary/pale_pink/20260430_114725.png,0,0,0.0,1,dataset/masks_binary/pink_turns_purple/20260430_114725.png,36696,1,0.3058,6,dataset/masks_binary/fully_ripe/20260430_114725.png,46611,6,0.388425,0,dataset/masks_binary/over_ripe/20260430_114725.png,0,0,0.0
20260430_114743,20260430_114743.jpg,train,dataset/images/20260430_114743.jpg,dataset/masks_semantic/20260430_114743.png,dataset/masks_overall/20260430_114743.png,3000,4000,52,4000,3000,6,samsung,Galaxy S24 Ultra,2026:04:30 11:47:43,3420291,3429036,f03bf773091f2dc7572c2fbf0ed5b5650c10fb73e52b2a840e7e805333d37df8,c2ea5240ed91fea7275978a087dcd1f729eeab5680932b681e99124f35d5778c,596598,0,0,115969,110.40604400634766,60.831668853759766,1032.7518310546875,89.0734634399414,20,dataset/masks_binary/green_immature/20260430_114743.png,129245,20,1.0770416666666667,0,dataset/masks_binary/pale_pink/20260430_114743.png,0,0,0.0,2,dataset/masks_binary/pink_turns_purple/20260430_114743.png,30917,2,0.25764166666666666,30,dataset/masks_binary/fully_ripe/20260430_114743.png,436436,32,3.636966666666667,0,dataset/masks_binary/over_ripe/20260430_114743.png,0,0,0.0
20260430_114747,20260430_114747.jpg,train,dataset/images/20260430_114747.jpg,dataset/masks_semantic/20260430_114747.png,dataset/masks_overall/20260430_114747.png,3000,4000,59,4000,3000,6,samsung,Galaxy S24 Ultra,2026:04:30 11:47:47,3404206,3430584,13f4aab60ffb3c6bb7712577ece2be4423f3c9e791aa93639eb0a12c99d6f1c9,d6084d6ab11035e2016151c80b854217ea49f1e496c6df330dcca942b47fcae2,462860,0,0,108921,107.22342681884766,58.74253463745117,940.8157348632812,84.0055923461914,23,dataset/masks_binary/green_immature/20260430_114747.png,129270,24,1.07725,0,dataset/masks_binary/pale_pink/20260430_114747.png,0,0,0.0,2,dataset/masks_binary/pink_turns_purple/20260430_114747.png,26069,2,0.21724166666666667,34,dataset/masks_binary/fully_ripe/20260430_114747.png,307521,37,2.562675,0,dataset/masks_binary/over_ripe/20260430_114747.png,0,0,0.0
20260430_114753,20260430_114753.jpg,train,dataset/images/20260430_114753.jpg,dataset/masks_semantic/20260430_114753.png,dataset/masks_overall/20260430_114753.png,3000,4000,49,4000,3000,6,samsung,Galaxy S24 Ultra,2026:04:30 11:47:53,3434620,3469577,a1a45de68f1d8139b997d599254cd3bc552aef99c79941137ca362a1e994cf15,014b6547640f41de62fcc6bd02482c0e9876a4e9201787e2087e0adbc9a35639,511092,2,0,112615,94.32626342773438,51.5710563659668,1074.1217041015625,130.62879943847656,18,dataset/masks_binary/green_immature/20260430_114753.png,128637,18,1.0719750000000001,3,dataset/masks_binary/pale_pink/20260430_114753.png,52279,4,0.4356583333333333,2,dataset/masks_binary/pink_turns_purple/20260430_114753.png,29320,2,0.24433333333333335,26,dataset/masks_binary/fully_ripe/20260430_114753.png,300858,28,2.50715,0,dataset/masks_binary/over_ripe/20260430_114753.png,0,0,0.0
20260430_114800,20260430_114800.jpg,train,dataset/images/20260430_114800.jpg,dataset/masks_semantic/20260430_114800.png,dataset/masks_overall/20260430_114800.png,3000,4000,30,4000,3000,6,samsung,Galaxy S24 Ultra,2026:04:30 11:48:00,3270071,3142035,0fa9fed2592beee690f383eee7d26d1f56e809e4095f21b403b8f6b65474580e,4873e3f0f5e9d416fbd60c23f746ebf274a9fafa614fbe36e232365f9d1af298,460737,0,0,77816,116.94049072265625,56.92200469970703,390.6037902832031,92.95623779296875,16,dataset/masks_binary/green_immature/20260430_114800.png,120918,17,1.00765,0,dataset/masks_binary/pale_pink/20260430_114800.png,0,0,0.0,3,dataset/masks_binary/pink_turns_purple/20260430_114800.png,86245,4,0.7187083333333334,11,dataset/masks_binary/fully_ripe/20260430_114800.png,253574,15,2.1131166666666665,0,dataset/masks_binary/over_ripe/20260430_114800.png,0,0,0.0
20260430_114815,20260430_114815.jpg,train,dataset/images/20260430_114815.jpg,dataset/masks_semantic/20260430_114815.png,dataset/masks_overall/20260430_114815.png,3000,4000,51,4000,3000,6,samsung,Galaxy S24 Ultra,2026:04:30 11:48:15,3404304,3389117,9690e49b9ad317a656baa68961d0a871cf6aaf112e61e52830ca3f35a5cb1362,ae6c81df09f6ed210cf0fcfd2c46307305312fe32b86fefb15f18bcf9bda1bc2,914341,7,0,150473,107.1187973022461,58.9564094543457,749.8867797851562,106.19490814208984,25,dataset/masks_binary/green_immature/20260430_114815.png,374274,25,3.11895,1,dataset/masks_binary/pale_pink/20260430_114815.png,4163,1,0.03469166666666666,0,dataset/masks_binary/pink_turns_purple/20260430_114815.png,0,0,0.0,25,dataset/masks_binary/fully_ripe/20260430_114815.png,535911,26,4.4659249999999995,0,dataset/masks_binary/over_ripe/20260430_114815.png,0,0,0.0
20260430_114825,20260430_114825.jpg,val,dataset/images/20260430_114825.jpg,dataset/masks_semantic/20260430_114825.png,dataset/masks_overall/20260430_114825.png,3000,4000,46,4000,3000,6,samsung,Galaxy S24 Ultra,2026:04:30 11:48:25,4018260,4147422,a96b6229501e1ba92894a20a6b6900b48df8d82d13bab1fccb8e4005236a8795,fe5dc02551635c41a48b2b57ed3b5cd01b2f2bd266246fa3d89efcfa23ead1a9,240602,9,0,77161,108.78341674804688,52.40268325805664,1888.4305419921875,141.5795440673828,34,dataset/masks_binary/green_immature/20260430_114825.png,169835,35,1.4152916666666666,2,dataset/masks_binary/pale_pink/20260430_114825.png,13302,2,0.11084999999999999,1,dataset/masks_binary/pink_turns_purple/20260430_114825.png,1530,1,0.012750000000000001,9,dataset/masks_binary/fully_ripe/20260430_114825.png,55944,9,0.46620000000000006,0,dataset/masks_binary/over_ripe/20260430_114825.png,0,0,0.0
20260430_114834,20260430_114834.jpg,train,dataset/images/20260430_114834.jpg,dataset/masks_semantic/20260430_114834.png,dataset/masks_overall/20260430_114834.png,3000,4000,35,4000,3000,6,samsung,Galaxy S24 Ultra,2026:04:30 11:48:33,3709150,3761996,5ea8b9d9df5dc27e12e13587f74db9bdb641f107df516a005ed267f0a7544e57,d4dfbf3b77a0f3d08c154214864db1a330cdb8ecc780820bdbded27adb49eb51,460807,2,0,83355,111.0594482421875,49.016807556152344,1120.6646728515625,157.84043884277344,29,dataset/masks_binary/green_immature/20260430_114834.png,290921,29,2.424341666666667,2,dataset/masks_binary/pale_pink/20260430_114834.png,53060,2,0.44216666666666665,0,dataset/masks_binary/pink_turns_purple/20260430_114834.png,0,0,0.0,4,dataset/masks_binary/fully_ripe/20260430_114834.png,116828,5,0.9735666666666667,0,dataset/masks_binary/over_ripe/20260430_114834.png,0,0,0.0
20260430_114838,20260430_114838.jpg,train,dataset/images/20260430_114838.jpg,dataset/masks_semantic/20260430_114838.png,dataset/masks_overall/20260430_114838.png,3000,4000,28,4000,3000,6,samsung,Galaxy S24 Ultra,2026:04:30 11:48:38,3809161,3923072,c534522b40abbbafc320b495fa5efb6ef13c98b352eebec8abeb41c0ba7174aa,6c7d4c7d66c8f191c573288f47e5d26e169ee314422d9fa9264c2b8ffacf7733,176706,0,0,49627,98.09416961669922,44.460689544677734,1896.3502197265625,126.0056381225586,21,dataset/masks_binary/green_immature/20260430_114838.png,89161,24,0.7430083333333334,1,dataset/masks_binary/pale_pink/20260430_114838.png,20933,1,0.17444166666666666,1,dataset/masks_binary/pink_turns_purple/20260430_114838.png,19247,1,0.16039166666666665,5,dataset/masks_binary/fully_ripe/20260430_114838.png,47365,6,0.3947083333333334,0,dataset/masks_binary/over_ripe/20260430_114838.png,0,0,0.0
20260430_114848,20260430_114848.jpg,train,dataset/images/20260430_114848.jpg,dataset/masks_semantic/20260430_114848.png,dataset/masks_overall/20260430_114848.png,3000,4000,13,4000,3000,6,samsung,Galaxy S24 Ultra,2026:04:30 11:48:48,3414781,3391989,06d43ab0b01758a4a02a2f8d25ebfc90a2f1ae59c5507e30241caa811960a685,199690bc41644066f1669535c04b0e78d46bf4135c0425c5aef751a2bbea6d1e,263492,0,0,43833,108.9259033203125,55.591957092285156,721.0960083007812,111.47158813476562,3,dataset/masks_binary/green_immature/20260430_114848.png,16588,3,0.13823333333333332,2,dataset/masks_binary/pale_pink/20260430_114848.png,52636,2,0.4386333333333333,2,dataset/masks_binary/pink_turns_purple/20260430_114848.png,26274,2,0.21895,6,dataset/masks_binary/fully_ripe/20260430_114848.png,167994,6,1.39995,0,dataset/masks_binary/over_ripe/20260430_114848.png,0,0,0.0
20260430_114854,20260430_114854.jpg,train,dataset/images/20260430_114854.jpg,dataset/masks_semantic/20260430_114854.png,dataset/masks_overall/20260430_114854.png,3000,4000,52,4000,3000,6,samsung,Galaxy S24 Ultra,2026:04:30 11:48:53,3719881,3768047,7d041d5056f9fc94ec2a7da5809dfdedea10c83654e1ed2c01fd46dd1ef229ef,7e67259c17df07af47ff1040ac454bd15f73635d333072db9a0ba307ba2a9a45,543649,33,0,114906,105.9848861694336,47.00873565673828,1284.8590087890625,144.1476287841797,38,dataset/masks_binary/green_immature/20260430_114854.png,329164,38,2.7430333333333334,4,dataset/masks_binary/pale_pink/20260430_114854.png,86472,4,0.7206,0,dataset/masks_binary/pink_turns_purple/20260430_114854.png,0,0,0.0,7,dataset/masks_binary/fully_ripe/20260430_114854.png,63554,7,0.5296166666666667,3,dataset/masks_binary/over_ripe/20260430_114854.png,64492,3,0.5374333333333333
20260430_114900,20260430_114900.jpg,train,dataset/images/20260430_114900.jpg,dataset/masks_semantic/20260430_114900.png,dataset/masks_overall/20260430_114900.png,3000,4000,48,4000,3000,6,samsung,Galaxy S24 Ultra,2026:04:30 11:49:00,3843014,3922298,3089be7925557ae7c58f7923b322e10811f7e8da408785dc4f3bdf2978eb3e9f,6f8fa10de17267d66f46c2ee5e54652c8a723fb43bf2151b530eeadacb6d9e17,792119,9,0,134929,102.33428955078125,45.72842788696289,1090.88134765625,140.1278533935547,29,dataset/masks_binary/green_immature/20260430_114900.png,395802,30,3.29835,2,dataset/masks_binary/pale_pink/20260430_114900.png,54281,2,0.4523416666666667,2,dataset/masks_binary/pink_turns_purple/20260430_114900.png,48813,2,0.406775,14,dataset/masks_binary/fully_ripe/20260430_114900.png,262718,16,2.1893166666666666,1,dataset/masks_binary/over_ripe/20260430_114900.png,30514,1,0.2542833333333333
20260430_114912,20260430_114912.jpg,train,dataset/images/20260430_114912.jpg,dataset/masks_semantic/20260430_114912.png,dataset/masks_overall/20260430_114912.png,3000,4000,81,4000,3000,6,samsung,Galaxy S24 Ultra,2026:04:30 11:49:12,3953876,4106044,d5bbb9541f381e39abc68a31b9b88931bd579148771c454c9ccd89c687f2ed7d,be00d0741b8d62d2e34ee4a2dc92b2424507c11d7a59a88e6db33f5d2ba29c53,355609,4,0,115588,111.8790512084961,56.340091705322266,2035.2286376953125,113.8158187866211,42,dataset/masks_binary/green_immature/20260430_114912.png,161163,45,1.343025,3,dataset/masks_binary/pale_pink/20260430_114912.png,24292,3,0.20243333333333333,5,dataset/masks_binary/pink_turns_purple/20260430_114912.png,9479,5,0.07899166666666667,31,dataset/masks_binary/fully_ripe/20260430_114912.png,160679,36,1.3389916666666666,0,dataset/masks_binary/over_ripe/20260430_114912.png,0,0,0.0
20260430_114921,20260430_114921.jpg,val,dataset/images/20260430_114921.jpg,dataset/masks_semantic/20260430_114921.png,dataset/masks_overall/20260430_114921.png,3000,4000,26,4000,3000,6,samsung,Galaxy S24 Ultra,2026:04:30 11:49:21,3333008,3315624,62764b163a81353051266adc32287c25286dc462dfd7a184ccc311772c5fe34c,97005bf1df44bf830977ba86ad7db62f3b48930557b4004247c64f0a1a2efafa,251866,0,0,52573,113.67302703857422,58.80020523071289,1026.590576171875,86.6167221069336,16,dataset/masks_binary/green_immature/20260430_114921.png,90301,17,0.7525083333333333,1,dataset/masks_binary/pale_pink/20260430_114921.png,6617,1,0.055141666666666665,1,dataset/masks_binary/pink_turns_purple/20260430_114921.png,29536,1,0.24613333333333332,8,dataset/masks_binary/fully_ripe/20260430_114921.png,125412,8,1.0451,0,dataset/masks_binary/over_ripe/20260430_114921.png,0,0,0.0
20260430_114927,20260430_114927.jpg,train,dataset/images/20260430_114927.jpg,dataset/masks_semantic/20260430_114927.png,dataset/masks_overall/20260430_114927.png,3000,4000,13,4000,3000,6,samsung,Galaxy S24 Ultra,2026:04:30 11:49:26,3852139,3894890,dce0530be31a3e00a74ddd19bdcd5baf05a4df56502c5a7ee13807e5d799a2a1,00f90d732f647cff68b8361bc7325ff511f73d0244103ef1512c9c332d982066,303560,0,0,45801,122.17130279541016,42.41598129272461,916.22802734375,168.27088928222656,6,dataset/masks_binary/green_immature/20260430_114927.png,83294,6,0.6941166666666667,1,dataset/masks_binary/pale_pink/20260430_114927.png,31325,1,0.26104166666666667,0,dataset/masks_binary/pink_turns_purple/20260430_114927.png,0,0,0.0,6,dataset/masks_binary/fully_ripe/20260430_114927.png,188941,7,1.5745083333333334,0,dataset/masks_binary/over_ripe/20260430_114927.png,0,0,0.0
20260430_114931,20260430_114931.jpg,train,dataset/images/20260430_114931.jpg,dataset/masks_semantic/20260430_114931.png,dataset/masks_overall/20260430_114931.png,3000,4000,14,4000,3000,6,samsung,Galaxy S24 Ultra,2026:04:30 11:49:31,3615530,3574459,27f675d20c9fbf853b1d30a4dc6317713d787900810605a4d77b8b4cfacf7f20,68020001039f09ada5cdf563589279b09de7e86276a16918c27c746fe478a6eb,308776,2,0,45347,111.5836410522461,49.62907028198242,655.3629760742188,124.88895416259766,7,dataset/masks_binary/green_immature/20260430_114931.png,95308,7,0.7942333333333332,0,dataset/masks_binary/pale_pink/20260430_114931.png,0,0,0.0,2,dataset/masks_binary/pink_turns_purple/20260430_114931.png,62119,2,0.5176583333333333,5,dataset/masks_binary/fully_ripe/20260430_114931.png,151351,5,1.2612583333333334,0,dataset/masks_binary/over_ripe/20260430_114931.png,0,0,0.0
20260430_114942,20260430_114942.jpg,train,dataset/images/20260430_114942.jpg,dataset/masks_semantic/20260430_114942.png,dataset/masks_overall/20260430_114942.png,3000,4000,31,4000,3000,6,samsung,Galaxy S24 Ultra,2026:04:30 11:49:42,3478763,3371648,9d1c4327006fb4e3802e4c620a18af44ff895451ae1f6da4f273e51c8d15fee5,496e9e05b779da33ab194b916a1815dd80274fdbf118363a1d01ba2a55b2ee12,947132,2,0,119695,111.77503204345703,47.525352478027344,496.596435546875,113.0831298828125,18,dataset/masks_binary/green_immature/20260430_114942.png,505971,18,4.216425,3,dataset/masks_binary/pale_pink/20260430_114942.png,80650,3,0.6720833333333333,0,dataset/masks_binary/pink_turns_purple/20260430_114942.png,0,0,0.0,10,dataset/masks_binary/fully_ripe/20260430_114942.png,360513,12,3.004275,0,dataset/masks_binary/over_ripe/20260430_114942.png,0,0,0.0
20260430_114945,20260430_114945.jpg,val,dataset/images/20260430_114945.jpg,dataset/masks_semantic/20260430_114945.png,dataset/masks_overall/20260430_114945.png,3000,4000,12,4000,3000,6,samsung,Galaxy S24 Ultra,2026:04:30 11:49:45,3402368,3309971,81f89ab51fd70e732caad217508b79e288f357c233d141d958abd167186dcf3e,f28ad93fae389765f3940fe026efbfc5f69c92a4038290288f4d9ffcc32660df,403878,6,0,45474,110.69180297851562,44.1845703125,372.6049499511719,161.5661163330078,10,dataset/masks_binary/green_immature/20260430_114945.png,267674,13,2.2306166666666667,0,dataset/masks_binary/pale_pink/20260430_114945.png,0,0,0.0,2,dataset/masks_binary/pink_turns_purple/20260430_114945.png,136208,2,1.1350666666666667,0,dataset/masks_binary/fully_ripe/20260430_114945.png,0,0,0.0,0,dataset/masks_binary/over_ripe/20260430_114945.png,0,0,0.0
20260430_114950,20260430_114950.jpg,train,dataset/images/20260430_114950.jpg,dataset/masks_semantic/20260430_114950.png,dataset/masks_overall/20260430_114950.png,3000,4000,21,4000,3000,6,samsung,Galaxy S24 Ultra,2026:04:30 11:49:50,4222055,4317962,4bbc731d0cd6045e621857e63f538a460b39ea580453c4a13e960767b65d4181,976e8e05960e433bf7a3b53198b61348527ed4eed0af267acfc15690350195c9,472043,7,0,70670,112.54647064208984,52.36077880859375,1386.29541015625,144.38311767578125,14,dataset/masks_binary/green_immature/20260430_114950.png,304942,14,2.5411833333333336,1,dataset/masks_binary/pale_pink/20260430_114950.png,40861,1,0.34050833333333336,1,dataset/masks_binary/pink_turns_purple/20260430_114950.png,6604,1,0.05503333333333334,5,dataset/masks_binary/fully_ripe/20260430_114950.png,119643,5,0.997025,0,dataset/masks_binary/over_ripe/20260430_114950.png,0,0,0.0
20260430_114959,20260430_114959.jpg,test,dataset/images/20260430_114959.jpg,dataset/masks_semantic/20260430_114959.png,dataset/masks_overall/20260430_114959.png,3000,4000,28,4000,3000,6,samsung,Galaxy S24 Ultra,2026:04:30 11:49:59,3596306,3615119,55c00b62884f3b5ef6b31e9120963a3f0bf77f1a0e45ef1a484f7278a50c3e5d,2f09757764f6e124126e4390fa5809c17dd647786717490c6281449450b4c824,579090,16,0,90276,117.90760040283203,50.06930160522461,940.0037231445312,143.42298889160156,16,dataset/masks_binary/green_immature/20260430_114959.png,322408,16,2.686733333333333,1,dataset/masks_binary/pale_pink/20260430_114959.png,43116,1,0.3593,0,dataset/masks_binary/pink_turns_purple/20260430_114959.png,0,0,0.0,11,dataset/masks_binary/fully_ripe/20260430_114959.png,213582,30,1.77985,0,dataset/masks_binary/over_ripe/20260430_114959.png,0,0,0.0
20260430_115007,20260430_115007.jpg,train,dataset/images/20260430_115007.jpg,dataset/masks_semantic/20260430_115007.png,dataset/masks_overall/20260430_115007.png,3000,4000,32,4000,3000,6,samsung,Galaxy S24 Ultra,2026:04:30 11:50:07,3497886,3421196,f4dfb05d327c41c6bdc0b65136387733dd1dfe9a12985d71ed1b9e9f8fba32df,0d41b7269aa49ae2730dede9f81ce7f664cd6aeb526dd810c12461255a3394ee,805233,0,0,115603,116.50146484375,49.5242919921875,630.4403076171875,173.5751495361328,21,dataset/masks_binary/green_immature/20260430_115007.png,437492,21,3.645766666666667,0,dataset/masks_binary/pale_pink/20260430_115007.png,0,0,0.0,1,dataset/masks_binary/pink_turns_purple/20260430_115007.png,29473,1,0.24560833333333332,10,dataset/masks_binary/fully_ripe/20260430_115007.png,338268,10,2.8188999999999997,0,dataset/masks_binary/over_ripe/20260430_115007.png,0,0,0.0
20260430_115015,20260430_115015.jpg,train,dataset/images/20260430_115015.jpg,dataset/masks_semantic/20260430_115015.png,dataset/masks_overall/20260430_115015.png,3000,4000,12,4000,3000,6,samsung,Galaxy S24 Ultra,2026:04:30 11:50:15,3009550,2902318,65a621147c9ed85a986a6eb2b1338c191b2633abf6c16776a26c9b644765f845,84be81f296ab3f983e191c0594bf5e31b399246c28d9a9ce6b935474725cf121,135417,0,0,30453,134.28912353515625,60.297088623046875,548.3545532226562,128.80894470214844,4,dataset/masks_binary/green_immature/20260430_115015.png,37670,4,0.3139166666666667,0,dataset/masks_binary/pale_pink/20260430_115015.png,0,0,0.0,4,dataset/masks_binary/pink_turns_purple/20260430_115015.png,52507,4,0.4375583333333334,4,dataset/masks_binary/fully_ripe/20260430_115015.png,45240,4,0.377,0,dataset/masks_binary/over_ripe/20260430_115015.png,0,0,0.0
20260430_115039,20260430_115039.jpg,train,dataset/images/20260430_115039.jpg,dataset/masks_semantic/20260430_115039.png,dataset/masks_overall/20260430_115039.png,3000,4000,2,4000,3000,6,samsung,Galaxy S24 Ultra,2026:04:30 11:50:39,3366992,3324772,3101a442dc3d6dbd9829163dda2842abc6a2144cff24b2c6316dbe3b4be4635d,7cb34ecb4e2e9eec68d787060d825e7311dfcbc94739e37a892d3b50ffacce74,71883,0,0,8746,111.20037841796875,49.1619873046875,594.8349609375,136.30191040039062,0,dataset/masks_binary/green_immature/20260430_115039.png,0,0,0.0,0,dataset/masks_binary/pale_pink/20260430_115039.png,0,0,0.0,0,dataset/masks_binary/pink_turns_purple/20260430_115039.png,0,0,0.0,2,dataset/masks_binary/fully_ripe/20260430_115039.png,71883,2,0.599025,0,dataset/masks_binary/over_ripe/20260430_115039.png,0,0,0.0
20260430_115043,20260430_115043.jpg,train,dataset/images/20260430_115043.jpg,dataset/masks_semantic/20260430_115043.png,dataset/masks_overall/20260430_115043.png,3000,4000,28,4000,3000,6,samsung,Galaxy S24 Ultra,2026:04:30 11:50:43,3732063,3834779,3cea3ae1b848d886aee86132160ea443798b0fd35aad005a52ed3490e4bec24a,0faff272527554956136e06cfb83bb7eb55e39f4ca050b25df44dd5a1812f3df,205533,0,0,52661,102.4349594116211,49.48374938964844,1628.0357666015625,148.680908203125,15,dataset/masks_binary/green_immature/20260430_115043.png,94043,15,0.7836916666666668,3,dataset/masks_binary/pale_pink/20260430_115043.png,39952,3,0.33293333333333336,0,dataset/masks_binary/pink_turns_purple/20260430_115043.png,0,0,0.0,10,dataset/masks_binary/fully_ripe/20260430_115043.png,71538,10,0.59615,0,dataset/masks_binary/over_ripe/20260430_115043.png,0,0,0.0
20260430_115047,20260430_115047.jpg,train,dataset/images/20260430_115047.jpg,dataset/masks_semantic/20260430_115047.png,dataset/masks_overall/20260430_115047.png,3000,4000,24,4000,3000,6,samsung,Galaxy S24 Ultra,2026:04:30 11:50:47,3827080,3868343,d8b5570edd64c04c99e70fb5ba919397f89a1c590b0869754eba384af248eb03,c07dba2c91c3a2e1807eba731ad4b3bbb427732369911bd80fa678ebed923a66,389453,0,0,70615,114.5685806274414,48.22481918334961,1056.0931396484375,150.0910186767578,18,dataset/masks_binary/green_immature/20260430_115047.png,226136,19,1.8844666666666665,0,dataset/masks_binary/pale_pink/20260430_115047.png,0,0,0.0,1,dataset/masks_binary/pink_turns_purple/20260430_115047.png,15601,1,0.13000833333333334,5,dataset/masks_binary/fully_ripe/20260430_115047.png,147716,5,1.2309666666666668,0,dataset/masks_binary/over_ripe/20260430_115047.png,0,0,0.0
20260430_115054,20260430_115054.jpg,test,dataset/images/20260430_115054.jpg,dataset/masks_semantic/20260430_115054.png,dataset/masks_overall/20260430_115054.png,3000,4000,30,4000,3000,6,samsung,Galaxy S24 Ultra,2026:04:30 11:50:54,3541332,3488305,0683f9f73500852b23bc3fd34a9f17c0c5efda99e28e374d28308ac2f26d0cb2,5a1f8cd382430af63f659ea5a90db2323d742956a518e1b0296f2ad5503c0fc3,331083,79,0,69547,111.2923812866211,49.74455642700195,705.9381713867188,135.2120819091797,10,dataset/masks_binary/green_immature/20260430_115054.png,70280,10,0.5856666666666667,5,dataset/masks_binary/pale_pink/20260430_115054.png,91154,5,0.7596166666666667,0,dataset/masks_binary/pink_turns_purple/20260430_115054.png,0,0,0.0,15,dataset/masks_binary/fully_ripe/20260430_115054.png,169638,14,1.41365,0,dataset/masks_binary/over_ripe/20260430_115054.png,0,0,0.0
20260430_115106,20260430_115106.jpg,train,dataset/images/20260430_115106.jpg,dataset/masks_semantic/20260430_115106.png,dataset/masks_overall/20260430_115106.png,3000,4000,25,4000,3000,6,samsung,Galaxy S24 Ultra,2026:04:30 11:51:06,4066643,4194414,b91d7a0d1f68adf436a99977515779cdc20dd84540bfa672263b3f2177b2d247,6942568666a828f44936ac7c56d91766324776937bd7a3c46b5efe1659d0e90f,464391,5,0,76430,114.22906494140625,53.53400421142578,1560.8768310546875,134.8319091796875,14,dataset/masks_binary/green_immature/20260430_115106.png,137833,14,1.1486083333333332,0,dataset/masks_binary/pale_pink/20260430_115106.png,0,0,0.0,0,dataset/masks_binary/pink_turns_purple/20260430_115106.png,0,0,0.0,11,dataset/masks_binary/fully_ripe/20260430_115106.png,326563,12,2.7213583333333333,0,dataset/masks_binary/over_ripe/20260430_115106.png,0,0,0.0
20260430_115112,20260430_115112.jpg,train,dataset/images/20260430_115112.jpg,dataset/masks_semantic/20260430_115112.png,dataset/masks_overall/20260430_115112.png,3000,4000,32,4000,3000,6,samsung,Galaxy S24 Ultra,2026:04:30 11:51:12,3741857,3784346,b416950c90d42929d96f8d6248eee37479cfb4f23ae0dde2f2ced4706b1c7844,603866a23b229ff001765e6f7154441676669597d8e8306237c9bd6369192955,786115,21,0,111380,115.63846588134766,50.048622131347656,1188.3487548828125,136.55384826660156,19,dataset/masks_binary/green_immature/20260430_115112.png,246986,20,2.0582166666666666,0,dataset/masks_binary/pale_pink/20260430_115112.png,0,0,0.0,2,dataset/masks_binary/pink_turns_purple/20260430_115112.png,48298,2,0.40248333333333336,11,dataset/masks_binary/fully_ripe/20260430_115112.png,490852,12,4.090433333333333,0,dataset/masks_binary/over_ripe/20260430_115112.png,0,0,0.0
20260430_115116,20260430_115116.jpg,test,dataset/images/20260430_115116.jpg,dataset/masks_semantic/20260430_115116.png,dataset/masks_overall/20260430_115116.png,3000,4000,18,4000,3000,6,samsung,Galaxy S24 Ultra,2026:04:30 11:51:16,3739415,3766323,1e73d3e71439dd3604d3e1b75d828647175bae8ba09f60f790e959fba795e337,303ce9471ad3d055cbeabfc631267979ea0893f1c7a6fde8921815afdb3786a3,331216,5,0,59692,114.34329223632812,48.986385345458984,901.9249877929688,140.47645568847656,15,dataset/masks_binary/green_immature/20260430_115116.png,204454,17,1.7037833333333332,0,dataset/masks_binary/pale_pink/20260430_115116.png,0,0,0.0,1,dataset/masks_binary/pink_turns_purple/20260430_115116.png,60201,1,0.5016750000000001,2,dataset/masks_binary/fully_ripe/20260430_115116.png,66566,2,0.5547166666666666,0,dataset/masks_binary/over_ripe/20260430_115116.png,0,0,0.0
20260430_115120,20260430_115120.jpg,test,dataset/images/20260430_115120.jpg,dataset/masks_semantic/20260430_115120.png,dataset/masks_overall/20260430_115120.png,3000,4000,26,4000,3000,6,samsung,Galaxy S24 Ultra,2026:04:30 11:51:20,3481757,3564420,b53f6a5856a43f5555c0e1d1fe22cacb27f21e2d7bee8bb31362f88707432b3d,5b1c03eb0a5ca599e20dcd5c90ed8e1aca7df1e6f9937c205143a1fff87b8fa3,752564,159,0,98288,119.4124526977539,43.526676177978516,834.2106323242188,137.5792999267578,17,dataset/masks_binary/green_immature/20260430_115120.png,318721,17,2.6560083333333333,0,dataset/masks_binary/pale_pink/20260430_115120.png,0,0,0.0,0,dataset/masks_binary/pink_turns_purple/20260430_115120.png,0,0,0.0,9,dataset/masks_binary/fully_ripe/20260430_115120.png,434002,9,3.6166833333333335,0,dataset/masks_binary/over_ripe/20260430_115120.png,0,0,0.0
20260430_115131,20260430_115131.jpg,train,dataset/images/20260430_115131.jpg,dataset/masks_semantic/20260430_115131.png,dataset/masks_overall/20260430_115131.png,3000,4000,43,4000,3000,6,samsung,Galaxy S24 Ultra,2026:04:30 11:51:30,3289550,3220814,d263ce1bc906da0243da061fd0c2107d53f608520bd72d1124f8d2e35c779da1,f0fc36506772cf87a4be75b7c1e8dfd1b6c667f9001a07e1608ef50703ab1aa1,1196062,11,0,157803,112.2416763305664,59.560752868652344,577.1885986328125,93.8998794555664,23,dataset/masks_binary/green_immature/20260430_115131.png,356142,24,2.96785,2,dataset/masks_binary/pale_pink/20260430_115131.png,47261,2,0.39384166666666665,0,dataset/masks_binary/pink_turns_purple/20260430_115131.png,0,0,0.0,18,dataset/masks_binary/fully_ripe/20260430_115131.png,792670,18,6.605583333333333,0,dataset/masks_binary/over_ripe/20260430_115131.png,0,0,0.0
20260430_115135,20260430_115135.jpg,train,dataset/images/20260430_115135.jpg,dataset/masks_semantic/20260430_115135.png,dataset/masks_overall/20260430_115135.png,3000,4000,40,4000,3000,6,samsung,Galaxy S24 Ultra,2026:04:30 11:51:35,3519605,3570415,6857cfe220850b5ec27e215dbec4b93ce43cb501b106de55539be7baac150abc,4bffb988132ad68a77af4a5ee44818542e3b6ee755e2e492b202d950fcfa60f9,663565,5,0,107920,97.23480987548828,51.358177185058594,1050.3890380859375,125.14459228515625,26,dataset/masks_binary/green_immature/20260430_115135.png,405237,24,3.3769750000000003,2,dataset/masks_binary/pale_pink/20260430_115135.png,20876,2,0.17396666666666666,0,dataset/masks_binary/pink_turns_purple/20260430_115135.png,0,0,0.0,12,dataset/masks_binary/fully_ripe/20260430_115135.png,237455,12,1.9787916666666665,0,dataset/masks_binary/over_ripe/20260430_115135.png,0,0,0.0
20260430_115139,20260430_115139.jpg,train,dataset/images/20260430_115139.jpg,dataset/masks_semantic/20260430_115139.png,dataset/masks_overall/20260430_115139.png,3000,4000,7,4000,3000,6,samsung,Galaxy S24 Ultra,2026:04:30 11:51:39,3255631,3167173,868f4e875f5bceb1e1f74581b1b80e2fc46e6b5f25ba2b36b50bb8a1f611d28f,0fe40fd2aa4dccf9a0b8b474316cfa5198955c18c9c4d974a47026edffd1c22b,175381,0,0,26358,122.79692840576172,53.52515411376953,427.679443359375,127.96887969970703,2,dataset/masks_binary/green_immature/20260430_115139.png,23572,2,0.19643333333333332,1,dataset/masks_binary/pale_pink/20260430_115139.png,35781,1,0.298175,0,dataset/masks_binary/pink_turns_purple/20260430_115139.png,0,0,0.0,4,dataset/masks_binary/fully_ripe/20260430_115139.png,116028,4,0.9669000000000001,0,dataset/masks_binary/over_ripe/20260430_115139.png,0,0,0.0
20260430_115150,20260430_115150.jpg,train,dataset/images/20260430_115150.jpg,dataset/masks_semantic/20260430_115150.png,dataset/masks_overall/20260430_115150.png,3000,4000,29,4000,3000,6,samsung,Galaxy S24 Ultra,2026:04:30 11:51:50,3006936,3190296,7eeaadba34e6730be3776b4320d9985963e421db31c6c3832f9f4211ddcef6ee,03e57681af3b512689e6e17f68be62bb374c90b3a16b970d5e6091bc4df42ab6,1906539,59,0,169936,115.39095306396484,39.977294921875,787.4276733398438,140.1798858642578,14,dataset/masks_binary/green_immature/20260430_115150.png,965294,14,8.044116666666666,1,dataset/masks_binary/pale_pink/20260430_115150.png,110616,1,0.9218000000000001,0,dataset/masks_binary/pink_turns_purple/20260430_115150.png,0,0,0.0,14,dataset/masks_binary/fully_ripe/20260430_115150.png,830632,15,6.921933333333333,0,dataset/masks_binary/over_ripe/20260430_115150.png,0,0,0.0
20260430_115157,20260430_115157.jpg,train,dataset/images/20260430_115157.jpg,dataset/masks_semantic/20260430_115157.png,dataset/masks_overall/20260430_115157.png,3000,4000,16,4000,3000,6,samsung,Galaxy S24 Ultra,2026:04:30 11:51:57,2611187,2773354,21798f9f824e7a1813fe5de34e72bfdd72f50ada9f9d4515f4a6432c1a601532,efb4e5be8f907d15300a4bc732a5243b272eec688ae1f473cb100f8ab5a1263c,1556799,0,0,117627,112.7119369506836,35.58880615234375,594.8524780273438,101.20172882080078,11,dataset/masks_binary/green_immature/20260430_115157.png,835627,12,6.963558333333333,0,dataset/masks_binary/pale_pink/20260430_115157.png,0,0,0.0,0,dataset/masks_binary/pink_turns_purple/20260430_115157.png,0,0,0.0,5,dataset/masks_binary/fully_ripe/20260430_115157.png,721172,5,6.009766666666667,0,dataset/masks_binary/over_ripe/20260430_115157.png,0,0,0.0
20260430_115207,20260430_115207.jpg,train,dataset/images/20260430_115207.jpg,dataset/masks_semantic/20260430_115207.png,dataset/masks_overall/20260430_115207.png,3000,4000,16,4000,3000,6,samsung,Galaxy S24 Ultra,2026:04:30 11:52:06,3522518,3475971,d94a4ce7636b6bd513984df5ad20bf4fe8f592adc7efd52aa1f818d31a364254,c6f974a4096fa5e644c233f3dc792a23d07971a02fd040fc4600293d0b9b14af,362210,37,0,58445,111.72100830078125,52.267330169677734,823.5771484375,114.47552490234375,3,dataset/masks_binary/green_immature/20260430_115207.png,45816,3,0.38180000000000003,1,dataset/masks_binary/pale_pink/20260430_115207.png,29638,1,0.24698333333333333,2,dataset/masks_binary/pink_turns_purple/20260430_115207.png,41984,3,0.34986666666666666,10,dataset/masks_binary/fully_ripe/20260430_115207.png,244783,11,2.0398583333333336,0,dataset/masks_binary/over_ripe/20260430_115207.png,0,0,0.0
20260430_115218,20260430_115218.jpg,val,dataset/images/20260430_115218.jpg,dataset/masks_semantic/20260430_115218.png,dataset/masks_overall/20260430_115218.png,3000,4000,57,4000,3000,6,samsung,Galaxy S24 Ultra,2026:04:30 11:52:18,3732506,3764319,86bae19b2bb4f221a826eb23d12855da8525d7cd03ab52e5624adbe58642969b,42db42cc9d867a8dc71109a7db9d749221b25bb84ea9b313e19d0a830d8c35a4,306157,23,0,94447,105.84930419921875,50.820858001708984,981.1525268554688,112.93630981445312,50,dataset/masks_binary/green_immature/20260430_115218.png,209954,52,1.7496166666666666,1,dataset/masks_binary/pale_pink/20260430_115218.png,21923,1,0.18269166666666667,1,dataset/masks_binary/pink_turns_purple/20260430_115218.png,15816,1,0.1318,5,dataset/masks_binary/fully_ripe/20260430_115218.png,58461,5,0.487175,0,dataset/masks_binary/over_ripe/20260430_115218.png,0,0,0.0
20260430_115223,20260430_115223.jpg,val,dataset/images/20260430_115223.jpg,dataset/masks_semantic/20260430_115223.png,dataset/masks_overall/20260430_115223.png,3000,4000,25,4000,3000,6,samsung,Galaxy S24 Ultra,2026:04:30 11:52:23,3353876,3317601,5749659fff0c2398abb2adec1ea6875d3c90ed24ed2559b75c33139c9f4487f9,b84f736b468773ca414e818a4ee475e3f1437e6938deaebbc27022c80b70d6fe,468083,17,0,78393,110.1609115600586,59.57811737060547,880.154541015625,101.68978118896484,12,dataset/masks_binary/green_immature/20260430_115223.png,188354,12,1.5696166666666667,0,dataset/masks_binary/pale_pink/20260430_115223.png,0,0,0.0,2,dataset/masks_binary/pink_turns_purple/20260430_115223.png,55249,2,0.4604083333333333,11,dataset/masks_binary/fully_ripe/20260430_115223.png,224497,11,1.8708083333333334,0,dataset/masks_binary/over_ripe/20260430_115223.png,0,0,0.0
20260430_115228,20260430_115228.jpg,test,dataset/images/20260430_115228.jpg,dataset/masks_semantic/20260430_115228.png,dataset/masks_overall/20260430_115228.png,3000,4000,23,4000,3000,6,samsung,Galaxy S24 Ultra,2026:04:30 11:52:28,4004347,4100188,a2bce149ec41c21c28f58fcb7a0b7541a73fc0da0c64c60a105227faa40fea15,db4d7299c0efab58bf6a0c6612bed274d9efa4462509cd95a25e8e04622dbb12,197791,0,0,50103,113.850830078125,45.28118896484375,1281.7838134765625,139.51011657714844,15,dataset/masks_binary/green_immature/20260430_115228.png,100995,15,0.8416250000000001,1,dataset/masks_binary/pale_pink/20260430_115228.png,33351,1,0.277925,0,dataset/masks_binary/pink_turns_purple/20260430_115228.png,0,0,0.0,7,dataset/masks_binary/fully_ripe/20260430_115228.png,63445,7,0.5287083333333333,0,dataset/masks_binary/over_ripe/20260430_115228.png,0,0,0.0
20260430_115234,20260430_115234.jpg,train,dataset/images/20260430_115234.jpg,dataset/masks_semantic/20260430_115234.png,dataset/masks_overall/20260430_115234.png,3000,4000,11,4000,3000,6,samsung,Galaxy S24 Ultra,2026:04:30 11:52:34,3332561,3418339,e6a048efb5bfb1e26bec8877c150331d77e3a02461fe94cfb44253d6e304f415,09faf4473796fa38c26ee53a80b15690b1b5de12b2010de85084255e10ffa233,164066,0,0,29885,114.44476318359375,50.03253936767578,1000.7153930664062,140.00628662109375,6,dataset/masks_binary/green_immature/20260430_115234.png,66398,6,0.5533166666666667,2,dataset/masks_binary/pale_pink/20260430_115234.png,49236,2,0.4103,0,dataset/masks_binary/pink_turns_purple/20260430_115234.png,0,0,0.0,3,dataset/masks_binary/fully_ripe/20260430_115234.png,48432,3,0.40359999999999996,0,dataset/masks_binary/over_ripe/20260430_115234.png,0,0,0.0
20260430_115237,20260430_115237.jpg,test,dataset/images/20260430_115237.jpg,dataset/masks_semantic/20260430_115237.png,dataset/masks_overall/20260430_115237.png,3000,4000,6,4000,3000,6,samsung,Galaxy S24 Ultra,2026:04:30 11:52:36,3240646,3138807,fd7d5c61d228aa79326113f88f87d80c0ca04f56e530cc514f62610c957c83a1,62c6a43993dc55d8bba2e0937adf1b8eb5f203dd4244d893c1f9914bb331b94d,196183,0,0,23104,116.84130859375,53.11093521118164,338.85205078125,121.11761474609375,3,dataset/masks_binary/green_immature/20260430_115237.png,19157,3,0.15964166666666668,1,dataset/masks_binary/pale_pink/20260430_115237.png,41037,1,0.34197500000000003,0,dataset/masks_binary/pink_turns_purple/20260430_115237.png,0,0,0.0,2,dataset/masks_binary/fully_ripe/20260430_115237.png,135989,2,1.1332416666666667,0,dataset/masks_binary/over_ripe/20260430_115237.png,0,0,0.0
20260430_115246,20260430_115246.jpg,train,dataset/images/20260430_115246.jpg,dataset/masks_semantic/20260430_115246.png,dataset/masks_overall/20260430_115246.png,3000,4000,49,4000,3000,6,samsung,Galaxy S24 Ultra,2026:04:30 11:52:46,3614805,3693805,3cdd027f76d44444f1ad4f805579a57ff080b523c04365e26107cb856a8a953c,a04b7e5b2fa8bad38f3dd0780daf1b0cf7f6ca26a797027347ae0d039ee6afca,475037,7,0,97355,108.2519302368164,54.46696472167969,1665.0048828125,102.6472396850586,26,dataset/masks_binary/green_immature/20260430_115246.png,123132,26,1.0261,0,dataset/masks_binary/pale_pink/20260430_115246.png,0,0,0.0,1,dataset/masks_binary/pink_turns_purple/20260430_115246.png,1592,1,0.013266666666666668,22,dataset/masks_binary/fully_ripe/20260430_115246.png,350316,24,2.9193000000000002,0,dataset/masks_binary/over_ripe/20260430_115246.png,0,0,0.0
20260430_115304,20260430_115304.jpg,test,dataset/images/20260430_115304.jpg,dataset/masks_semantic/20260430_115304.png,dataset/masks_overall/20260430_115304.png,3000,4000,30,4000,3000,6,samsung,Galaxy S24 Ultra,2026:04:30 11:53:04,3445360,3463797,5e0a741c24640a5fb5e8cb54dacb8492915b73803a70707da3490146b9fc72b5,fb742c3d33d1fb428079bf2cf9a6f59906b4acc7fb817772e7fb3da7e7b713ca,411247,1,0,84127,111.3539047241211,61.1826057434082,1019.0144653320312,93.9448013305664,13,dataset/masks_binary/green_immature/20260430_115304.png,158429,13,1.3202416666666665,0,dataset/masks_binary/pale_pink/20260430_115304.png,0,0,0.0,2,dataset/masks_binary/pink_turns_purple/20260430_115304.png,39340,2,0.3278333333333333,15,dataset/masks_binary/fully_ripe/20260430_115304.png,213479,16,1.7789916666666665,0,dataset/masks_binary/over_ripe/20260430_115304.png,0,0,0.0
20260430_115310,20260430_115310.jpg,val,dataset/images/20260430_115310.jpg,dataset/masks_semantic/20260430_115310.png,dataset/masks_overall/20260430_115310.png,3000,4000,28,4000,3000,6,samsung,Galaxy S24 Ultra,2026:04:30 11:53:10,3363407,3365893,9f401daba3f0ccc12db7dd80bade20d9be5de6b32ee77aa81b28562ea3655dfc,b1b4594345bf471e508752d54e6404be4758ef52200158deae89265cd94fc9a1,371546,0,0,64883,105.50199127197266,57.27958297729492,767.0802612304688,104.77313232421875,22,dataset/masks_binary/green_immature/20260430_115310.png,171818,24,1.4318166666666667,1,dataset/masks_binary/pale_pink/20260430_115310.png,60803,1,0.5066916666666667,0,dataset/masks_binary/pink_turns_purple/20260430_115310.png,0,0,0.0,5,dataset/masks_binary/fully_ripe/20260430_115310.png,138925,5,1.1577083333333333,0,dataset/masks_binary/over_ripe/20260430_115310.png,0,0,0.0
20260430_115320,20260430_115320.jpg,train,dataset/images/20260430_115320.jpg,dataset/masks_semantic/20260430_115320.png,dataset/masks_overall/20260430_115320.png,3000,4000,27,4000,3000,6,samsung,Galaxy S24 Ultra,2026:04:30 11:53:20,3858545,3940095,816ae4b4bf83a94c0cba134bd73449ea2257fbd4db53735cf4ea2fd8e2724e60,5858a63bb18ad666c13bac48b6d65446c718ac5664cc2a73be590609011e6cdb,401067,0,0,73514,105.424072265625,45.185768127441406,1388.1888427734375,149.94618225097656,9,dataset/masks_binary/green_immature/20260430_115320.png,102238,9,0.8519833333333334,1,dataset/masks_binary/pale_pink/20260430_115320.png,1524,1,0.0127,1,dataset/masks_binary/pink_turns_purple/20260430_115320.png,27911,1,0.23259166666666667,16,dataset/masks_binary/fully_ripe/20260430_115320.png,269394,18,2.2449500000000002,0,dataset/masks_binary/over_ripe/20260430_115320.png,0,0,0.0
20260430_115330,20260430_115330.jpg,test,dataset/images/20260430_115330.jpg,dataset/masks_semantic/20260430_115330.png,dataset/masks_overall/20260430_115330.png,3000,4000,20,4000,3000,6,samsung,Galaxy S24 Ultra,2026:04:30 11:53:29,3216125,3108951,8bf7c9e18342b07dc5ec20a4827e23c2513014d68d427acc42500eaa30b2d594,84c7d33e07b68569263f5a0988c5fdfc63b1e3c4f3f478abeb3d013384a5c03c,332342,0,0,58545,105.337158203125,55.15541458129883,382.9427795410156,108.54337310791016,18,dataset/masks_binary/green_immature/20260430_115330.png,271463,18,2.2621916666666664,0,dataset/masks_binary/pale_pink/20260430_115330.png,0,0,0.0,1,dataset/masks_binary/pink_turns_purple/20260430_115330.png,43839,1,0.36532499999999996,1,dataset/masks_binary/fully_ripe/20260430_115330.png,17040,1,0.14200000000000002,0,dataset/masks_binary/over_ripe/20260430_115330.png,0,0,0.0
20260430_115340,20260430_115340.jpg,val,dataset/images/20260430_115340.jpg,dataset/masks_semantic/20260430_115340.png,dataset/masks_overall/20260430_115340.png,3000,4000,18,4000,3000,6,samsung,Galaxy S24 Ultra,2026:04:30 11:53:40,2920989,2747369,184aaca57762d24493f4a5bac3adac361d8a191ff4ba5eff3c559acab9865fcd,5814875921974e660cdd0673b7e068668e1cbc4ac714e9898fe33e99aa38145d,883417,1,0,87332,116.72271728515625,59.384605407714844,320.0630798339844,116.79535675048828,10,dataset/masks_binary/green_immature/20260430_115340.png,271762,12,2.2646833333333336,0,dataset/masks_binary/pale_pink/20260430_115340.png,0,0,0.0,2,dataset/masks_binary/pink_turns_purple/20260430_115340.png,74760,2,0.623,6,dataset/masks_binary/fully_ripe/20260430_115340.png,536896,6,4.4741333333333335,0,dataset/masks_binary/over_ripe/20260430_115340.png,0,0,0.0
20260430_115346,20260430_115346.jpg,train,dataset/images/20260430_115346.jpg,dataset/masks_semantic/20260430_115346.png,dataset/masks_overall/20260430_115346.png,3000,4000,40,4000,3000,6,samsung,Galaxy S24 Ultra,2026:04:30 11:53:46,3299774,3239887,35b9359192a49e3df15d825d82ca63413e1aa979dc6afb942741cd75e6c5cf10,b78db7942113aac8fe396e1fcd4e4760611eeef2564c5876eb39e4b96b7302c2,917980,2,0,137285,111.88687896728516,59.0934944152832,652.4879150390625,94.11355590820312,20,dataset/masks_binary/green_immature/20260430_115346.png,237023,23,1.9751916666666667,1,dataset/masks_binary/pale_pink/20260430_115346.png,21833,1,0.18194166666666667,0,dataset/masks_binary/pink_turns_purple/20260430_115346.png,0,0,0.0,19,dataset/masks_binary/fully_ripe/20260430_115346.png,659126,20,5.4927166666666665,0,dataset/masks_binary/over_ripe/20260430_115346.png,0,0,0.0
20260430_115351,20260430_115351.jpg,val,dataset/images/20260430_115351.jpg,dataset/masks_semantic/20260430_115351.png,dataset/masks_overall/20260430_115351.png,3000,4000,18,4000,3000,6,samsung,Galaxy S24 Ultra,2026:04:30 11:53:51,3084812,2899238,a85a9db3f987a27500350e4aeec8d5a5192935c0291819535513c713242aa7f8,7d0123d9c7b5fca821ea2fda29397253f2e4908c08f530e995bbefd0392a9a88,495718,0,0,61164,114.12468719482422,59.3403205871582,177.1728973388672,83.63445281982422,11,dataset/masks_binary/green_immature/20260430_115351.png,275352,11,2.2946,0,dataset/masks_binary/pale_pink/20260430_115351.png,0,0,0.0,0,dataset/masks_binary/pink_turns_purple/20260430_115351.png,0,0,0.0,7,dataset/masks_binary/fully_ripe/20260430_115351.png,220366,7,1.8363833333333333,0,dataset/masks_binary/over_ripe/20260430_115351.png,0,0,0.0
20260430_115358,20260430_115358.jpg,test,dataset/images/20260430_115358.jpg,dataset/masks_semantic/20260430_115358.png,dataset/masks_overall/20260430_115358.png,3000,4000,6,4000,3000,6,samsung,Galaxy S24 Ultra,2026:04:30 11:53:58,3232073,3092844,54009cf6a9b5dd7a82881f9ac3bdb756a4494f5e14c66276f97a228f47118496,1540b3e51ff2c199dfbe7756a571c184c1f9a483dc5524c7a742a151778176c4,196577,1,0,23107,119.1407241821289,59.64955520629883,357.81982421875,75.36935424804688,0,dataset/masks_binary/green_immature/20260430_115358.png,0,0,0.0,2,dataset/masks_binary/pale_pink/20260430_115358.png,27136,3,0.22613333333333335,0,dataset/masks_binary/pink_turns_purple/20260430_115358.png,0,0,0.0,4,dataset/masks_binary/fully_ripe/20260430_115358.png,169442,4,1.4120166666666667,0,dataset/masks_binary/over_ripe/20260430_115358.png,0,0,0.0
20260430_115429,20260430_115429.jpg,train,dataset/images/20260430_115429.jpg,dataset/masks_semantic/20260430_115429.png,dataset/masks_overall/20260430_115429.png,3000,4000,106,4000,3000,6,samsung,Galaxy S24 Ultra,2026:04:30 11:54:29,3775790,3897828,af55b487bf384de190b13113bf12516fdef4a843046b26358f48eed829574f1e,6203adb03efae5453f39906f08da7267f06aec8e8c82dcd9d0a0f386c07a568f,364644,57,0,135872,112.19644165039062,58.891456604003906,1583.1044921875,96.22452545166016,49,dataset/masks_binary/green_immature/20260430_115429.png,131272,52,1.0939333333333334,1,dataset/masks_binary/pale_pink/20260430_115429.png,10989,1,0.091575,0,dataset/masks_binary/pink_turns_purple/20260430_115429.png,0,0,0.0,56,dataset/masks_binary/fully_ripe/20260430_115429.png,222410,60,1.8534166666666667,0,dataset/masks_binary/over_ripe/20260430_115429.png,0,0,0.0
20260430_115440,20260430_115440.jpg,test,dataset/images/20260430_115440.jpg,dataset/masks_semantic/20260430_115440.png,dataset/masks_overall/20260430_115440.png,3000,4000,19,4000,3000,6,samsung,Galaxy S24 Ultra,2026:04:30 11:54:40,2974260,2894675,a060961ba6c503eb9ce61ad80c73de3165beeb4b310eda69ca38c6df04347f1b,59024c7f0771fe5eb9d76f0cf90e814907fee0ab008c481b74f8b548e58c635d,310698,0,0,57172,111.20403289794922,65.62144470214844,629.7533569335938,107.6098403930664,13,dataset/masks_binary/green_immature/20260430_115440.png,173417,15,1.4451416666666665,1,dataset/masks_binary/pale_pink/20260430_115440.png,26998,1,0.22498333333333334,1,dataset/masks_binary/pink_turns_purple/20260430_115440.png,19706,1,0.16421666666666668,4,dataset/masks_binary/fully_ripe/20260430_115440.png,90577,4,0.7548083333333334,0,dataset/masks_binary/over_ripe/20260430_115440.png,0,0,0.0
20260430_115505,20260430_115505.jpg,test,dataset/images/20260430_115505.jpg,dataset/masks_semantic/20260430_115505.png,dataset/masks_overall/20260430_115505.png,3000,4000,27,4000,3000,6,samsung,Galaxy S24 Ultra,2026:04:30 11:55:05,3036802,2906369,d83f91797ac95cf0e474e9dc78c367cf115d2a5992030dae11d5de862415d07b,04d6f92f81eeab33c1ffcbe0dd6a8067154492af68082286eb3013fa118e2c66,358051,2,0,69429,127.73213958740234,66.78024291992188,446.7490539550781,81.81497955322266,17,dataset/masks_binary/green_immature/20260430_115505.png,164002,18,1.3666833333333333,1,dataset/masks_binary/pale_pink/20260430_115505.png,6792,1,0.0566,1,dataset/masks_binary/pink_turns_purple/20260430_115505.png,32088,1,0.2674,8,dataset/masks_binary/fully_ripe/20260430_115505.png,155171,9,1.2930916666666668,0,dataset/masks_binary/over_ripe/20260430_115505.png,0,0,0.0
20260430_115510,20260430_115510.jpg,test,dataset/images/20260430_115510.jpg,dataset/masks_semantic/20260430_115510.png,dataset/masks_overall/20260430_115510.png,3000,4000,46,4000,3000,6,samsung,Galaxy S24 Ultra,2026:04:30 11:55:11,3472982,3567110,8be3d4b7b30170e5a3e1eead84f4424322a174701d75c80cfa1573b9d7d40562,697601232a58e3a0f4ff289964eb767e0c50dd396f83b0e1bba2e4f9bf2f29fc,425859,3,0,91973,113.63004302978516,48.309452056884766,1139.285400390625,151.8719024658203,33,dataset/masks_binary/green_immature/20260430_115510.png,293455,33,2.4454583333333333,1,dataset/masks_binary/pale_pink/20260430_115510.png,22422,1,0.18685,0,dataset/masks_binary/pink_turns_purple/20260430_115510.png,0,0,0.0,12,dataset/masks_binary/fully_ripe/20260430_115510.png,109985,12,0.9165416666666667,0,dataset/masks_binary/over_ripe/20260430_115510.png,0,0,0.0
20260430_115512,20260430_115512.jpg,train,dataset/images/20260430_115512.jpg,dataset/masks_semantic/20260430_115512.png,dataset/masks_overall/20260430_115512.png,3000,4000,28,4000,3000,6,samsung,Galaxy S24 Ultra,2026:04:30 11:55:12,3656159,3709601,5d2318130926a6878bd1b843109c07ab296a92c16b3ba9b89c26e3c0a78992c7,84060fc72755bb588bd50800b2a045ba3cc1ea936c9f422c268f903d8e9e869b,296393,8,0,64723,111.8177261352539,48.55746841430664,1273.5,160.33140563964844,13,dataset/masks_binary/green_immature/20260430_115512.png,98467,13,0.8205583333333334,1,dataset/masks_binary/pale_pink/20260430_115512.png,32029,1,0.2669083333333333,1,dataset/masks_binary/pink_turns_purple/20260430_115512.png,3263,1,0.027191666666666666,13,dataset/masks_binary/fully_ripe/20260430_115512.png,162632,13,1.3552666666666666,0,dataset/masks_binary/over_ripe/20260430_115512.png,0,0,0.0
20260430_115520,20260430_115520.jpg,test,dataset/images/20260430_115520.jpg,dataset/masks_semantic/20260430_115520.png,dataset/masks_overall/20260430_115520.png,3000,4000,21,4000,3000,6,samsung,Galaxy S24 Ultra,2026:04:30 11:55:20,3238258,3155016,d06ea1ff857e53cc43465611d0311503497c1ca77444512277f7fb7f0aed2ada,7ba61a5bc37b26bc8dbdf12f39d218b8459747517657c7c55502edb0b7b19106,721242,2,0,86475,99.1610107421875,48.61931228637695,484.7169494628906,119.84033203125,19,dataset/masks_binary/green_immature/20260430_115520.png,635795,20,5.298291666666667,2,dataset/masks_binary/pale_pink/20260430_115520.png,85449,2,0.712075,0,dataset/masks_binary/pink_turns_purple/20260430_115520.png,0,0,0.0,0,dataset/masks_binary/fully_ripe/20260430_115520.png,0,0,0.0,0,dataset/masks_binary/over_ripe/20260430_115520.png,0,0,0.0
20260430_115525,20260430_115525.jpg,train,dataset/images/20260430_115525.jpg,dataset/masks_semantic/20260430_115525.png,dataset/masks_overall/20260430_115525.png,3000,4000,11,4000,3000,6,samsung,Galaxy S24 Ultra,2026:04:30 11:55:25,3893115,3897029,8d906f537b916d1e8914725832bbc817c6eadb5e9042474558947ac8a9ab6a43,37177e8661acc3baa36a65bbeac9a0ea981968c6370b551188e2a86da81514f5,177377,0,0,29202,113.91848754882812,41.229461669921875,906.6809692382812,150.4681396484375,8,dataset/masks_binary/green_immature/20260430_115525.png,68672,8,0.5722666666666667,1,dataset/masks_binary/pale_pink/20260430_115525.png,34854,1,0.29045,0,dataset/masks_binary/pink_turns_purple/20260430_115525.png,0,0,0.0,2,dataset/masks_binary/fully_ripe/20260430_115525.png,73851,2,0.615425,0,dataset/masks_binary/over_ripe/20260430_115525.png,0,0,0.0
